{"type":"FeatureCollection","attribution":"(c) OpenStreetMap contributors, ODbL; logradouros: IBGE CNEFE Censo 2022 (4122206)","vias_index":[{"n":"Avenida Agrimensor Gildo Pinheiro da Luz","lat":-25.219561,"lon":-49.313422,"f":"osm"},{"n":"Avenida Brasil","lat":-25.188162,"lon":-49.302662,"f":"osm"},{"n":"Avenida Derson Costa","lat":-25.194395,"lon":-49.311626,"f":"osm"},{"n":"Avenida Derson Santana Costa","lat":-25.193972,"lon":-49.311599,"f":"cnefe"},{"n":"Avenida Ermirio de Moraes","lat":-25.192784,"lon":-49.318034,"f":"osm"},{"n":"Avenida Ermirio de Morais","lat":-25.193921,"lon":-49.316092,"f":"cnefe"},{"n":"Avenida Industrial","lat":-25.198725,"lon":-49.325686,"f":"osm"},{"n":"Avenida Manoel Muller de Siqueira","lat":-25.168976,"lon":-49.313655,"f":"cnefe"},{"n":"Avenida Nossa Senhora do Amparo","lat":-25.200849,"lon":-49.315615,"f":"osm"},{"n":"Barra da Santana (Capiru)","lat":-25.13839,"lon":-49.282002,"f":"cnefe"},{"n":"Barra da Santana (Santana)","lat":-25.11923,"lon":-49.22943,"f":"cnefe"},{"n":"Brasio Ismael da silva","lat":-25.1711,"lon":-49.317777,"f":"osm"},{"n":"Comunidade Lancinha","lat":-25.149165,"lon":-49.282076,"f":"cnefe"},{"n":"Comunidade Oristela","lat":-25.176328,"lon":-49.285777,"f":"cnefe"},{"n":"Comunidade Poco da Anta","lat":-25.084378,"lon":-49.374728,"f":"cnefe"},{"n":"Comunidade Possinho","lat":-25.217581,"lon":-49.262738,"f":"cnefe"},{"n":"Comunidade Teotonio","lat":-25.207413,"lon":-49.273295,"f":"cnefe"},{"n":"Descida Campina dos Pintos","lat":-25.213723,"lon":-49.245095,"f":"cnefe"},{"n":"Divisa Municipios Rio Branco Itaperucu PR 800","lat":-25.219901,"lon":-49.318385,"f":"cnefe"},{"n":"Divisa Paiol de Baixo","lat":-25.210077,"lon":-49.30186,"f":"cnefe"},{"n":"Entrada Principal de Ribeirinha","lat":-24.91233,"lon":-49.426532,"f":"cnefe"},{"n":"Entrada Tigre (Boqueirao da Serra)","lat":-25.093309,"lon":-49.167941,"f":"cnefe"},{"n":"Entrada Tigre (Santana)","lat":-25.118942,"lon":-49.196048,"f":"cnefe"},{"n":"Estrada Acungui","lat":-24.958162,"lon":-49.501233,"f":"cnefe"},{"n":"Estrada Acungui Sentido Taquaral","lat":-24.983501,"lon":-49.536494,"f":"cnefe"},{"n":"Estrada Agua (Agua Branca)","lat":-24.921455,"lon":-49.401296,"f":"cnefe"},{"n":"Estrada Agua Branca","lat":-24.937055,"lon":-49.471503,"f":"cnefe"},{"n":"Estrada Agua (Tres Barra)","lat":-24.920497,"lon":-49.470733,"f":"cnefe"},{"n":"Estrada Alexandre Dona","lat":-24.990332,"lon":-49.395752,"f":"cnefe"},{"n":"Estrada Alto do Pelado","lat":-25.122754,"lon":-49.319605,"f":"cnefe"},{"n":"Estrada Antinha","lat":-25.18355,"lon":-49.163427,"f":"cnefe"},{"n":"Estrada Antônio Fiorese","lat":-25.196372,"lon":-49.271901,"f":"osm"},{"n":"Estrada Araucarias","lat":-25.205917,"lon":-49.227249,"f":"cnefe"},{"n":"Estrada Areias do Rosario","lat":-24.979633,"lon":-49.412587,"f":"cnefe"},{"n":"Estrada Banhadal","lat":-25.027547,"lon":-49.481243,"f":"cnefe"},{"n":"Estrada Caete (Pinhal)","lat":-25.179241,"lon":-49.180642,"f":"cnefe"},{"n":"Estrada Caete (Poco Dante)","lat":-25.065955,"lon":-49.315185,"f":"cnefe"},{"n":"Estrada Caete (Santana)","lat":-25.10845,"lon":-49.274856,"f":"cnefe"},{"n":"Estrada Campina Pessegueiro","lat":-25.200879,"lon":-49.266105,"f":"cnefe"},{"n":"Estrada Campinas dos Pintos","lat":-25.219656,"lon":-49.241322,"f":"cnefe"},{"n":"Estrada Canta Galo (Areia do Rosorio)","lat":-24.978025,"lon":-49.411614,"f":"cnefe"},{"n":"Estrada Canta Galo (Quebra Funda)","lat":-25.021187,"lon":-49.37126,"f":"cnefe"},{"n":"Estrada Capiru","lat":-25.154368,"lon":-49.266235,"f":"cnefe"},{"n":"Estrada Capiru Boa Vista","lat":-25.176649,"lon":-49.271015,"f":"cnefe"},{"n":"Estrada Capiruzinho","lat":-25.217374,"lon":-49.280243,"f":"cnefe"},{"n":"Estrada Capiruzino","lat":-25.217374,"lon":-49.280243,"f":"cnefe"},{"n":"Estrada Coloninha","lat":-25.146633,"lon":-49.396371,"f":"cnefe"},{"n":"Estrada da Barra do Jacare","lat":-24.930171,"lon":-49.488787,"f":"cnefe"},{"n":"Estrada da Barra do Tigre","lat":-24.94586,"lon":-49.475456,"f":"cnefe"},{"n":"Estrada da Esperanca","lat":-24.958162,"lon":-49.501233,"f":"cnefe"},{"n":"Estrada da Olaria","lat":-25.158629,"lon":-49.348859,"f":"cnefe"},{"n":"Estrada da Quebrada Funda","lat":-24.996376,"lon":-49.448316,"f":"cnefe"},{"n":"Estrada da Represa","lat":-25.162457,"lon":-49.399256,"f":"cnefe"},{"n":"Estrada da Ribeira","lat":-25.06531,"lon":-49.094312,"f":"osm"},{"n":"Estrada da Ribeira Dois Irmaos","lat":-24.943017,"lon":-49.55953,"f":"cnefe"},{"n":"Estrada da Ribeira dos Costas","lat":-24.955512,"lon":-49.554902,"f":"cnefe"},{"n":"Estrada do Acungui (Corriola dos Franca)","lat":-25.019125,"lon":-49.473086,"f":"cnefe"},{"n":"Estrada do Acungui (Olaria)","lat":-25.108552,"lon":-49.415184,"f":"cnefe"},{"n":"Estrada do Acungui Sentido Acungui do","lat":-24.995727,"lon":-49.495053,"f":"cnefe"},{"n":"Estrada do Acungui Sentido Taquaral","lat":-24.981239,"lon":-49.490329,"f":"cnefe"},{"n":"Estrada do Acungui (Tigrinho)","lat":-24.987634,"lon":-49.481908,"f":"cnefe"},{"n":"Estrada do Alto Acungui","lat":-25.016057,"lon":-49.439455,"f":"cnefe"},{"n":"Estrada do Bonde","lat":-24.925901,"lon":-49.496163,"f":"cnefe"},{"n":"Estrada do Calcario","lat":-25.186186,"lon":-49.320904,"f":"cnefe"},{"n":"Estrada do Campo Chato","lat":-25.024013,"lon":-49.466755,"f":"cnefe"},{"n":"Estrada do Caprusinho","lat":-25.192817,"lon":-49.304305,"f":"cnefe"},{"n":"Estrada do Corriola do Itaretama","lat":-25.09661,"lon":-49.396476,"f":"cnefe"},{"n":"Estrada do Corriola Itaretama","lat":-25.083397,"lon":-49.413722,"f":"cnefe"},{"n":"Estrada do Jacare","lat":-24.946056,"lon":-49.499293,"f":"cnefe"},{"n":"Estrada do Jacare 2","lat":-24.946596,"lon":-49.505712,"f":"cnefe"},{"n":"Estrada do Jacare da Ribeira","lat":-24.942057,"lon":-49.51511,"f":"cnefe"},{"n":"Estrada do Rio Abaixo","lat":-25.17502,"lon":-49.344605,"f":"osm"},{"n":"Estrada do Tigre (Estrada das Toquinhas)","lat":-25.164243,"lon":-49.282026,"f":"cnefe"},{"n":"Estrada do Tigre (Santana)","lat":-25.118688,"lon":-49.211048,"f":"cnefe"},{"n":"Estrada do Tigre (Sao Pedro)","lat":-25.141472,"lon":-49.234248,"f":"cnefe"},{"n":"Estrada do Tigrinho","lat":-24.966449,"lon":-49.493397,"f":"cnefe"},{"n":"Estrada do Vuturuvu (Borges 2)","lat":-25.040707,"lon":-49.446373,"f":"cnefe"},{"n":"Estrada do Vuturuvu (Olaria)","lat":-25.110885,"lon":-49.423598,"f":"cnefe"},{"n":"Estrada dos Cordeiros","lat":-25.158629,"lon":-49.348859,"f":"cnefe"},{"n":"Estrada dos Moreiras","lat":-24.95014,"lon":-49.52081,"f":"cnefe"},{"n":"Estrada Engenheiro Nelson Pini","lat":-25.178468,"lon":-49.334072,"f":"cnefe"},{"n":"Estrada Ereia do Rosario","lat":-24.979633,"lon":-49.412587,"f":"cnefe"},{"n":"Estrada Estra Jacare da Ribeira","lat":-24.935448,"lon":-49.508528,"f":"cnefe"},{"n":"Estrada Florestal","lat":-25.035104,"lon":-49.504094,"f":"cnefe"},{"n":"Estrada Itaretama","lat":-25.163709,"lon":-49.36311,"f":"cnefe"},{"n":"Estrada Itupava","lat":-25.099517,"lon":-49.280874,"f":"cnefe"},{"n":"Estrada Jacare","lat":-24.987113,"lon":-49.482341,"f":"cnefe"},{"n":"Estrada Jacare ao Acungui","lat":-24.949514,"lon":-49.475627,"f":"cnefe"},{"n":"Estrada Jacare ao Porto Nacional","lat":-24.924003,"lon":-49.498997,"f":"cnefe"},{"n":"Estrada Jacare da Ribeira","lat":-24.9342,"lon":-49.511254,"f":"cnefe"},{"n":"Estrada Jacare II","lat":-24.941159,"lon":-49.49671,"f":"cnefe"},{"n":"Estrada Joaquim Bento","lat":-25.002216,"lon":-49.488135,"f":"cnefe"},{"n":"Estrada Lancinha","lat":-25.165567,"lon":-49.290651,"f":"cnefe"},{"n":"Estrada Lavra","lat":-25.190574,"lon":-49.217895,"f":"cnefe"},{"n":"Estrada Limoeiro Barrinha (Piedade)","lat":-25.083614,"lon":-49.261439,"f":"cnefe"},{"n":"Estrada Limoeiro Barrinha (Votuverava)","lat":-25.141798,"lon":-49.296385,"f":"cnefe"},{"n":"Estrada Limoeiro (Capiru)","lat":-25.13486,"lon":-49.282821,"f":"cnefe"},{"n":"Estrada Limoeiro (Lancinha)","lat":-25.164125,"lon":-49.289426,"f":"cnefe"},{"n":"Estrada Limoeiro (Santana)","lat":-25.087104,"lon":-49.221142,"f":"cnefe"},{"n":"Estrada Mina de Ferro","lat":-25.207425,"lon":-49.286639,"f":"cnefe"},{"n":"Estrada Oficial dos Cordeiros","lat":-25.138575,"lon":-49.371556,"f":"cnefe"},{"n":"Estrada Organzinho","lat":-25.004064,"lon":-49.414518,"f":"cnefe"},{"n":"Estrada para Sede Municipal","lat":-24.98876,"lon":-49.478173,"f":"cnefe"},{"n":"Estrada Pernambuco","lat":-25.197063,"lon":-49.265349,"f":"cnefe"},{"n":"Estrada Piedade","lat":-25.053328,"lon":-49.303599,"f":"cnefe"},{"n":"Estrada Plantec","lat":-25.093655,"lon":-49.28621,"f":"cnefe"},{"n":"Estrada Possinho","lat":-25.219677,"lon":-49.262847,"f":"cnefe"},{"n":"Estrada Principal Capiru","lat":-25.210914,"lon":-49.296712,"f":"cnefe"},{"n":"Estrada Principal Capiruzinho (Capiru)","lat":-25.179566,"lon":-49.283254,"f":"cnefe"},{"n":"Estrada Principal Capiruzinho (Cavassin)","lat":-25.154881,"lon":-49.266473,"f":"cnefe"},{"n":"Estrada Principal da Agua Branca","lat":-24.96382,"lon":-49.444968,"f":"cnefe"},{"n":"Estrada Principal da Limeira","lat":-25.010186,"lon":-49.451914,"f":"cnefe"},{"n":"Estrada Principal da Piedade","lat":-24.908643,"lon":-49.398702,"f":"cnefe"},{"n":"Estrada Principal da Ribeira","lat":-24.942896,"lon":-49.424294,"f":"cnefe"},{"n":"Estrada Principal de Agua Branca","lat":-24.96382,"lon":-49.444968,"f":"cnefe"},{"n":"Estrada Principal de Areias do Rosario","lat":-24.967942,"lon":-49.423185,"f":"cnefe"},{"n":"Estrada Principal de Bom Sucesso","lat":-24.990507,"lon":-49.417569,"f":"cnefe"},{"n":"Estrada Principal de Corriolinha","lat":-24.986327,"lon":-49.46,"f":"cnefe"},{"n":"Estrada Principal de Encantilado","lat":-25.002703,"lon":-49.488583,"f":"cnefe"},{"n":"Estrada Principal de Itaretama","lat":-25.096343,"lon":-49.398584,"f":"cnefe"},{"n":"Estrada Principal de Lageado","lat":-24.974177,"lon":-49.451636,"f":"cnefe"},{"n":"Estrada Principal de Palmitalzinho","lat":-24.986812,"lon":-49.446139,"f":"cnefe"},{"n":"Estrada Principal de Pinhal","lat":-25.02147,"lon":-49.432963,"f":"cnefe"},{"n":"Estrada Principal de Pouso Bonito","lat":-24.953074,"lon":-49.426373,"f":"cnefe"},{"n":"Estrada Principal de Ribeira da Piedad","lat":-24.904114,"lon":-49.409022,"f":"cnefe"},{"n":"Estrada Principal de Ribeirinha","lat":-24.91233,"lon":-49.426532,"f":"cnefe"},{"n":"Estrada Principal de Rio Abaixo da Pie","lat":-24.910842,"lon":-49.394374,"f":"cnefe"},{"n":"Estrada Principal de Rio Branco Bocaiuva","lat":-25.197253,"lon":-49.193273,"f":"cnefe"},{"n":"Estrada Principal de Sao Vicente","lat":-25.009773,"lon":-49.423985,"f":"cnefe"},{"n":"Estrada Principal do Acungui (Corriola dos Franca)","lat":-25.016014,"lon":-49.471486,"f":"cnefe"},{"n":"Estrada Principal do Acungui (Poco Bonito)","lat":-24.996376,"lon":-49.448316,"f":"cnefe"},{"n":"Estrada Principal do Acungui (Sao Vicente)","lat":-25.032905,"lon":-49.432745,"f":"cnefe"},{"n":"Estrada Principal do Alto Acungui","lat":-25.016514,"lon":-49.465267,"f":"cnefe"},{"n":"Estrada Principal do Canelao","lat":-25.183,"lon":-49.375965,"f":"cnefe"},{"n":"Estrada Principal do Corrilinha","lat":-24.986327,"lon":-49.46,"f":"cnefe"},{"n":"Estrada Principal do Florestal","lat":-25.036192,"lon":-49.497058,"f":"cnefe"},{"n":"Estrada Principal do Jacare 1","lat":-24.928605,"lon":-49.495245,"f":"cnefe"},{"n":"Estrada Principal do Jacarezinho","lat":-24.967323,"lon":-49.509112,"f":"cnefe"},{"n":"Estrada Principal do Trigre","lat":-25.182344,"lon":-49.273107,"f":"cnefe"},{"n":"Estrada Principal do Vuturuvu (Vuturuvu)","lat":-25.088175,"lon":-49.474635,"f":"cnefe"},{"n":"Estrada Principal do Vuturuvu (Vuturuvu dos Espanhois)","lat":-25.116675,"lon":-49.432025,"f":"cnefe"},{"n":"Estrada Principal Jacare 1","lat":-24.926987,"lon":-49.510015,"f":"cnefe"},{"n":"Estrada Principal Oristela","lat":-25.188569,"lon":-49.272787,"f":"cnefe"},{"n":"Estrada Quebrada Funda","lat":-25.01752,"lon":-49.362508,"f":"cnefe"},{"n":"Estrada Queimadas","lat":-25.137875,"lon":-49.259204,"f":"cnefe"},{"n":"Estrada Ribeira","lat":-24.998096,"lon":-49.413043,"f":"cnefe"},{"n":"Estrada Ribeira dos Costa","lat":-24.960071,"lon":-49.552968,"f":"cnefe"},{"n":"Estrada Ribeira dos Costas","lat":-24.958162,"lon":-49.501233,"f":"cnefe"},{"n":"Estrada Riberinha (Ribeirinha)","lat":-24.909908,"lon":-49.430992,"f":"cnefe"},{"n":"Estrada Riberinha (Tres Barra)","lat":-24.922476,"lon":-49.457227,"f":"cnefe"},{"n":"Estrada Santa Clara (Pernambuco)","lat":-25.188142,"lon":-49.248901,"f":"cnefe"},{"n":"Estrada Santa Clara (Pinhal)","lat":-25.190174,"lon":-49.169442,"f":"cnefe"},{"n":"Estrada Santa Cruz","lat":-25.15918,"lon":-49.39924,"f":"cnefe"},{"n":"Estrada Santa Cruz 2","lat":-25.167732,"lon":-49.400928,"f":"cnefe"},{"n":"Estrada Santiago","lat":-25.197233,"lon":-49.346287,"f":"osm"},{"n":"Estrada Serra do Gromado","lat":-25.05868,"lon":-49.372744,"f":"cnefe"},{"n":"Estrada Simaozinho","lat":-25.15838,"lon":-49.31762,"f":"cnefe"},{"n":"Estrada Tacanica dos Costas","lat":-25.146777,"lon":-49.445606,"f":"cnefe"},{"n":"Estrada Tacanica dos Nazares","lat":-25.155392,"lon":-49.378022,"f":"cnefe"},{"n":"Estrada Tacanica dos Nazarios","lat":-25.130949,"lon":-49.416881,"f":"cnefe"},{"n":"Estrada Teotonho","lat":-25.218867,"lon":-49.279889,"f":"cnefe"},{"n":"Estrada Tigre (Capiruzinho)","lat":-25.171696,"lon":-49.265715,"f":"cnefe"},{"n":"Estrada Tigre (Sao Pedro)","lat":-25.119281,"lon":-49.207469,"f":"cnefe"},{"n":"Estrada Tigrinho (Boqueirao da Serra)","lat":-25.095076,"lon":-49.168903,"f":"cnefe"},{"n":"Estrada Tigrinho (Santana)","lat":-25.117055,"lon":-49.202747,"f":"cnefe"},{"n":"Estrada Toquinhas","lat":-25.168193,"lon":-49.304557,"f":"cnefe"},{"n":"Estrada Vila Nova","lat":-25.08262,"lon":-49.392832,"f":"cnefe"},{"n":"Estrada Vuturuvu Tacanica (Acungui do Meio)","lat":-25.109012,"lon":-49.45096,"f":"cnefe"},{"n":"Estrada Vuturuvu Tacanica (Vuturuvu)","lat":-25.126923,"lon":-49.427786,"f":"cnefe"},{"n":"Extensao Principal do Jacare 1","lat":-24.934575,"lon":-49.521806,"f":"cnefe"},{"n":"Fazenda da Lanca","lat":-25.141187,"lon":-49.258624,"f":"cnefe"},{"n":"Povoado Queimadinho","lat":-25.09603,"lon":-49.093137,"f":"cnefe"},{"n":"Povoado Santana Bom Jardim","lat":-25.13997,"lon":-49.166568,"f":"cnefe"},{"n":"Povoado Sao Pedro","lat":-25.170578,"lon":-49.206531,"f":"cnefe"},{"n":"Praça Castelo Branco","lat":-25.187639,"lon":-49.315983,"f":"osm"},{"n":"Quilometro 28","lat":-25.208078,"lon":-49.310826,"f":"cnefe"},{"n":"Regiao Borges","lat":-25.179846,"lon":-49.361296,"f":"cnefe"},{"n":"Regiao Borges 2","lat":-25.184888,"lon":-49.367973,"f":"cnefe"},{"n":"Regiao das Palmeirinhas","lat":-25.169761,"lon":-49.372994,"f":"cnefe"},{"n":"Regiao do Bromadinho","lat":-25.178821,"lon":-49.37869,"f":"cnefe"},{"n":"Rodovia 476","lat":-25.113467,"lon":-49.100758,"f":"cnefe"},{"n":"Rodovia dos Minérios","lat":-25.214302,"lon":-49.306218,"f":"osm"},{"n":"Rodovia Engenheiro Nelson Pini","lat":-25.185599,"lon":-49.322403,"f":"cnefe"},{"n":"Rodovia Estadual","lat":-25.172028,"lon":-49.375156,"f":"cnefe"},{"n":"Rodovia Gertrudes Manger da Rosa (Bromado)","lat":-25.083282,"lon":-49.37389,"f":"cnefe"},{"n":"Rodovia Gertrudes Manger da Rosa (Estrada da Pinta)","lat":-25.017894,"lon":-49.346886,"f":"cnefe"},{"n":"Rodovia Gertrudes Manger da Rosa (Itupava)","lat":-25.122754,"lon":-49.319605,"f":"cnefe"},{"n":"Rodovia Gertrudes Manguer da Rosa","lat":-25.122317,"lon":-49.346986,"f":"osm"},{"n":"Rodovia Minerios KM 25","lat":-25.221899,"lon":-49.299002,"f":"cnefe"},{"n":"Rodovia PR 092","lat":-25.219685,"lon":-49.324035,"f":"cnefe"},{"n":"Rodovia PR 92","lat":-25.179849,"lon":-49.320539,"f":"cnefe"},{"n":"Rua 1 (Centro)","lat":-25.188209,"lon":-49.30783,"f":"cnefe"},{"n":"Rua 1 (Santaria 2)","lat":-25.21477,"lon":-49.302729,"f":"cnefe"},{"n":"Rua 11 de Outubro","lat":-25.189687,"lon":-49.309525,"f":"cnefe"},{"n":"Rua 13 de Maio","lat":-25.181663,"lon":-49.313192,"f":"cnefe"},{"n":"Rua 2 (Jardim Garcia)","lat":-25.185666,"lon":-49.31904,"f":"cnefe"},{"n":"Rua 2 (Santaria 2)","lat":-25.21562,"lon":-49.302852,"f":"cnefe"},{"n":"Rua 3","lat":-25.216656,"lon":-49.301882,"f":"osm"},{"n":"Rua 4","lat":-25.185948,"lon":-49.322775,"f":"cnefe"},{"n":"Rua 5","lat":-25.176304,"lon":-49.318792,"f":"cnefe"},{"n":"Rua 7 de Abril","lat":-25.18045,"lon":-49.313731,"f":"cnefe"},{"n":"Rua 7 de Setembro","lat":-25.185946,"lon":-49.31369,"f":"osm"},{"n":"Rua a","lat":-25.192096,"lon":-49.299223,"f":"cnefe"},{"n":"Rua Abrahan Lincoln","lat":-25.190513,"lon":-49.310327,"f":"osm"},{"n":"Rua Abrahão Elias","lat":-25.187485,"lon":-49.312995,"f":"osm"},{"n":"Rua Abrahao M Elias","lat":-25.187588,"lon":-49.312993,"f":"cnefe"},{"n":"Rua Acácia","lat":-25.196083,"lon":-49.300831,"f":"osm"},{"n":"Rua Acre","lat":-25.18905,"lon":-49.30382,"f":"osm"},{"n":"Rua Açungui","lat":-25.178234,"lon":-49.314341,"f":"osm"},{"n":"Rua Agremessor Gildo Pinheiro","lat":-25.181578,"lon":-49.315585,"f":"cnefe"},{"n":"Rua Agrimensor Gildo Pinheiro","lat":-25.181697,"lon":-49.315172,"f":"osm"},{"n":"Rua Agrimenssor Gil do Pinheiro","lat":-25.181942,"lon":-49.314473,"f":"cnefe"},{"n":"Rua Aires Kachoroski","lat":-25.216077,"lon":-49.303347,"f":"osm"},{"n":"Rua Alaor Pinto Ferro","lat":-25.191355,"lon":-49.315035,"f":"osm"},{"n":"Rua Alceu Schmidt","lat":-25.184251,"lon":-49.301873,"f":"cnefe"},{"n":"Rua Alice Costa","lat":-25.171631,"lon":-49.31241,"f":"osm"},{"n":"Rua Alo Brandt","lat":-25.198819,"lon":-49.306034,"f":"osm"},{"n":"Rua Altamir Abraão","lat":-25.17568,"lon":-49.31843,"f":"osm"},{"n":"Rua Altamir Abrao","lat":-25.175643,"lon":-49.318801,"f":"cnefe"},{"n":"Rua Amazonas","lat":-25.187214,"lon":-49.304297,"f":"osm"},{"n":"Rua Américo de Souza","lat":-25.191186,"lon":-49.322542,"f":"osm"},{"n":"Rua Ana Cristo","lat":-25.20259,"lon":-49.317787,"f":"osm"},{"n":"Rua Angelina S Veloso","lat":-25.19052,"lon":-49.306255,"f":"osm"},{"n":"Rua Anjico","lat":-25.196101,"lon":-49.300366,"f":"osm"},{"n":"Rua Anna Kulik","lat":-25.205167,"lon":-49.272572,"f":"cnefe"},{"n":"Rua Anna Maria Xavier Kulik","lat":-25.205392,"lon":-49.272519,"f":"cnefe"},{"n":"Rua Antonio Artigas de Miranda","lat":-25.202717,"lon":-49.302207,"f":"cnefe"},{"n":"Rua Antonio Bomfim dos Santos","lat":-25.170367,"lon":-49.320416,"f":"cnefe"},{"n":"Rua Antonio Bonfim dos Santos","lat":-25.168068,"lon":-49.312594,"f":"osm"},{"n":"Rua Antônio Costa","lat":-25.172494,"lon":-49.313472,"f":"osm"},{"n":"Rua Antonio Costa Rosa","lat":-25.166997,"lon":-49.311074,"f":"osm"},{"n":"Rua Antônio de Barros Teixeira","lat":-25.180644,"lon":-49.316139,"f":"osm"},{"n":"Rua Antônio de Faria","lat":-25.19151,"lon":-49.321052,"f":"osm"},{"n":"Rua Antônio de Freitas","lat":-25.180551,"lon":-49.311469,"f":"osm"},{"n":"Rua Antônio Elias","lat":-25.175488,"lon":-49.314395,"f":"osm"},{"n":"Rua Antônio Fiorese","lat":-25.192191,"lon":-49.301272,"f":"osm"},{"n":"Rua Antônio Nunes","lat":-25.1885,"lon":-49.301426,"f":"osm"},{"n":"Rua Antônio Orlando Nodari","lat":-25.194845,"lon":-49.308539,"f":"osm"},{"n":"Rua Antônio Ozório","lat":-25.178592,"lon":-49.318715,"f":"osm"},{"n":"Rua Antônio Souza Rosa","lat":-25.173638,"lon":-49.319114,"f":"osm"},{"n":"Rua Araça","lat":-25.195803,"lon":-49.303817,"f":"osm"},{"n":"Rua Arapongas","lat":-25.186235,"lon":-49.300535,"f":"osm"},{"n":"Rua Araras","lat":-25.226719,"lon":-49.260479,"f":"osm"},{"n":"Rua Arobira","lat":-25.196105,"lon":-49.300013,"f":"osm"},{"n":"Rua Assungui","lat":-25.171211,"lon":-49.352671,"f":"cnefe"},{"n":"Rua B","lat":-25.17943,"lon":-49.319112,"f":"osm"},{"n":"Rua Barbara Lechinski","lat":-25.186701,"lon":-49.301332,"f":"cnefe"},{"n":"Rua Barbara M Wosch","lat":-25.188709,"lon":-49.306517,"f":"cnefe"},{"n":"Rua Barbara Wosch","lat":-25.189196,"lon":-49.306417,"f":"osm"},{"n":"Rua Beija Flor","lat":-25.18586,"lon":-49.301075,"f":"osm"},{"n":"Rua Belmiro Gouveia","lat":-25.20428,"lon":-49.324303,"f":"osm"},{"n":"Rua Bem Te Vi","lat":-25.184997,"lon":-49.301257,"f":"osm"},{"n":"Rua Benedito","lat":-25.180792,"lon":-49.318185,"f":"osm"},{"n":"Rua Benedito Gonçalves","lat":-25.178856,"lon":-49.317815,"f":"osm"},{"n":"Rua Benjamin Bontorim","lat":-25.189076,"lon":-49.317553,"f":"cnefe"},{"n":"Rua Benjamin Bontorin","lat":-25.188962,"lon":-49.317337,"f":"osm"},{"n":"Rua Benjamin Boutorim","lat":-25.189076,"lon":-49.317553,"f":"cnefe"},{"n":"Rua Benjamin Constant","lat":-25.207544,"lon":-49.324209,"f":"osm"},{"n":"Rua Benjamin Costa","lat":-25.173487,"lon":-49.316887,"f":"osm"},{"n":"Rua Bento Gonçalves","lat":-25.189303,"lon":-49.322578,"f":"osm"},{"n":"Rua Bernardo Cruz","lat":-25.169497,"lon":-49.310373,"f":"osm"},{"n":"Rua Boa Vista","lat":-25.174249,"lon":-49.252206,"f":"cnefe"},{"n":"Rua Bom Jesus","lat":-25.206374,"lon":-49.324821,"f":"cnefe"},{"n":"Rua Bom Pastor","lat":-25.222076,"lon":-49.298094,"f":"cnefe"},{"n":"Rua Borges de Medeiros","lat":-25.183878,"lon":-49.311392,"f":"osm"},{"n":"Rua Brasil","lat":-25.188587,"lon":-49.304388,"f":"cnefe"},{"n":"Rua Brasilino Pedroso Simão dos Santos","lat":-25.17133,"lon":-49.319868,"f":"osm"},{"n":"Rua Brasio Ismael da Silva","lat":-25.171248,"lon":-49.317703,"f":"cnefe"},{"n":"Rua C","lat":-25.182411,"lon":-49.315499,"f":"cnefe"},{"n":"Rua Cacilda Alves de Castro","lat":-25.204852,"lon":-49.292456,"f":"cnefe"},{"n":"Rua Camilo","lat":-25.188735,"lon":-49.322843,"f":"osm"},{"n":"Rua Campina dos Baitaca","lat":-25.14868,"lon":-49.23326,"f":"cnefe"},{"n":"Rua Campina dos Pintos","lat":-25.219843,"lon":-49.242877,"f":"cnefe"},{"n":"Rua Canário","lat":-25.184912,"lon":-49.301984,"f":"osm"},{"n":"Rua Canela","lat":-25.19758,"lon":-49.299355,"f":"osm"},{"n":"Rua Capiru do Boa Vista","lat":-25.166107,"lon":-49.249152,"f":"cnefe"},{"n":"Rua Carlos Brandt","lat":-25.19614,"lon":-49.312955,"f":"osm"},{"n":"Rua Carlos Cavalcante","lat":-25.1942,"lon":-49.312444,"f":"osm"},{"n":"Rua Carolina B. Zen de Cristo","lat":-25.190745,"lon":-49.315815,"f":"osm"},{"n":"Rua Carolina Beatrice Zen de Cristo","lat":-25.19066,"lon":-49.315462,"f":"cnefe"},{"n":"Rua Castelo Branco","lat":-25.182846,"lon":-49.318172,"f":"osm"},{"n":"Rua Castro Alvez","lat":-25.199623,"lon":-49.314321,"f":"cnefe"},{"n":"Rua Ceará","lat":-25.189998,"lon":-49.304603,"f":"osm"},{"n":"Rua Cedro","lat":-25.195,"lon":-49.297755,"f":"osm"},{"n":"Rua Cel Carlos Pioli com Domingos de Faria","lat":-25.189106,"lon":-49.313501,"f":"cnefe"},{"n":"Rua Cerejeira","lat":-25.197,"lon":-49.299068,"f":"osm"},{"n":"Rua Chile","lat":-25.195915,"lon":-49.307747,"f":"cnefe"},{"n":"Rua Cinco","lat":-25.18002,"lon":-49.31714,"f":"osm"},{"n":"Rua Clarinda Martins Santana","lat":-25.189615,"lon":-49.319245,"f":"osm"},{"n":"Rua Coelho Neto","lat":-25.18415,"lon":-49.309565,"f":"osm"},{"n":"Rua Coleirinho","lat":-25.18474,"lon":-49.302267,"f":"cnefe"},{"n":"Rua Colerinho","lat":-25.184475,"lon":-49.302478,"f":"osm"},{"n":"Rua Coloninha","lat":-25.140718,"lon":-49.380248,"f":"cnefe"},{"n":"Rua Coqueiros","lat":-25.19553,"lon":-49.298343,"f":"osm"},{"n":"Rua Coronel Carlos Pioli","lat":-25.191115,"lon":-49.313251,"f":"osm"},{"n":"Rua Coronel Carlos Piolli","lat":-25.190607,"lon":-49.31345,"f":"cnefe"},{"n":"Rua Corriola","lat":-25.039165,"lon":-49.469476,"f":"cnefe"},{"n":"Rua Corriola dos Franca","lat":-25.014005,"lon":-49.491414,"f":"cnefe"},{"n":"Rua Corruira","lat":-25.184351,"lon":-49.30306,"f":"cnefe"},{"n":"Rua Curruira","lat":-25.18391,"lon":-49.30286,"f":"osm"},{"n":"Rua D","lat":-25.180122,"lon":-49.319501,"f":"cnefe"},{"n":"Rua da Brascal","lat":-25.210768,"lon":-49.307936,"f":"osm"},{"n":"Rua da Caixa da Agua","lat":-25.221823,"lon":-49.298564,"f":"cnefe"},{"n":"Rua da ESCOLA.","lat":-25.18393,"lon":-49.30446,"f":"osm"},{"n":"Rua da Granisul","lat":-25.21007,"lon":-49.307739,"f":"osm"},{"n":"Rua da Hume","lat":-25.22052,"lon":-49.298329,"f":"cnefe"},{"n":"Rua Dalila da Cruz Pilar","lat":-25.167996,"lon":-49.308994,"f":"osm"},{"n":"Rua das Andorinhas","lat":-25.175997,"lon":-49.312164,"f":"osm"},{"n":"Rua das Araucarias","lat":-25.22,"lon":-49.265585,"f":"cnefe"},{"n":"Rua das Orquideas","lat":-25.16968,"lon":-49.312339,"f":"cnefe"},{"n":"Rua das Rosas","lat":-25.169227,"lon":-49.30884,"f":"osm"},{"n":"Rua do Calcario","lat":-25.21177,"lon":-49.306949,"f":"cnefe"},{"n":"Rua do Capicusinho","lat":-25.193717,"lon":-49.299379,"f":"cnefe"},{"n":"Rua do Pelado (Caete)","lat":-25.03086,"lon":-49.332091,"f":"cnefe"},{"n":"Rua do Pelado (Pinta)","lat":-25.122754,"lon":-49.319605,"f":"cnefe"},{"n":"Rua do Pocinho","lat":-25.219843,"lon":-49.26307,"f":"cnefe"},{"n":"Rua Dois","lat":-25.186387,"lon":-49.309297,"f":"osm"},{"n":"Rua Dom Pedro","lat":-25.18607,"lon":-49.315312,"f":"osm"},{"n":"Rua Dom Pedro II","lat":-25.185975,"lon":-49.315419,"f":"cnefe"},{"n":"Rua Domingos Alessandro Nodari","lat":-25.184477,"lon":-49.313521,"f":"osm"},{"n":"Rua Domingos de Faria","lat":-25.187435,"lon":-49.313179,"f":"osm"},{"n":"Rua dos Ferroviários","lat":-25.199818,"lon":-49.314476,"f":"osm"},{"n":"Rua Doutor Zony","lat":-25.186659,"lon":-49.313945,"f":"osm"},{"n":"Rua Dulcília de Cristo Rocha","lat":-25.192364,"lon":-49.30378,"f":"osm"},{"n":"Rua Duque Caxias","lat":-25.184628,"lon":-49.317048,"f":"cnefe"},{"n":"Rua Duque de Caxias","lat":-25.184598,"lon":-49.316289,"f":"osm"},{"n":"Rua e","lat":-25.168465,"lon":-49.308396,"f":"cnefe"},{"n":"Rua Eduardo Alves Ribeiro","lat":-25.187657,"lon":-49.309241,"f":"osm"},{"n":"Rua Elias Antônio","lat":-25.192925,"lon":-49.31559,"f":"osm"},{"n":"Rua Elpídio Costa","lat":-25.189212,"lon":-49.319172,"f":"osm"},{"n":"Rua Epitácio Pessoa","lat":-25.180031,"lon":-49.314535,"f":"osm"},{"n":"Rua Ercília Borges dos Santos","lat":-25.186248,"lon":-49.32268,"f":"osm"},{"n":"Rua Ermirio de Moraes","lat":-25.194934,"lon":-49.316083,"f":"cnefe"},{"n":"Rua Ernani Costa","lat":-25.170983,"lon":-49.31228,"f":"osm"},{"n":"Rua Espírito Santo","lat":-25.190341,"lon":-49.303387,"f":"osm"},{"n":"Rua Estrada do Capirusinho","lat":-25.193413,"lon":-49.29922,"f":"cnefe"},{"n":"Rua Eupidio Costa","lat":-25.189317,"lon":-49.319346,"f":"cnefe"},{"n":"Rua Eurides Maltaca","lat":-25.175011,"lon":-49.314244,"f":"osm"},{"n":"Rua Evangelizador Augusto E Santos","lat":-25.180072,"lon":-49.318549,"f":"osm"},{"n":"Rua Evangelizador Augusto Elias dos Santos","lat":-25.179963,"lon":-49.318403,"f":"cnefe"},{"n":"Rua Félix Novak","lat":-25.189572,"lon":-49.308985,"f":"osm"},{"n":"Rua Flamingo","lat":-25.184055,"lon":-49.30379,"f":"osm"},{"n":"Rua Flávio Johnsson","lat":-25.189117,"lon":-49.316543,"f":"osm"},{"n":"Rua Flavio Jonhsson","lat":-25.189332,"lon":-49.316992,"f":"cnefe"},{"n":"Rua Franca e de Souza","lat":-25.19142,"lon":-49.321866,"f":"cnefe"},{"n":"Rua França Emidiod e Paula","lat":-25.191022,"lon":-49.321977,"f":"osm"},{"n":"Rua Francisca Cavassin Wosch","lat":-25.19056,"lon":-49.307995,"f":"osm"},{"n":"Rua Francisco Garcia de Lima","lat":-25.186335,"lon":-49.318707,"f":"osm"},{"n":"Rua Francisco Wosch","lat":-25.189197,"lon":-49.307621,"f":"osm"},{"n":"Rua Gaivota","lat":-25.184383,"lon":-49.303093,"f":"cnefe"},{"n":"Rua Generoso Marques","lat":-25.193267,"lon":-49.304599,"f":"osm"},{"n":"Rua Germano Leão Paciornik","lat":-25.185735,"lon":-49.314715,"f":"osm"},{"n":"Rua Governador Mário Covas","lat":-25.194795,"lon":-49.308645,"f":"osm"},{"n":"Rua Gralha Azul","lat":-25.185963,"lon":-49.302386,"f":"osm"},{"n":"Rua Guanabara","lat":-25.199907,"lon":-49.324583,"f":"osm"},{"n":"Rua Henrique Brunigue","lat":-25.215045,"lon":-49.300408,"f":"cnefe"},{"n":"Rua Henrique Pinto Ferro","lat":-25.190594,"lon":-49.31205,"f":"cnefe"},{"n":"Rua Horacy Santos","lat":-25.193209,"lon":-49.313751,"f":"osm"},{"n":"Rua Irene Osório Matias","lat":-25.183426,"lon":-49.314216,"f":"osm"},{"n":"Rua Itália","lat":-25.195458,"lon":-49.308026,"f":"osm"},{"n":"Rua Itaretama","lat":-25.170336,"lon":-49.355814,"f":"cnefe"},{"n":"Rua Ivan Boutin","lat":-25.193508,"lon":-49.315552,"f":"cnefe"},{"n":"Rua Jacarandá","lat":-25.19396,"lon":-49.29898,"f":"osm"},{"n":"Rua Jamile Elias Tosto","lat":-25.174392,"lon":-49.312815,"f":"cnefe"},{"n":"Rua Jequitibá","lat":-25.193603,"lon":-49.299714,"f":"osm"},{"n":"Rua Joana Angélica","lat":-25.183747,"lon":-49.310063,"f":"osm"},{"n":"Rua Joao Alves","lat":-25.175095,"lon":-49.312841,"f":"cnefe"},{"n":"Rua João Alves Viana","lat":-25.174689,"lon":-49.314299,"f":"osm"},{"n":"Rua João Batista Zen","lat":-25.204213,"lon":-49.321126,"f":"osm"},{"n":"Rua João Costa","lat":-25.192433,"lon":-49.313963,"f":"osm"},{"n":"Rua João de Barro","lat":-25.186963,"lon":-49.300025,"f":"osm"},{"n":"Rua João Froma","lat":-25.168905,"lon":-49.315721,"f":"osm"},{"n":"Rua Joao Gusso","lat":-25.226033,"lon":-49.240432,"f":"cnefe"},{"n":"Rua João Maltaca","lat":-25.173974,"lon":-49.314271,"f":"osm"},{"n":"Rua João Santana","lat":-25.175699,"lon":-49.312192,"f":"osm"},{"n":"Rua Joaquim Domingues","lat":-25.180565,"lon":-49.317165,"f":"osm"},{"n":"Rua Joaquim Martins","lat":-25.185838,"lon":-49.304675,"f":"osm"},{"n":"Rua Joaquin Martins","lat":-25.186022,"lon":-49.304758,"f":"cnefe"},{"n":"Rua José Amancio Stresser","lat":-25.18547,"lon":-49.305228,"f":"osm"},{"n":"Rua Jose Amaro","lat":-25.17853,"lon":-49.311976,"f":"cnefe"},{"n":"Rua Jose Antonio Ozorio","lat":-25.178433,"lon":-49.319023,"f":"cnefe"},{"n":"Rua José Bonifácio","lat":-25.183968,"lon":-49.31306,"f":"osm"},{"n":"Rua José Bueno de Freitas","lat":-25.192062,"lon":-49.31577,"f":"osm"},{"n":"Rua Jose de Feitas","lat":-25.180301,"lon":-49.312522,"f":"cnefe"},{"n":"Rua José de Freitas","lat":-25.180079,"lon":-49.312304,"f":"osm"},{"n":"Rua José Pedroso dos Santos","lat":-25.215232,"lon":-49.30206,"f":"osm"},{"n":"Rua Jose Pioli","lat":-25.192806,"lon":-49.3117,"f":"cnefe"},{"n":"Rua José Severino da Silva","lat":-25.178866,"lon":-49.314357,"f":"osm"},{"n":"Rua José V. Wosch","lat":-25.191045,"lon":-49.306905,"f":"osm"},{"n":"Rua José Waldemar Wosch","lat":-25.189933,"lon":-49.307682,"f":"osm"},{"n":"Rua Juca de Oliveira","lat":-25.188431,"lon":-49.318125,"f":"osm"},{"n":"Rua Juca Paranhos","lat":-25.188494,"lon":-49.317917,"f":"cnefe"},{"n":"Rua Judite Costa Baido","lat":-25.192832,"lon":-49.315899,"f":"cnefe"},{"n":"Rua Júlio Abrahan","lat":-25.175386,"lon":-49.319174,"f":"osm"},{"n":"Rua Liberato Cavalli Sobrinho","lat":-25.224412,"lon":-49.241068,"f":"cnefe"},{"n":"Rua Luiz Baido","lat":-25.18827,"lon":-49.31599,"f":"osm"},{"n":"Rua Luiz Machioro","lat":-25.202037,"lon":-49.316583,"f":"osm"},{"n":"Rua Luiz Marchioro","lat":-25.201904,"lon":-49.316841,"f":"cnefe"},{"n":"Rua Luiz Marquioro","lat":-25.186063,"lon":-49.318444,"f":"cnefe"},{"n":"Rua Machado de Assis","lat":-25.204029,"lon":-49.322686,"f":"osm"},{"n":"Rua Manoel a de Faria","lat":-25.171775,"lon":-49.312566,"f":"cnefe"},{"n":"Rua Manoel Bandeira","lat":-25.181028,"lon":-49.315687,"f":"osm"},{"n":"Rua Manoel Borges de Macedo","lat":-25.195763,"lon":-49.313405,"f":"osm"},{"n":"Rua Manoel Mathoso de Barros","lat":-25.169966,"lon":-49.321373,"f":"cnefe"},{"n":"Rua Manoel Mueller de Siqueira","lat":-25.168926,"lon":-49.311123,"f":"cnefe"},{"n":"Rua Manoel Muller de Siqueira","lat":-25.170263,"lon":-49.313204,"f":"osm"},{"n":"Rua Manoel Muller Siqueira","lat":-25.170003,"lon":-49.314515,"f":"cnefe"},{"n":"Rua Manoel Pinto Ferro","lat":-25.191275,"lon":-49.312143,"f":"osm"},{"n":"Rua Marechal Candido Rondon","lat":-25.180539,"lon":-49.313864,"f":"osm"},{"n":"Rua Marechal Floriano","lat":-25.1842,"lon":-49.310365,"f":"osm"},{"n":"Rua Maria do Carmo","lat":-25.202377,"lon":-49.317463,"f":"osm"},{"n":"Rua Mário de Andrade","lat":-25.20097,"lon":-49.315893,"f":"osm"},{"n":"Rua Marly do Rocio","lat":-25.195247,"lon":-49.303107,"f":"osm"},{"n":"Rua Martinho Fortes Barros","lat":-25.17117,"lon":-49.30948,"f":"osm"},{"n":"Rua Martinho Portes Barros","lat":-25.169989,"lon":-49.313403,"f":"osm"},{"n":"Rua Martinho Portes de Barros","lat":-25.170545,"lon":-49.311532,"f":"cnefe"},{"n":"Rua Mascarenhas de Moraes","lat":-25.183375,"lon":-49.30999,"f":"osm"},{"n":"Rua Mato Grosso","lat":-25.18754,"lon":-49.302305,"f":"osm"},{"n":"Rua Miguel do Espírito Santo","lat":-25.171484,"lon":-49.318849,"f":"osm"},{"n":"Rua Minas Gerais","lat":-25.190014,"lon":-49.303566,"f":"osm"},{"n":"Rua Monteiro Lobato","lat":-25.201407,"lon":-49.31628,"f":"osm"},{"n":"Rua Natan Milder","lat":-25.185325,"lon":-49.316438,"f":"osm"},{"n":"Rua Nossa Senhora de Nazare","lat":-25.192573,"lon":-49.345821,"f":"cnefe"},{"n":"Rua Nossa Senhora do Amparo","lat":-25.198065,"lon":-49.313669,"f":"cnefe"},{"n":"Rua Olavo Bilac","lat":-25.186245,"lon":-49.311296,"f":"osm"},{"n":"Rua Orlando Nodari","lat":-25.196214,"lon":-49.299105,"f":"osm"},{"n":"Rua Orquídeas","lat":-25.171173,"lon":-49.312839,"f":"osm"},{"n":"Rua Osvaldo Cruz","lat":-25.198485,"lon":-49.31431,"f":"osm"},{"n":"Rua Osvaldo Emidio","lat":-25.198629,"lon":-49.315096,"f":"osm"},{"n":"Rua Otávio dos Santos Castro","lat":-25.169602,"lon":-49.312474,"f":"osm"},{"n":"Rua Otavio dos Santos Costa","lat":-25.170173,"lon":-49.3107,"f":"cnefe"},{"n":"Rua Otilio Estevam Veloso","lat":-25.183458,"lon":-49.314327,"f":"cnefe"},{"n":"Rua Padre Antônio Vieira","lat":-25.180436,"lon":-49.316571,"f":"osm"},{"n":"Rua Padre Antonio Viera","lat":-25.179529,"lon":-49.31618,"f":"cnefe"},{"n":"Rua Padre Ribeiro","lat":-25.186285,"lon":-49.317379,"f":"osm"},{"n":"Rua Palmeira","lat":-25.193445,"lon":-49.297056,"f":"cnefe"},{"n":"Rua para a Mina de Ferro","lat":-25.192794,"lon":-49.303082,"f":"cnefe"},{"n":"Rua Paraíba","lat":-25.1874,"lon":-49.303018,"f":"osm"},{"n":"Rua Paraná","lat":-25.193348,"lon":-49.311764,"f":"osm"},{"n":"Rua Parigot de Souza","lat":-25.193141,"lon":-49.315295,"f":"osm"},{"n":"Rua Pastor Altair Elias Dos Santos","lat":-25.176108,"lon":-49.318985,"f":"osm"},{"n":"Rua Pastor Vitorio Geia de Faria","lat":-25.188462,"lon":-49.300771,"f":"cnefe"},{"n":"Rua Paulo Cezar Bonfim","lat":-25.174364,"lon":-49.316679,"f":"osm"},{"n":"Rua Pedro Cordeiro","lat":-25.174972,"lon":-49.318268,"f":"osm"},{"n":"Rua Pedro Fioreze","lat":-25.206084,"lon":-49.282127,"f":"cnefe"},{"n":"Rua Pedro Pereira Bonfim","lat":-25.185653,"lon":-49.321447,"f":"osm"},{"n":"Rua Pedro Wosch","lat":-25.191983,"lon":-49.315436,"f":"osm"},{"n":"Rua Pernambuco","lat":-25.190988,"lon":-49.304227,"f":"osm"},{"n":"Rua Peroba","lat":-25.192867,"lon":-49.291078,"f":"cnefe"},{"n":"Rua Pinta","lat":-25.014548,"lon":-49.351629,"f":"cnefe"},{"n":"Rua Prefeito José Pedroso de Moraes","lat":-25.18846,"lon":-49.312169,"f":"osm"},{"n":"Rua Prefeito Jose Pedroso de Morais","lat":-25.188366,"lon":-49.31221,"f":"cnefe"},{"n":"Rua Prefeito José Pioli","lat":-25.192895,"lon":-49.3119,"f":"osm"},{"n":"Rua Prefeito Octávio Furquim","lat":-25.193711,"lon":-49.308873,"f":"osm"},{"n":"Rua Prefeito Otavio Furquim","lat":-25.192366,"lon":-49.307501,"f":"cnefe"},{"n":"Rua Principal do Paiol de Baixo","lat":-25.210803,"lon":-49.303894,"f":"cnefe"},{"n":"Rua Principal Rio Abaixo (Ospassin)","lat":-25.15715,"lon":-49.451661,"f":"cnefe"},{"n":"Rua Principal Rio Abaixo (Santa Cruz)","lat":-25.159667,"lon":-49.399894,"f":"cnefe"},{"n":"Rua Principal Santa Cruz","lat":-25.159718,"lon":-49.385925,"f":"cnefe"},{"n":"Rua Principal Tacanista dos Nazare","lat":-25.152912,"lon":-49.381082,"f":"cnefe"},{"n":"Rua Professora Aline M Porfirio","lat":-25.175858,"lon":-49.316108,"f":"cnefe"},{"n":"Rua Professora Aline Miranda Porfírio","lat":-25.175515,"lon":-49.315794,"f":"osm"},{"n":"Rua Professora Aline Porfirio","lat":-25.175858,"lon":-49.316108,"f":"cnefe"},{"n":"Rua Projetada","lat":-25.168046,"lon":-49.308646,"f":"cnefe"},{"n":"Rua Projetada 10","lat":-25.168067,"lon":-49.312627,"f":"cnefe"},{"n":"Rua Projetada 11","lat":-25.167512,"lon":-49.3122,"f":"cnefe"},{"n":"Rua Projetada 12","lat":-25.166857,"lon":-49.311018,"f":"cnefe"},{"n":"Rua Projetada 13","lat":-25.166989,"lon":-49.310383,"f":"cnefe"},{"n":"Rua Projetada 2","lat":-25.170179,"lon":-49.321059,"f":"cnefe"},{"n":"Rua Projetada 3","lat":-25.169565,"lon":-49.317467,"f":"cnefe"},{"n":"Rua Projetada 4","lat":-25.171457,"lon":-49.318979,"f":"cnefe"},{"n":"Rua Projetada 5","lat":-25.171285,"lon":-49.31825,"f":"osm"},{"n":"Rua Projetada 6","lat":-25.17061,"lon":-49.316942,"f":"cnefe"},{"n":"Rua Projetada 7","lat":-25.168498,"lon":-49.312843,"f":"cnefe"},{"n":"Rua Projetada 8","lat":-25.168467,"lon":-49.31245,"f":"osm"},{"n":"Rua Projetada 9","lat":-25.167574,"lon":-49.312556,"f":"osm"},{"n":"Rua Queimadinho (Queimadinho)","lat":-25.09607,"lon":-49.094435,"f":"cnefe"},{"n":"Rua Queimadinho (Santana)","lat":-25.132786,"lon":-49.183514,"f":"cnefe"},{"n":"Rua Quinze de Novembro","lat":-25.196273,"lon":-49.313713,"f":"osm"},{"n":"Rua Rancharia","lat":-25.187568,"lon":-49.298011,"f":"osm"},{"n":"Rua Rio Comprido","lat":-25.224114,"lon":-49.262943,"f":"cnefe"},{"n":"Rua Roberto Ferreira da Silva","lat":-25.21437,"lon":-49.304043,"f":"osm"},{"n":"Rua Rodrigues Alves","lat":-25.203812,"lon":-49.323538,"f":"osm"},{"n":"Rua Rondônia","lat":-25.1862,"lon":-49.304066,"f":"osm"},{"n":"Rua Roraima","lat":-25.191652,"lon":-49.304252,"f":"osm"},{"n":"Rua Rosa","lat":-25.16925,"lon":-49.308806,"f":"cnefe"},{"n":"Rua Rubens Celso Amestrong","lat":-25.187861,"lon":-49.317263,"f":"cnefe"},{"n":"Rua Rubens Celso Armstrong","lat":-25.187831,"lon":-49.31713,"f":"osm"},{"n":"Rua Santa Areia","lat":-25.208751,"lon":-49.301921,"f":"cnefe"},{"n":"Rua Santa Catarina","lat":-25.186256,"lon":-49.303174,"f":"osm"},{"n":"Rua Santa Mônica","lat":-25.202545,"lon":-49.31799,"f":"osm"},{"n":"Rua Santa Terezinha","lat":-25.188208,"lon":-49.322206,"f":"osm"},{"n":"Rua Santo Antônio Costa","lat":-25.189128,"lon":-49.319784,"f":"osm"},{"n":"Rua Santos Dummont","lat":-25.203983,"lon":-49.324537,"f":"cnefe"},{"n":"Rua Sao Francisco de Assis","lat":-25.208839,"lon":-49.286586,"f":"cnefe"},{"n":"Rua São Paulo","lat":-25.186823,"lon":-49.303547,"f":"osm"},{"n":"Rua Sao Pedro","lat":-25.132938,"lon":-49.224743,"f":"cnefe"},{"n":"Rua sem Denominacao 1","lat":-25.171948,"lon":-49.314357,"f":"cnefe"},{"n":"Rua sem Denominacao 2 (Vila Ricarda)","lat":-25.202522,"lon":-49.317819,"f":"cnefe"},{"n":"Rua sem Denominacao 2 (Vila Sao Pedro)","lat":-25.171719,"lon":-49.314621,"f":"cnefe"},{"n":"Rua sem Denominacao 3","lat":-25.170931,"lon":-49.314633,"f":"cnefe"},{"n":"Rua sem Denominacao 4","lat":-25.174075,"lon":-49.312136,"f":"cnefe"},{"n":"Rua sem Denominacao 5","lat":-25.173024,"lon":-49.313577,"f":"cnefe"},{"n":"Rua sem Denomincao","lat":-25.182415,"lon":-49.318444,"f":"cnefe"},{"n":"Rua Sergipe","lat":-25.190358,"lon":-49.303078,"f":"cnefe"},{"n":"Rua Sete","lat":-25.16897,"lon":-49.31039,"f":"cnefe"},{"n":"Rua Sete de Abril","lat":-25.178483,"lon":-49.315561,"f":"osm"},{"n":"Rua Sete de Setembro","lat":-25.186085,"lon":-49.31447,"f":"cnefe"},{"n":"Rua Silvio dos Santos","lat":-25.169239,"lon":-49.320758,"f":"osm"},{"n":"Rua Teofilo Otoni","lat":-25.207187,"lon":-49.322635,"f":"osm"},{"n":"Rua Tiradentes","lat":-25.185047,"lon":-49.313831,"f":"osm"},{"n":"Rua Três","lat":-25.18466,"lon":-49.305116,"f":"osm"},{"n":"Rua Treze de Maio","lat":-25.181568,"lon":-49.313082,"f":"osm"},{"n":"Rua Um","lat":-25.188186,"lon":-49.307816,"f":"osm"},{"n":"Rua Venâncio da Silva","lat":-25.183179,"lon":-49.316857,"f":"osm"},{"n":"Rua Venancio M da Silva","lat":-25.18375,"lon":-49.316243,"f":"cnefe"},{"n":"Rua Vereador Jose Alves Santana","lat":-25.185579,"lon":-49.313479,"f":"cnefe"},{"n":"Rua Vereador Rene Bitencourt Vaz","lat":-25.188874,"lon":-49.301788,"f":"osm"},{"n":"Rua Vicente Portes de Faria","lat":-25.212128,"lon":-49.307533,"f":"cnefe"},{"n":"Rua Visconde Cairo","lat":-25.184512,"lon":-49.314981,"f":"osm"},{"n":"Rua Visconde de Mauá","lat":-25.18951,"lon":-49.321265,"f":"osm"},{"n":"Rua Visconde de Maua com Av Ermirio de Morais","lat":-25.189394,"lon":-49.321289,"f":"cnefe"},{"n":"Rua Waldinir de Castro Porfirio","lat":-25.19075,"lon":-49.316229,"f":"osm"},{"n":"Rua Xv de Novembro","lat":-25.196277,"lon":-49.313594,"f":"cnefe"},{"n":"Rua Zacarias","lat":-25.189666,"lon":-49.301525,"f":"cnefe"},{"n":"Rua Zacarias Cardoso de Cristo","lat":-25.176028,"lon":-49.31838,"f":"osm"},{"n":"Rua Zacarias Teixeira Rocha","lat":-25.189064,"lon":-49.302593,"f":"osm"},{"n":"Rua Zacarias Texeira Rocha","lat":-25.189428,"lon":-49.30256,"f":"cnefe"},{"n":"Travessa Aidê Rocha","lat":-25.189736,"lon":-49.312876,"f":"osm"},{"n":"Travessa Aide Rocha com Rua Prefeito Jose Pedroso de Morais","lat":-25.189716,"lon":-49.31286,"f":"cnefe"},{"n":"Travessa Baguacu","lat":-25.196505,"lon":-49.29996,"f":"osm"},{"n":"Travessa Bananeira","lat":-25.197654,"lon":-49.300616,"f":"osm"},{"n":"Travessa Bracatinga","lat":-25.19718,"lon":-49.30007,"f":"osm"},{"n":"Travessa Brancatinga","lat":-25.19725,"lon":-49.3,"f":"cnefe"},{"n":"Travessa Carnaúba","lat":-25.196245,"lon":-49.29816,"f":"osm"},{"n":"Travessa da Generoso","lat":-25.19477,"lon":-49.301766,"f":"cnefe"},{"n":"Travessa Furquim","lat":-25.19435,"lon":-49.311777,"f":"osm"},{"n":"Travessa Ipê","lat":-25.194617,"lon":-49.299183,"f":"osm"},{"n":"Travessa Jatobá","lat":-25.194325,"lon":-49.298535,"f":"osm"},{"n":"Travessa Jorge Coutinho","lat":-25.205161,"lon":-49.325305,"f":"osm"},{"n":"Travessa Juca Paranhos","lat":-25.188337,"lon":-49.318416,"f":"cnefe"},{"n":"Travessa Luiz Baido","lat":-25.188592,"lon":-49.315244,"f":"cnefe"},{"n":"Travessa Luiz Baidu","lat":-25.188592,"lon":-49.315244,"f":"cnefe"},{"n":"Travessa Piaui","lat":-25.189802,"lon":-49.317481,"f":"osm"},{"n":"Travessa Rio Branco","lat":-25.185865,"lon":-49.316276,"f":"cnefe"},{"n":"Vila Areia do Bromado","lat":-25.066527,"lon":-49.366672,"f":"cnefe"},{"n":"Vila Ricobom","lat":-25.198174,"lon":-49.315792,"f":"osm"},{"n":"Vila Ricobon","lat":-25.198512,"lon":-49.315642,"f":"cnefe"}],"limite":[[[-49.22692,-25.23077],[-49.22655,-25.23101],[-49.22641,-25.23102],[-49.22618,-25.23095],[-49.22601,-25.23087],[-49.22574,-25.23083],[-49.2256,-25.23076],[-49.22543,-25.23062],[-49.22525,-25.23053],[-49.22515,-25.23033],[-49.22509,-25.2303],[-49.22501,-25.23029],[-49.22494,-25.23029],[-49.22482,-25.23024],[-49.22475,-25.23021],[-49.22449,-25.23025],[-49.22427,-25.23013],[-49.22404,-25.23008],[-49.22376,-25.23006],[-49.22357,-25.23008],[-49.22324,-25.23021],[-49.22312,-25.23021],[-49.22301,-25.23013],[-49.22288,-25.22985],[-49.2228,-25.22977],[-49.22254,-25.22966],[-49.22232,-25.22965],[-49.22225,-25.22967],[-49.2222,-25.22973],[-49.22221,-25.22988],[-49.22209,-25.23018],[-49.22196,-25.23024]],[[-49.25367,-25.23394],[-49.25335,-25.234],[-49.2528,-25.23397],[-49.25228,-25.23411],[-49.25181,-25.23414],[-49.2514,-25.23425],[-49.25094,-25.23422],[-49.25033,-25.23431],[-49.24997,-25.23432],[-49.24946,-25.23428],[-49.24875,-25.23414],[-49.24798,-25.23387],[-49.24779,-25.23386],[-49.24751,-25.23389],[-49.24701,-25.23388],[-49.24671,-25.23393],[-49.24654,-25.23393],[-49.24579,-25.23383],[-49.24551,-25.23374],[-49.24522,-25.23358],[-49.24517,-25.23353],[-49.24511,-25.23347],[-49.24504,-25.23332],[-49.24503,-25.23309],[-49.24506,-25.23282],[-49.24504,-25.23266],[-49.245,-25.23259],[-49.24493,-25.23255],[-49.24487,-25.23253],[-49.24458,-25.23246],[-49.24446,-25.23234],[-49.24417,-25.23217],[-49.24404,-25.23204],[-49.24401,-25.23189],[-49.24403,-25.23171],[-49.24401,-25.23156],[-49.24397,-25.23149],[-49.24373,-25.23121],[-49.24359,-25.23099],[-49.24359,-25.23077],[-49.24367,-25.23055],[-49.24369,-25.2304],[-49.24368,-25.23031],[-49.24364,-25.23024],[-49.24353,-25.2302],[-49.24323,-25.2302],[-49.24302,-25.23017],[-49.24288,-25.2301],[-49.24272,-25.22995],[-49.24248,-25.22981],[-49.24239,-25.22973],[-49.24227,-25.22959],[-49.24221,-25.22942],[-49.24218,-25.22926],[-49.24218,-25.22882],[-49.24221,-25.22859],[-49.24218,-25.22844],[-49.24215,-25.22838],[-49.24207,-25.22829],[-49.24185,-25.22819],[-49.24144,-25.22813],[-49.24103,-25.22794],[-49.24023,-25.22764],[-49.24017,-25.22758],[-49.24011,-25.22745],[-49.24014,-25.22713],[-49.2401,-25.22694],[-49.24004,-25.22684],[-49.23988,-25.2267],[-49.23974,-25.22647],[-49.23966,-25.22645],[-49.23941,-25.22662],[-49.23927,-25.22667],[-49.23912,-25.22667],[-49.23891,-25.22658],[-49.23875,-25.22649],[-49.23853,-25.22628],[-49.23839,-25.2261],[-49.23826,-25.22584],[-49.23809,-25.22571],[-49.23797,-25.22579],[-49.23792,-25.22589],[-49.2379,-25.22598],[-49.23795,-25.22614],[-49.23794,-25.2262],[-49.23751,-25.22627],[-49.23746,-25.22633],[-49.23747,-25.22647],[-49.23746,-25.22656],[-49.23735,-25.22695],[-49.23726,-25.22715],[-49.23719,-25.22717],[-49.23703,-25.22713],[-49.23691,-25.22717],[-49.23685,-25.22736],[-49.23674,-25.22744],[-49.23632,-25.22759],[-49.23615,-25.22768],[-49.2361,-25.22773],[-49.23601,-25.2281],[-49.23604,-25.22829],[-49.23614,-25.2285],[-49.23623,-25.22867],[-49.23625,-25.22889],[-49.23617,-25.22897],[-49.23599,-25.22903],[-49.23587,-25.22918],[-49.23585,-25.2292],[-49.23586,-25.22927],[-49.23594,-25.22945],[-49.23602,-25.22958],[-49.23614,-25.2296],[-49.23623,-25.22966],[-49.23634,-25.22966],[-49.23651,-25.22961],[-49.23661,-25.22962],[-49.23671,-25.22966],[-49.23678,-25.22976],[-49.23684,-25.22996],[-49.23679,-25.23008],[-49.23672,-25.23021],[-49.23657,-25.23065],[-49.23633,-25.23099],[-49.2362,-25.23111],[-49.23613,-25.23113],[-49.23601,-25.23111],[-49.2359,-25.23109],[-49.23581,-25.2311],[-49.23562,-25.23121],[-49.23551,-25.23124],[-49.23511,-25.23122],[-49.23463,-25.23137],[-49.23444,-25.23146],[-49.2343,-25.23155],[-49.23424,-25.23164],[-49.23418,-25.23198],[-49.23414,-25.23206],[-49.23407,-25.23211],[-49.23399,-25.23212],[-49.23391,-25.23209],[-49.23373,-25.23196],[-49.23357,-25.23188],[-49.23347,-25.23179],[-49.23334,-25.23164],[-49.23329,-25.23163],[-49.23304,-25.23162],[-49.23297,-25.23158],[-49.23293,-25.23153],[-49.23292,-25.23146],[-49.23289,-25.23133],[-49.23291,-25.23101],[-49.23286,-25.23083],[-49.23273,-25.23065],[-49.23262,-25.23047],[-49.23254,-25.23034],[-49.23239,-25.23005],[-49.23221,-25.22985],[-49.2321,-25.22976],[-49.23201,-25.22975],[-49.23177,-25.22985],[-49.23167,-25.2299],[-49.23162,-25.23005],[-49.23154,-25.23011],[-49.23133,-25.23012],[-49.23106,-25.23007],[-49.2309,-25.23007],[-49.23077,-25.23011],[-49.23048,-25.23029],[-49.23037,-25.23032],[-49.23013,-25.23029],[-49.22987,-25.23029],[-49.22942,-25.2304],[-49.22926,-25.23041],[-49.229,-25.23037],[-49.22886,-25.2303],[-49.22863,-25.23022],[-49.22858,-25.23022],[-49.2285,-25.23027],[-49.22842,-25.23041],[-49.22829,-25.23049],[-49.22759,-25.23063],[-49.22724,-25.23066],[-49.22692,-25.23077]],[[-49.25897,-25.23168],[-49.25865,-25.23192],[-49.25836,-25.23186],[-49.2581,-25.23189],[-49.25779,-25.23196],[-49.25751,-25.23192],[-49.25729,-25.23185],[-49.2571,-25.23165],[-49.25688,-25.23152],[-49.2566,-25.23155],[-49.25639,-25.23172],[-49.25612,-25.23189],[-49.25579,-25.23206],[-49.25533,-25.23223],[-49.25508,-25.23248],[-49.25466,-25.23267],[-49.25429,-25.23286],[-49.25389,-25.23294],[-49.25374,-25.23307],[-49.25374,-25.23326],[-49.25382,-25.23352],[-49.2537,-25.2337],[-49.25367,-25.23394]],[[-49.28326,-25.22736],[-49.28291,-25.22758],[-49.28263,-25.22784],[-49.28244,-25.22799],[-49.28204,-25.22816],[-49.28137,-25.22838],[-49.28029,-25.22879],[-49.27997,-25.22899],[-49.27985,-25.22921],[-49.27965,-25.22934],[-49.27934,-25.22955],[-49.27917,-25.22973],[-49.27871,-25.22986],[-49.27838,-25.22982],[-49.27815,-25.22981],[-49.27793,-25.22981],[-49.27763,-25.22984],[-49.27695,-25.23001],[-49.27631,-25.23038],[-49.27545,-25.23064],[-49.27469,-25.23051],[-49.27443,-25.23042],[-49.27431,-25.23033],[-49.27411,-25.23019],[-49.27395,-25.23006],[-49.27388,-25.23002],[-49.27383,-25.22999],[-49.27376,-25.22996],[-49.27369,-25.22993],[-49.27364,-25.22989],[-49.27356,-25.22987],[-49.27351,-25.22986],[-49.27339,-25.22986],[-49.27302,-25.22989],[-49.27301,-25.22989],[-49.27277,-25.23012],[-49.27255,-25.2304],[-49.27217,-25.23052],[-49.27175,-25.23062],[-49.27138,-25.23097],[-49.27097,-25.23147],[-49.27081,-25.23182],[-49.27044,-25.23201],[-49.27026,-25.23227],[-49.26983,-25.23263],[-49.2696,-25.23259],[-49.26947,-25.23271],[-49.26903,-25.2328],[-49.26845,-25.23283],[-49.2678,-25.23278],[-49.26766,-25.23276],[-49.2676,-25.2327],[-49.26759,-25.23265],[-49.26759,-25.23256],[-49.26761,-25.23249],[-49.2676,-25.23246],[-49.26756,-25.2324],[-49.26752,-25.23236],[-49.26746,-25.23232],[-49.26738,-25.23229],[-49.26728,-25.23226],[-49.26719,-25.23223],[-49.2671,-25.23221],[-49.26701,-25.23218],[-49.26687,-25.23214],[-49.26661,-25.232],[-49.26634,-25.23183],[-49.26607,-25.23164],[-49.26579,-25.23159],[-49.26549,-25.23165],[-49.26526,-25.23167],[-49.265,-25.23171],[-49.26468,-25.23179],[-49.26442,-25.23191],[-49.2641,-25.23208],[-49.26377,-25.23218],[-49.26354,-25.23243],[-49.26335,-25.23268],[-49.263,-25.23276],[-49.26266,-25.23297],[-49.26237,-25.2331],[-49.26211,-25.23312],[-49.26181,-25.2333],[-49.26146,-25.23338],[-49.26118,-25.23334],[-49.26094,-25.23334],[-49.26065,-25.23325],[-49.26039,-25.23313],[-49.26032,-25.23281],[-49.26016,-25.23267],[-49.26005,-25.23244],[-49.26002,-25.23218],[-49.25989,-25.23195],[-49.25975,-25.23166],[-49.2595,-25.23166],[-49.25923,-25.23167],[-49.25897,-25.23168]],[[-49.3211,-25.23105],[-49.32056,-25.23076],[-49.31925,-25.23064],[-49.31903,-25.23079],[-49.31798,-25.2313],[-49.31712,-25.23157],[-49.31611,-25.23188],[-49.31561,-25.23214],[-49.31464,-25.23236],[-49.3143,-25.23263],[-49.31404,-25.23274],[-49.31352,-25.23282],[-49.31322,-25.23273],[-49.31291,-25.23239],[-49.31267,-25.23224],[-49.31224,-25.23207],[-49.31215,-25.23165],[-49.31232,-25.23118],[-49.31247,-25.23065],[-49.31246,-25.23032],[-49.31247,-25.22989],[-49.31249,-25.2296],[-49.31255,-25.22923],[-49.31246,-25.22899],[-49.31224,-25.22878],[-49.31197,-25.22861],[-49.3118,-25.22845],[-49.31159,-25.22821],[-49.31141,-25.22806],[-49.31115,-25.22787],[-49.31086,-25.22777],[-49.31059,-25.22778],[-49.31001,-25.22785],[-49.30947,-25.228],[-49.30877,-25.22833],[-49.30803,-25.22857],[-49.30768,-25.22863],[-49.30724,-25.22877],[-49.30674,-25.22873],[-49.30615,-25.22861],[-49.30565,-25.22859],[-49.30523,-25.22849],[-49.30496,-25.22828],[-49.30485,-25.22805],[-49.30461,-25.22769],[-49.30441,-25.22744],[-49.30417,-25.2271],[-49.30358,-25.22633],[-49.30325,-25.22598],[-49.30299,-25.22565],[-49.3029,-25.22541],[-49.3026,-25.22513],[-49.30151,-25.22458],[-49.30121,-25.22458],[-49.30082,-25.22474],[-49.30006,-25.22496],[-49.29954,-25.22523],[-49.29922,-25.2255],[-49.29892,-25.22571],[-49.2986,-25.22588],[-49.29831,-25.226],[-49.29804,-25.22611],[-49.29764,-25.22611],[-49.29752,-25.22589],[-49.29747,-25.22562],[-49.29735,-25.22536],[-49.29716,-25.22496],[-49.29703,-25.22482],[-49.29678,-25.22477],[-49.29653,-25.22474],[-49.29615,-25.22469],[-49.29532,-25.22488],[-49.29484,-25.22507],[-49.29457,-25.22504],[-49.29397,-25.22485],[-49.29307,-25.22462],[-49.29264,-25.22456],[-49.29219,-25.22464],[-49.29145,-25.22467],[-49.29118,-25.22469],[-49.29093,-25.22466],[-49.29069,-25.22458],[-49.29032,-25.22436],[-49.28972,-25.22437],[-49.28919,-25.22451],[-49.28874,-25.22471],[-49.28844,-25.22486],[-49.28823,-25.22497],[-49.28804,-25.22504],[-49.28782,-25.22521],[-49.28764,-25.22538],[-49.28728,-25.22563],[-49.28711,-25.22582],[-49.28663,-25.22613],[-49.28614,-25.22628],[-49.2851,-25.22665],[-49.28431,-25.22695],[-49.28357,-25.22721],[-49.28326,-25.22736]],[[-49.3256,-25.21506],[-49.32445,-25.2177],[-49.32341,-25.21861],[-49.32317,-25.21892],[-49.32312,-25.21939],[-49.32296,-25.21962],[-49.32304,-25.22025],[-49.32295,-25.22097],[-49.32253,-25.22119],[-49.32212,-25.22177],[-49.32203,-25.22284],[-49.32171,-25.22308],[-49.3211,-25.23105]],[[-49.32619,-25.21446],[-49.3256,-25.21506]],[[-49.32492,-25.21193],[-49.32491,-25.21196],[-49.32489,-25.21199],[-49.32488,-25.212],[-49.32484,-25.21202],[-49.32484,-25.21202],[-49.32482,-25.21203],[-49.32481,-25.21205],[-49.3248,-25.21208],[-49.3248,-25.21211],[-49.3248,-25.21212],[-49.32482,-25.21215],[-49.32483,-25.21215],[-49.32485,-25.21215],[-49.32487,-25.21216],[-49.32489,-25.21217],[-49.3249,-25.21218],[-49.32492,-25.21222],[-49.32493,-25.21225],[-49.32494,-25.21228],[-49.32494,-25.21231],[-49.32494,-25.21234],[-49.32494,-25.21236],[-49.32493,-25.21238],[-49.32493,-25.21242],[-49.32491,-25.21248],[-49.32489,-25.21251],[-49.32488,-25.21253],[-49.32488,-25.21257],[-49.32488,-25.21261],[-49.32489,-25.21262],[-49.3249,-25.21263],[-49.32493,-25.21267],[-49.32496,-25.21269],[-49.32501,-25.21272],[-49.32504,-25.21272],[-49.32507,-25.21274],[-49.32508,-25.21274],[-49.3251,-25.21273],[-49.32511,-25.21273],[-49.32513,-25.21273],[-49.32514,-25.21274],[-49.32516,-25.21275],[-49.32524,-25.21284],[-49.32525,-25.21285],[-49.32526,-25.21286],[-49.3253,-25.21287],[-49.32533,-25.21288],[-49.32535,-25.21288],[-49.32537,-25.2129],[-49.32541,-25.21292],[-49.32544,-25.21293],[-49.32551,-25.21295],[-49.32553,-25.21296],[-49.32554,-25.21297],[-49.32555,-25.21297],[-49.32555,-25.21298],[-49.32554,-25.213],[-49.32554,-25.21304],[-49.32555,-25.21305],[-49.32555,-25.21306],[-49.32556,-25.21307],[-49.32558,-25.21308],[-49.3256,-25.21308],[-49.32562,-25.21308],[-49.32564,-25.21309],[-49.32566,-25.2131],[-49.32567,-25.21311],[-49.32567,-25.21312],[-49.32567,-25.21314],[-49.32567,-25.2132],[-49.32567,-25.21322],[-49.32568,-25.21324],[-49.32569,-25.21324],[-49.32571,-25.21325],[-49.32576,-25.21325],[-49.32578,-25.21326],[-49.32578,-25.21327],[-49.32578,-25.2133],[-49.32579,-25.21332],[-49.32586,-25.21339],[-49.32588,-25.2134],[-49.32589,-25.21341],[-49.32591,-25.21341],[-49.32592,-25.21341],[-49.32594,-25.2134],[-49.32595,-25.21339],[-49.32597,-25.21339],[-49.32598,-25.2134],[-49.32598,-25.2134],[-49.32599,-25.21342],[-49.326,-25.21343],[-49.326,-25.21344],[-49.32601,-25.21347],[-49.32601,-25.21348],[-49.32601,-25.21352],[-49.32602,-25.21353],[-49.32602,-25.21354],[-49.32604,-25.21356],[-49.32605,-25.21359],[-49.32607,-25.21361],[-49.32608,-25.21364],[-49.32609,-25.21365],[-49.32609,-25.21368],[-49.32609,-25.2137],[-49.3261,-25.21373],[-49.32611,-25.2138],[-49.32611,-25.21382],[-49.32611,-25.21386],[-49.32611,-25.21387],[-49.3261,-25.21388],[-49.32604,-25.21391],[-49.32602,-25.21392],[-49.32601,-25.21393],[-49.326,-25.21395],[-49.32599,-25.214],[-49.326,-25.21402],[-49.326,-25.21404],[-49.32601,-25.21406],[-49.32602,-25.21407],[-49.32602,-25.21412],[-49.32602,-25.21413],[-49.32601,-25.21414],[-49.32603,-25.21418],[-49.32603,-25.21418],[-49.32606,-25.2142],[-49.32607,-25.21421],[-49.32608,-25.21426],[-49.32611,-25.21429],[-49.32612,-25.21431],[-49.32613,-25.21436],[-49.32615,-25.21439],[-49.32615,-25.21441],[-49.32616,-25.21444],[-49.32619,-25.21446]],[[-49.32505,-25.20951],[-49.32502,-25.20954],[-49.32501,-25.20955],[-49.32502,-25.20956],[-49.32504,-25.20959],[-49.32504,-25.20961],[-49.32504,-25.20969],[-49.32504,-25.20972],[-49.32503,-25.20976],[-49.32502,-25.2098],[-49.32501,-25.20982],[-49.32501,-25.20987],[-49.32502,-25.2099],[-49.32502,-25.2099],[-49.32504,-25.20993],[-49.32505,-25.20996],[-49.32507,-25.21002],[-49.32507,-25.21005],[-49.32507,-25.21007],[-49.32508,-25.21008],[-49.32508,-25.21009],[-49.32512,-25.21014],[-49.32514,-25.21017],[-49.32516,-25.21019],[-49.32522,-25.21025],[-49.32523,-25.21026],[-49.32526,-25.21027],[-49.32529,-25.21028],[-49.3253,-25.21029],[-49.32532,-25.21031],[-49.32536,-25.21038],[-49.32538,-25.21043],[-49.32538,-25.21044],[-49.32539,-25.21047],[-49.32538,-25.21053],[-49.32538,-25.21054],[-49.32539,-25.21055],[-49.32541,-25.21057],[-49.32545,-25.21063],[-49.3255,-25.21068],[-49.32553,-25.21069],[-49.32559,-25.21072],[-49.32562,-25.21073],[-49.32565,-25.21076],[-49.32566,-25.21078],[-49.32567,-25.21079],[-49.32568,-25.21081],[-49.32568,-25.21082],[-49.32568,-25.21082],[-49.32563,-25.21094],[-49.32561,-25.21098],[-49.32561,-25.21099],[-49.32559,-25.211],[-49.32557,-25.21103],[-49.32555,-25.21106],[-49.32554,-25.21107],[-49.32554,-25.2111],[-49.32553,-25.21113],[-49.32552,-25.21117],[-49.32551,-25.2112],[-49.32552,-25.21122],[-49.32552,-25.21124],[-49.32555,-25.21128],[-49.32556,-25.2113],[-49.32556,-25.21131],[-49.32556,-25.21135],[-49.32555,-25.21136],[-49.32554,-25.21137],[-49.32553,-25.21138],[-49.32548,-25.2114],[-49.3254,-25.21146],[-49.32536,-25.21149],[-49.32535,-25.2115],[-49.32531,-25.21151],[-49.32527,-25.21152],[-49.32523,-25.21155],[-49.32521,-25.21156],[-49.32518,-25.21157],[-49.32516,-25.21158],[-49.32513,-25.2116],[-49.32511,-25.21162],[-49.3251,-25.21165],[-49.32508,-25.21167],[-49.32506,-25.21169],[-49.32505,-25.2117],[-49.32499,-25.21179],[-49.32497,-25.21181],[-49.32497,-25.21184],[-49.32496,-25.21187],[-49.32492,-25.21193]],[[-49.32461,-25.20802],[-49.3246,-25.20803],[-49.32457,-25.20805],[-49.32456,-25.20806],[-49.32456,-25.20809],[-49.32455,-25.20811],[-49.32453,-25.20813],[-49.32452,-25.20813],[-49.32451,-25.20814],[-49.3245,-25.20815],[-49.3245,-25.20817],[-49.3245,-25.20818],[-49.32449,-25.20821],[-49.32448,-25.20826],[-49.32446,-25.20829],[-49.32446,-25.20831],[-49.32446,-25.20833],[-49.32446,-25.2084],[-49.32447,-25.20842],[-49.32448,-25.20845],[-49.32449,-25.20846],[-49.32451,-25.20848],[-49.32455,-25.20851],[-49.32457,-25.20853],[-49.32461,-25.20858],[-49.32462,-25.20859],[-49.32462,-25.20861],[-49.32463,-25.20863],[-49.32464,-25.20866],[-49.32465,-25.20868],[-49.32471,-25.20873],[-49.32473,-25.20874],[-49.32473,-25.20875],[-49.32475,-25.20878],[-49.32478,-25.2088],[-49.32481,-25.20883],[-49.32483,-25.20884],[-49.32484,-25.20885],[-49.32485,-25.20888],[-49.32487,-25.20889],[-49.32491,-25.20889],[-49.32492,-25.20889],[-49.32493,-25.2089],[-49.32493,-25.20891],[-49.32496,-25.20891],[-49.325,-25.20892],[-49.32503,-25.20893],[-49.32505,-25.20893],[-49.32507,-25.20892],[-49.32508,-25.2089],[-49.3251,-25.20889],[-49.32511,-25.20889],[-49.32513,-25.20889],[-49.32514,-25.20889],[-49.32516,-25.2089],[-49.32517,-25.20892],[-49.32519,-25.20894],[-49.3252,-25.20895],[-49.32519,-25.20897],[-49.32519,-25.20899],[-49.32519,-25.20904],[-49.32519,-25.20905],[-49.32518,-25.20906],[-49.32516,-25.20907],[-49.32515,-25.20911],[-49.32515,-25.20918],[-49.32514,-25.20922],[-49.32514,-25.20925],[-49.32513,-25.20929],[-49.32512,-25.20931],[-49.32511,-25.20934],[-49.3251,-25.20936],[-49.3251,-25.20938],[-49.32509,-25.20944],[-49.32508,-25.20946],[-49.32505,-25.2095],[-49.32505,-25.20951]],[[-49.32457,-25.20683],[-49.32461,-25.20694],[-49.3246,-25.20704],[-49.32454,-25.20716],[-49.32453,-25.20728],[-49.32455,-25.20753],[-49.3245,-25.20772],[-49.32455,-25.20779],[-49.32461,-25.20802]],[[-49.32444,-25.20636],[-49.32444,-25.20639],[-49.32443,-25.2065],[-49.32448,-25.20658],[-49.32449,-25.20669],[-49.32457,-25.20683]],[[-49.32441,-25.20627],[-49.32444,-25.20636]],[[-49.32423,-25.20576],[-49.32424,-25.20584],[-49.32429,-25.20593],[-49.32437,-25.20605],[-49.32439,-25.20621],[-49.32441,-25.20627]],[[-49.32421,-25.20565],[-49.32423,-25.20576]],[[-49.32445,-25.20483],[-49.32435,-25.20488],[-49.32427,-25.20496],[-49.32419,-25.20505],[-49.32416,-25.20511],[-49.32414,-25.20516],[-49.32416,-25.20528],[-49.32415,-25.20535],[-49.32417,-25.2054],[-49.32421,-25.20551],[-49.32421,-25.20565]],[[-49.32445,-25.20483],[-49.32473,-25.20483],[-49.32506,-25.20475],[-49.32575,-25.20472],[-49.32648,-25.2046],[-49.32693,-25.20476],[-49.32737,-25.20421],[-49.32746,-25.20392],[-49.32783,-25.2039],[-49.32834,-25.20383],[-49.32852,-25.20386]],[[-49.32852,-25.20386],[-49.32911,-25.20395],[-49.32956,-25.20421],[-49.32991,-25.20496],[-49.33013,-25.20679],[-49.33008,-25.20721],[-49.33047,-25.20785],[-49.33054,-25.20786]],[[-49.33054,-25.20786],[-49.33086,-25.20788],[-49.33115,-25.20823],[-49.33184,-25.20841],[-49.33257,-25.20832],[-49.33331,-25.20849],[-49.33396,-25.2086],[-49.33408,-25.20823]],[[-49.33408,-25.20823],[-49.33439,-25.2073],[-49.3347,-25.20655],[-49.33595,-25.20305],[-49.33786,-25.19813]],[[-49.3487,-25.19842],[-49.33786,-25.19813]],[[-49.35243,-25.19849],[-49.3522,-25.19849],[-49.3487,-25.19842]],[[-49.35777,-25.19419],[-49.35738,-25.19441],[-49.35723,-25.1946],[-49.35712,-25.19493],[-49.35688,-25.19558],[-49.35673,-25.19587],[-49.35648,-25.19613],[-49.35592,-25.19637],[-49.35415,-25.19721],[-49.35363,-25.19745],[-49.35325,-25.19763],[-49.35306,-25.19777],[-49.35281,-25.19803],[-49.35243,-25.19849]],[[-49.37791,-25.18705],[-49.37724,-25.18733],[-49.377,-25.18746],[-49.37667,-25.18767],[-49.37645,-25.18796],[-49.37635,-25.18815],[-49.37631,-25.18848],[-49.37632,-25.18865],[-49.37635,-25.18887],[-49.37643,-25.18932],[-49.37643,-25.18957],[-49.37642,-25.18984],[-49.37638,-25.19001],[-49.37627,-25.19019],[-49.37602,-25.19043],[-49.37514,-25.19092],[-49.37473,-25.19108],[-49.37439,-25.19119],[-49.37407,-25.19127],[-49.37368,-25.19132],[-49.37286,-25.19142],[-49.37261,-25.19144],[-49.37194,-25.19149],[-49.3715,-25.19169],[-49.37111,-25.19198],[-49.37087,-25.19226],[-49.37061,-25.19255],[-49.37018,-25.19281],[-49.36989,-25.19283],[-49.3695,-25.19278],[-49.3691,-25.19258],[-49.36884,-25.19241],[-49.3685,-25.1923],[-49.36762,-25.19226],[-49.36702,-25.19227],[-49.36666,-25.1924],[-49.36625,-25.1926],[-49.36595,-25.19271],[-49.3656,-25.19271],[-49.36525,-25.19258],[-49.36496,-25.19237],[-49.36451,-25.19202],[-49.36412,-25.19185],[-49.36364,-25.19184],[-49.36298,-25.19206],[-49.36254,-25.19234],[-49.3622,-25.19297],[-49.36194,-25.19328],[-49.36152,-25.19349],[-49.36112,-25.19363],[-49.36017,-25.19397],[-49.3598,-25.19412],[-49.3593,-25.19423],[-49.35905,-25.19422],[-49.3587,-25.19418],[-49.35825,-25.19413],[-49.35777,-25.19419]],[[-49.39926,-25.17687],[-49.3986,-25.17742],[-49.39705,-25.17857],[-49.39534,-25.17981],[-49.39405,-25.18078],[-49.39354,-25.18117],[-49.39187,-25.18242],[-49.39151,-25.18268],[-49.39119,-25.18285],[-49.39078,-25.18291],[-49.39008,-25.18275],[-49.38981,-25.18276],[-49.38945,-25.1829],[-49.38894,-25.18315],[-49.38847,-25.18345],[-49.38803,-25.18403],[-49.38785,-25.18451],[-49.38767,-25.1849],[-49.38745,-25.18516],[-49.38711,-25.18536],[-49.38673,-25.18549],[-49.38517,-25.18593],[-49.38426,-25.18616],[-49.38383,-25.1863],[-49.38319,-25.18658],[-49.38242,-25.18692],[-49.38206,-25.18712],[-49.38167,-25.1873],[-49.38106,-25.18754],[-49.38078,-25.18753],[-49.38035,-25.18742],[-49.37996,-25.18728],[-49.37946,-25.18712],[-49.37893,-25.18703],[-49.37835,-25.18701],[-49.37791,-25.18705]],[[-49.39926,-25.17687],[-49.39941,-25.17671],[-49.39958,-25.17649],[-49.40001,-25.17593],[-49.40032,-25.17561],[-49.40053,-25.17546],[-49.40068,-25.1754],[-49.40119,-25.1753],[-49.40239,-25.17522],[-49.40276,-25.1752],[-49.40288,-25.17521],[-49.40318,-25.17525],[-49.40343,-25.1753],[-49.40383,-25.17533],[-49.40399,-25.17534],[-49.40496,-25.17538],[-49.40572,-25.17544],[-49.40712,-25.17549],[-49.40748,-25.17551]],[[-49.40748,-25.17551],[-49.40773,-25.17552],[-49.4079,-25.17549],[-49.40811,-25.17544],[-49.40839,-25.17534],[-49.40894,-25.17507],[-49.40935,-25.17487],[-49.40961,-25.17469],[-49.40981,-25.17442],[-49.41009,-25.17386],[-49.41064,-25.17282],[-49.41077,-25.17253],[-49.41098,-25.17228],[-49.41127,-25.17203],[-49.41165,-25.17184],[-49.41195,-25.17176],[-49.41214,-25.17173],[-49.41233,-25.17173],[-49.41259,-25.17175],[-49.41282,-25.17178],[-49.41311,-25.17183],[-49.41337,-25.17187],[-49.41364,-25.17188],[-49.41398,-25.17186],[-49.41442,-25.17174],[-49.41521,-25.17148],[-49.41566,-25.17137],[-49.41599,-25.17134],[-49.41649,-25.17139],[-49.41699,-25.17147],[-49.4172,-25.17152],[-49.41765,-25.17177],[-49.41893,-25.17267],[-49.42,-25.17344],[-49.42142,-25.17448],[-49.42197,-25.17485],[-49.42237,-25.17509],[-49.42285,-25.17528],[-49.42344,-25.17548],[-49.42394,-25.17559],[-49.42438,-25.17569],[-49.42467,-25.17576],[-49.42489,-25.17579],[-49.42518,-25.17579],[-49.42546,-25.17573],[-49.42573,-25.17562],[-49.42592,-25.17551],[-49.42609,-25.17538],[-49.4263,-25.17519],[-49.42679,-25.17428],[-49.42709,-25.1737],[-49.42726,-25.17349],[-49.42748,-25.17328],[-49.42775,-25.17314],[-49.42834,-25.17297],[-49.43129,-25.17243],[-49.43276,-25.17214],[-49.43311,-25.17212],[-49.43389,-25.17221],[-49.43513,-25.1724],[-49.43539,-25.17244],[-49.43558,-25.17245],[-49.43577,-25.17244],[-49.43597,-25.17239],[-49.43627,-25.17227],[-49.43696,-25.17187],[-49.43765,-25.17149],[-49.43979,-25.17024],[-49.44132,-25.16933],[-49.44197,-25.16898],[-49.44253,-25.16881],[-49.44409,-25.16844],[-49.44504,-25.16822],[-49.44564,-25.16805],[-49.44693,-25.16747],[-49.44756,-25.16721],[-49.44795,-25.16712],[-49.4491,-25.1669],[-49.44922,-25.16685],[-49.44935,-25.16679],[-49.44956,-25.16665],[-49.45008,-25.16591],[-49.45019,-25.16576],[-49.45033,-25.16557],[-49.45067,-25.16529],[-49.45115,-25.16509],[-49.45132,-25.16506],[-49.45149,-25.16503],[-49.45167,-25.16504],[-49.45193,-25.1651],[-49.45214,-25.16514],[-49.45237,-25.16514],[-49.45279,-25.16509],[-49.45378,-25.16496],[-49.45451,-25.16483],[-49.45506,-25.16474],[-49.45535,-25.16475],[-49.45557,-25.1648],[-49.45617,-25.16493],[-49.45633,-25.16496],[-49.45651,-25.16496],[-49.45662,-25.16494],[-49.45706,-25.16473],[-49.45724,-25.16465],[-49.45728,-25.16463],[-49.45749,-25.16459],[-49.45766,-25.16458],[-49.45779,-25.16458],[-49.45799,-25.16463],[-49.45816,-25.16471],[-49.45863,-25.16502],[-49.45926,-25.16551],[-49.45947,-25.16564],[-49.45967,-25.16573],[-49.46002,-25.16582],[-49.4605,-25.16595],[-49.46106,-25.16608],[-49.46113,-25.1661]],[[-49.46268,-25.15377],[-49.46114,-25.16598],[-49.46113,-25.1661]],[[-49.45787,-25.1493],[-49.45825,-25.14987],[-49.45864,-25.15029],[-49.45891,-25.15082],[-49.45903,-25.15096],[-49.45922,-25.15103],[-49.45966,-25.15095],[-49.46009,-25.15106],[-49.46062,-25.15108],[-49.46103,-25.151],[-49.46126,-25.15103],[-49.4618,-25.15127],[-49.46199,-25.15142],[-49.46205,-25.15147],[-49.46217,-25.15161],[-49.46227,-25.15177],[-49.46253,-25.15255],[-49.46253,-25.15274],[-49.46245,-25.15304],[-49.46245,-25.15321],[-49.46268,-25.15377]],[[-49.45817,-25.14905],[-49.45813,-25.14911],[-49.45787,-25.14922],[-49.45787,-25.1493]],[[-49.44549,-25.14513],[-49.4459,-25.14516],[-49.44595,-25.1452],[-49.44635,-25.14526],[-49.44646,-25.14527],[-49.44676,-25.14542],[-49.44693,-25.14555],[-49.44699,-25.14562],[-49.44702,-25.14578],[-49.44697,-25.14591],[-49.44702,-25.14616],[-49.44706,-25.1463],[-49.44719,-25.14674],[-49.44728,-25.14686],[-49.44742,-25.14692],[-49.44766,-25.14694],[-49.4479,-25.14683],[-49.44808,-25.14664],[-49.44825,-25.14659],[-49.44841,-25.14666],[-49.44859,-25.14679],[-49.44896,-25.14755],[-49.44909,-25.14767],[-49.44927,-25.14769],[-49.44984,-25.14765],[-49.45009,-25.14776],[-49.45045,-25.14795],[-49.45114,-25.14815],[-49.4513,-25.14825],[-49.45141,-25.14843],[-49.45118,-25.14916],[-49.45122,-25.14922],[-49.45131,-25.14921],[-49.45159,-25.14905],[-49.45174,-25.14901],[-49.45182,-25.14904],[-49.45187,-25.1491],[-49.45191,-25.14925],[-49.45189,-25.14931],[-49.45164,-25.14938],[-49.45159,-25.14944],[-49.45166,-25.14972],[-49.45175,-25.1498],[-49.45186,-25.1499],[-49.45236,-25.1501],[-49.45262,-25.15011],[-49.45271,-25.15008],[-49.45285,-25.14985],[-49.45292,-25.14979],[-49.45308,-25.14975],[-49.45345,-25.14977],[-49.45385,-25.14987],[-49.45401,-25.14988],[-49.45418,-25.14982],[-49.4544,-25.14968],[-49.45466,-25.14941],[-49.45474,-25.14926],[-49.45475,-25.14919],[-49.45467,-25.14905],[-49.45442,-25.14876],[-49.45408,-25.14855],[-49.45381,-25.14831],[-49.45375,-25.14818],[-49.45377,-25.14812],[-49.45387,-25.14802],[-49.45421,-25.14787],[-49.45436,-25.14775],[-49.45441,-25.14768],[-49.4545,-25.14736],[-49.45461,-25.14711],[-49.4547,-25.14698],[-49.45483,-25.14689],[-49.45506,-25.14689],[-49.4555,-25.14701],[-49.45561,-25.14705],[-49.45612,-25.14729],[-49.45644,-25.14755],[-49.45722,-25.14776],[-49.45729,-25.14781],[-49.45736,-25.14785],[-49.45757,-25.14822],[-49.45793,-25.1486],[-49.45809,-25.14884],[-49.45817,-25.14905]],[[-49.44548,-25.14502],[-49.44549,-25.14513]],[[-49.43726,-25.13491],[-49.43735,-25.13501],[-49.43756,-25.13523],[-49.43764,-25.13537],[-49.4377,-25.13552],[-49.43775,-25.13566],[-49.43781,-25.1358],[-49.43789,-25.13593],[-49.43795,-25.13604],[-49.43802,-25.13615],[-49.43808,-25.13627],[-49.43812,-25.13638],[-49.43815,-25.13653],[-49.43818,-25.13666],[-49.43823,-25.13682],[-49.43827,-25.13696],[-49.43834,-25.13714],[-49.43841,-25.1373],[-49.43849,-25.13742],[-49.4386,-25.13754],[-49.43876,-25.13768],[-49.43888,-25.13776],[-49.43906,-25.13791],[-49.43919,-25.13804],[-49.43925,-25.1381],[-49.4394,-25.13825],[-49.43952,-25.1384],[-49.43961,-25.13851],[-49.43973,-25.13869],[-49.43983,-25.13882],[-49.43993,-25.13901],[-49.44007,-25.13925],[-49.44018,-25.13935],[-49.44028,-25.13944],[-49.44046,-25.13953],[-49.44064,-25.13963],[-49.4408,-25.13974],[-49.44099,-25.13988],[-49.44116,-25.14004],[-49.4413,-25.14018],[-49.44143,-25.14035],[-49.44152,-25.14045],[-49.4416,-25.14058],[-49.44166,-25.14069],[-49.44173,-25.14087],[-49.44179,-25.14102],[-49.44186,-25.14114],[-49.44199,-25.14132],[-49.4421,-25.14145],[-49.44219,-25.14159],[-49.44229,-25.14181],[-49.44236,-25.142],[-49.44242,-25.14215],[-49.44246,-25.14236],[-49.44246,-25.14245],[-49.44249,-25.14254],[-49.44255,-25.14262],[-49.44262,-25.14271],[-49.4427,-25.14282],[-49.44279,-25.14293],[-49.44289,-25.14302],[-49.44307,-25.14314],[-49.44318,-25.14323],[-49.44326,-25.14331],[-49.44335,-25.14344],[-49.44345,-25.14365],[-49.44353,-25.14379],[-49.44361,-25.14392],[-49.44374,-25.14409],[-49.44387,-25.1442],[-49.44397,-25.14431],[-49.44409,-25.14441],[-49.44422,-25.14448],[-49.44439,-25.14451],[-49.44451,-25.14451],[-49.4446,-25.14449],[-49.44472,-25.14446],[-49.44497,-25.14446],[-49.44512,-25.14449],[-49.44523,-25.14457],[-49.44538,-25.14473],[-49.44543,-25.14484],[-49.44548,-25.14502]],[[-49.42793,-25.12536],[-49.42793,-25.1254],[-49.42795,-25.12543],[-49.42803,-25.12556],[-49.42817,-25.1258],[-49.42823,-25.12592],[-49.42827,-25.12598],[-49.4283,-25.12605],[-49.42832,-25.1261],[-49.42834,-25.12617],[-49.42835,-25.12629],[-49.42835,-25.12639],[-49.42836,-25.12651],[-49.42838,-25.12663],[-49.42842,-25.12672],[-49.42848,-25.12682],[-49.42856,-25.12691],[-49.4287,-25.12696],[-49.42885,-25.12699],[-49.42899,-25.12697],[-49.42919,-25.12694],[-49.42938,-25.12695],[-49.42955,-25.12695],[-49.42983,-25.12697],[-49.43009,-25.12699],[-49.43031,-25.12697],[-49.4305,-25.12691],[-49.4307,-25.12687],[-49.43095,-25.12681],[-49.43116,-25.12677],[-49.43131,-25.12674],[-49.43142,-25.12674],[-49.43161,-25.12678],[-49.43179,-25.12686],[-49.43192,-25.12696],[-49.43202,-25.12706],[-49.43209,-25.12717],[-49.43212,-25.1273],[-49.43213,-25.12744],[-49.43215,-25.12763],[-49.43218,-25.12781],[-49.43225,-25.12804],[-49.43231,-25.12825],[-49.43236,-25.12849],[-49.43239,-25.12866],[-49.43243,-25.12891],[-49.43247,-25.12909],[-49.43256,-25.12928],[-49.43261,-25.12949],[-49.43266,-25.12971],[-49.43271,-25.12996],[-49.43279,-25.13018],[-49.43293,-25.13041],[-49.433,-25.13051],[-49.43306,-25.1306],[-49.43312,-25.13069],[-49.43317,-25.13088],[-49.43319,-25.13109],[-49.4332,-25.13118],[-49.43325,-25.13127],[-49.43346,-25.13143],[-49.43373,-25.13161],[-49.43389,-25.13176],[-49.43416,-25.13206],[-49.43436,-25.13223],[-49.43452,-25.13242],[-49.43477,-25.13268],[-49.43504,-25.13293],[-49.43526,-25.13315],[-49.43541,-25.13327],[-49.43554,-25.13343],[-49.43567,-25.13365],[-49.43575,-25.13385],[-49.43578,-25.13404],[-49.43578,-25.13422],[-49.43581,-25.13435],[-49.43585,-25.13444],[-49.43593,-25.13447],[-49.43602,-25.13446],[-49.43619,-25.13445],[-49.4364,-25.13445],[-49.43659,-25.13448],[-49.43672,-25.13451],[-49.43682,-25.13457],[-49.43695,-25.13464],[-49.43713,-25.13479],[-49.43726,-25.13491]],[[-49.45154,-25.10957],[-49.45146,-25.10959],[-49.45078,-25.10968],[-49.45018,-25.10971],[-49.44986,-25.10972],[-49.44972,-25.10973],[-49.44953,-25.10964],[-49.44939,-25.10949],[-49.4491,-25.10934],[-49.44895,-25.1093],[-49.44879,-25.10927],[-49.44852,-25.10927],[-49.44829,-25.1093],[-49.44821,-25.1093],[-49.44813,-25.10932],[-49.44808,-25.10935],[-49.44806,-25.10939],[-49.44807,-25.10946],[-49.44819,-25.10971],[-49.44828,-25.10982],[-49.44831,-25.10995],[-49.44829,-25.11015],[-49.44819,-25.1105],[-49.44811,-25.11087],[-49.448,-25.11114],[-49.44782,-25.11134],[-49.44763,-25.11157],[-49.44739,-25.11181],[-49.44725,-25.11194],[-49.44708,-25.11203],[-49.44688,-25.11209],[-49.44669,-25.11219],[-49.44655,-25.11231],[-49.44644,-25.1124],[-49.44632,-25.11245],[-49.44624,-25.11246],[-49.44614,-25.11244],[-49.44604,-25.11236],[-49.44594,-25.11224],[-49.4458,-25.11216],[-49.44562,-25.11209],[-49.44544,-25.11204],[-49.44524,-25.11199],[-49.4451,-25.11198],[-49.44497,-25.11202],[-49.44487,-25.11208],[-49.44478,-25.1122],[-49.4447,-25.11233],[-49.44461,-25.11244],[-49.44446,-25.11255],[-49.4443,-25.11263],[-49.44406,-25.11269],[-49.44387,-25.11273],[-49.44374,-25.11277],[-49.44366,-25.11284],[-49.44361,-25.11292],[-49.44359,-25.11306],[-49.4436,-25.11324],[-49.44364,-25.11359],[-49.44371,-25.11388],[-49.44378,-25.11414],[-49.44379,-25.11433],[-49.44375,-25.11451],[-49.44375,-25.11465],[-49.44377,-25.11496],[-49.44381,-25.11538],[-49.44386,-25.11575],[-49.44389,-25.11592],[-49.4439,-25.1161],[-49.44389,-25.11625],[-49.44384,-25.11667],[-49.44381,-25.1168],[-49.44369,-25.1173],[-49.44359,-25.11766],[-49.44352,-25.11785],[-49.44345,-25.11801],[-49.44336,-25.1181],[-49.44309,-25.11842],[-49.4429,-25.11861],[-49.44265,-25.11877],[-49.44219,-25.11901],[-49.44176,-25.11926],[-49.44138,-25.11953],[-49.44117,-25.11972],[-49.44096,-25.11988],[-49.44062,-25.12016],[-49.44048,-25.1203],[-49.44034,-25.12038],[-49.44006,-25.12044],[-49.43983,-25.12045],[-49.4394,-25.12045],[-49.43918,-25.12045],[-49.439,-25.12047],[-49.43882,-25.12054],[-49.43861,-25.12063],[-49.43835,-25.12075],[-49.43815,-25.12085],[-49.43798,-25.12099],[-49.43771,-25.12126],[-49.43758,-25.1214],[-49.43732,-25.12166],[-49.43712,-25.12187],[-49.437,-25.12197],[-49.43683,-25.12206],[-49.43668,-25.1221],[-49.43657,-25.12212],[-49.43627,-25.1221],[-49.43601,-25.12205],[-49.43581,-25.12202],[-49.43557,-25.12207],[-49.43529,-25.12215],[-49.43507,-25.12228],[-49.43487,-25.1224],[-49.43468,-25.12254],[-49.43439,-25.12277],[-49.43411,-25.12305],[-49.43387,-25.1233],[-49.43364,-25.12354],[-49.43345,-25.12367],[-49.43322,-25.12382],[-49.43296,-25.12392],[-49.43268,-25.12398],[-49.43242,-25.12406],[-49.43223,-25.12413],[-49.43193,-25.1243],[-49.43153,-25.12454],[-49.43129,-25.12472],[-49.43114,-25.12478],[-49.43091,-25.12486],[-49.43069,-25.12493],[-49.43044,-25.12501],[-49.43027,-25.12511],[-49.42948,-25.12566],[-49.4291,-25.12593],[-49.429,-25.12603],[-49.42892,-25.12617],[-49.42887,-25.12629],[-49.42889,-25.1264],[-49.4289,-25.12648],[-49.42889,-25.12655],[-49.42885,-25.12659],[-49.42877,-25.12659],[-49.42868,-25.12654],[-49.42864,-25.12649],[-49.42859,-25.12641],[-49.42855,-25.12631],[-49.42854,-25.12624],[-49.42853,-25.12616],[-49.42852,-25.12606],[-49.42852,-25.12597],[-49.42849,-25.12591],[-49.42845,-25.12586],[-49.42838,-25.1258],[-49.42831,-25.12576],[-49.42824,-25.12568],[-49.42818,-25.12562],[-49.42811,-25.12552],[-49.42805,-25.12544],[-49.42801,-25.12541],[-49.42798,-25.12538],[-49.42795,-25.12537],[-49.42793,-25.12536]],[[-49.47671,-25.08584],[-49.47654,-25.08597],[-49.47623,-25.08605],[-49.47597,-25.08632],[-49.47598,-25.08687],[-49.4756,-25.08748],[-49.47521,-25.08817],[-49.47511,-25.08846],[-49.47499,-25.08867],[-49.47476,-25.08893],[-49.47436,-25.08928],[-49.47416,-25.0894],[-49.47395,-25.08948],[-49.47379,-25.0895],[-49.47342,-25.08938],[-49.47323,-25.08936],[-49.47304,-25.08938],[-49.47289,-25.08946],[-49.47283,-25.08955],[-49.47277,-25.08981],[-49.47268,-25.08995],[-49.47258,-25.09001],[-49.47241,-25.09005],[-49.47223,-25.09008],[-49.47191,-25.0903],[-49.4716,-25.09052],[-49.47141,-25.09077],[-49.47109,-25.09109],[-49.47074,-25.09134],[-49.4703,-25.09156],[-49.46954,-25.09175],[-49.46925,-25.09183],[-49.46891,-25.09182],[-49.46857,-25.09185],[-49.46844,-25.09191],[-49.46818,-25.09217],[-49.46799,-25.0923],[-49.46785,-25.09247],[-49.46767,-25.09272],[-49.46757,-25.09296],[-49.46741,-25.09316],[-49.46688,-25.09364],[-49.46636,-25.0941],[-49.4659,-25.09452],[-49.46565,-25.09481],[-49.4654,-25.0951],[-49.46511,-25.09543],[-49.46499,-25.09555],[-49.46494,-25.0957],[-49.46488,-25.0959],[-49.46479,-25.09611],[-49.46466,-25.09627],[-49.46446,-25.09655],[-49.46438,-25.09668],[-49.46422,-25.09686],[-49.46406,-25.09697],[-49.46397,-25.09707],[-49.46392,-25.09722],[-49.46393,-25.09751],[-49.46392,-25.09771],[-49.46396,-25.09793],[-49.46405,-25.09812],[-49.46409,-25.09828],[-49.46407,-25.09852],[-49.46399,-25.09871],[-49.46359,-25.09922],[-49.46314,-25.09972],[-49.46293,-25.09995],[-49.46282,-25.10009],[-49.46275,-25.10021],[-49.46271,-25.10038],[-49.46272,-25.1006],[-49.4627,-25.1008],[-49.46261,-25.10104],[-49.46249,-25.10125],[-49.46226,-25.10153],[-49.46209,-25.10185],[-49.46199,-25.1021],[-49.46177,-25.1024],[-49.46149,-25.10273],[-49.46136,-25.10282],[-49.46114,-25.10287],[-49.46087,-25.10286],[-49.46041,-25.10276],[-49.46003,-25.10269],[-49.45978,-25.1027],[-49.4596,-25.10279],[-49.45936,-25.10292],[-49.45905,-25.10329],[-49.45879,-25.10369],[-49.45824,-25.10408],[-49.45763,-25.10453],[-49.45728,-25.10479],[-49.45599,-25.10555],[-49.4557,-25.10575],[-49.45553,-25.10586],[-49.45535,-25.10598],[-49.45521,-25.10617],[-49.45507,-25.10655],[-49.45495,-25.10699],[-49.45491,-25.10716],[-49.45488,-25.10732],[-49.45496,-25.10757],[-49.45506,-25.10777],[-49.45516,-25.10794],[-49.45518,-25.1081],[-49.45513,-25.10829],[-49.455,-25.10842],[-49.45472,-25.10853],[-49.45455,-25.10854],[-49.45443,-25.10855],[-49.4542,-25.10864],[-49.45401,-25.10873],[-49.45378,-25.10891],[-49.45353,-25.10901],[-49.4526,-25.10927],[-49.45173,-25.10951],[-49.45154,-25.10957]],[[-49.48025,-25.08483],[-49.4798,-25.08586],[-49.47671,-25.08584]],[[-49.48168,-25.0764],[-49.48166,-25.07676],[-49.48154,-25.07734],[-49.48154,-25.07748],[-49.48167,-25.07803],[-49.48166,-25.0784],[-49.48146,-25.07906],[-49.48146,-25.07956],[-49.48152,-25.08019],[-49.48156,-25.08062],[-49.48149,-25.08122],[-49.48156,-25.0816],[-49.48157,-25.08195],[-49.48149,-25.08245],[-49.48133,-25.08284],[-49.48111,-25.0834],[-49.48077,-25.08409],[-49.48025,-25.08483]],[[-49.49998,-25.04667],[-49.49988,-25.04679],[-49.49975,-25.04687],[-49.49961,-25.0469],[-49.4993,-25.04672],[-49.49902,-25.04646],[-49.49884,-25.04637],[-49.49867,-25.04633],[-49.49849,-25.04612],[-49.49839,-25.04608],[-49.49811,-25.04612],[-49.49759,-25.04635],[-49.49739,-25.04656],[-49.49726,-25.0467],[-49.49692,-25.04694],[-49.49681,-25.04706],[-49.4968,-25.04715],[-49.49683,-25.04721],[-49.49702,-25.04745],[-49.49703,-25.04754],[-49.49695,-25.04777],[-49.49697,-25.04784],[-49.49719,-25.04798],[-49.49721,-25.04804],[-49.49721,-25.04814],[-49.49716,-25.04824],[-49.49702,-25.04835],[-49.49699,-25.04842],[-49.49704,-25.04848],[-49.49719,-25.04855],[-49.4973,-25.04859],[-49.49744,-25.04871],[-49.49749,-25.04879],[-49.49751,-25.04897],[-49.49745,-25.04915],[-49.49709,-25.04978],[-49.49703,-25.04996],[-49.49707,-25.05004],[-49.49718,-25.05016],[-49.49779,-25.05047],[-49.49794,-25.05059],[-49.49807,-25.0508],[-49.49807,-25.05098],[-49.4979,-25.05115],[-49.49752,-25.05132],[-49.49746,-25.05153],[-49.49737,-25.05166],[-49.49729,-25.05169],[-49.49722,-25.05172],[-49.49685,-25.05193],[-49.49655,-25.05216],[-49.49631,-25.05252],[-49.49616,-25.05267],[-49.49569,-25.05314],[-49.49563,-25.05328],[-49.49572,-25.0536],[-49.49569,-25.05373],[-49.49561,-25.05375],[-49.49552,-25.05369],[-49.49545,-25.05364],[-49.49521,-25.05316],[-49.49507,-25.05294],[-49.49499,-25.05292],[-49.49488,-25.05295],[-49.49481,-25.053],[-49.49471,-25.05324],[-49.49437,-25.05364],[-49.49416,-25.05397],[-49.49402,-25.05408],[-49.49358,-25.05425],[-49.49334,-25.05449],[-49.49327,-25.0547],[-49.49328,-25.05487],[-49.49337,-25.05502],[-49.49361,-25.0552],[-49.49363,-25.05533],[-49.4936,-25.0554],[-49.49332,-25.05558],[-49.49275,-25.05581],[-49.49256,-25.05595],[-49.49255,-25.05602],[-49.49266,-25.05613],[-49.49301,-25.05624],[-49.49314,-25.05662],[-49.49327,-25.05677],[-49.4934,-25.05686],[-49.49412,-25.0572],[-49.49413,-25.05735],[-49.49398,-25.05744],[-49.49411,-25.05756],[-49.49412,-25.05774],[-49.49425,-25.05795],[-49.4941,-25.05824],[-49.49399,-25.05832],[-49.4935,-25.05855],[-49.49316,-25.05873],[-49.49302,-25.05884],[-49.49293,-25.05904],[-49.49291,-25.0592],[-49.49277,-25.05934],[-49.49259,-25.05939],[-49.49199,-25.05938],[-49.49162,-25.05943],[-49.49111,-25.05934],[-49.49088,-25.05933],[-49.49039,-25.05937],[-49.49014,-25.05951],[-49.48978,-25.05945],[-49.48957,-25.05952],[-49.48881,-25.06014],[-49.48867,-25.06019],[-49.48851,-25.06018],[-49.48785,-25.05989],[-49.48766,-25.05992],[-49.48746,-25.05999],[-49.48626,-25.06087],[-49.48609,-25.06095],[-49.48587,-25.06095],[-49.48563,-25.06121],[-49.48549,-25.06151],[-49.48546,-25.06199],[-49.48551,-25.06244],[-49.48552,-25.06257],[-49.48543,-25.06295],[-49.4853,-25.06312],[-49.4848,-25.06358],[-49.4838,-25.0642],[-49.48331,-25.06473],[-49.48315,-25.06503],[-49.48302,-25.06555],[-49.48281,-25.06611],[-49.48264,-25.06655],[-49.48215,-25.06759],[-49.48172,-25.06823],[-49.48151,-25.06868],[-49.48099,-25.0694],[-49.48092,-25.06955],[-49.48078,-25.07012],[-49.48062,-25.07042],[-49.48055,-25.07086],[-49.48054,-25.07186],[-49.4806,-25.07245],[-49.48054,-25.0728],[-49.48062,-25.07296],[-49.48093,-25.07323],[-49.48111,-25.07345],[-49.4812,-25.0736],[-49.48121,-25.07375],[-49.4811,-25.07386],[-49.48077,-25.07401],[-49.48066,-25.07415],[-49.48054,-25.07432],[-49.48046,-25.07453],[-49.48043,-25.07484],[-49.48046,-25.07498],[-49.48058,-25.07524],[-49.48083,-25.07563],[-49.48154,-25.07619],[-49.48165,-25.07632],[-49.48168,-25.0764]],[[-49.50291,-25.02544],[-49.50288,-25.02564],[-49.50284,-25.02604],[-49.50287,-25.02617],[-49.50286,-25.02629],[-49.50291,-25.02641],[-49.50313,-25.02656],[-49.50318,-25.02668],[-49.50339,-25.02695],[-49.50351,-25.027],[-49.50361,-25.0271],[-49.50378,-25.0274],[-49.50386,-25.02752],[-49.50399,-25.02761],[-49.50428,-25.02761],[-49.5044,-25.02767],[-49.5045,-25.02776],[-49.50481,-25.0281],[-49.50487,-25.02835],[-49.505,-25.0285],[-49.50504,-25.02863],[-49.50526,-25.02879],[-49.50563,-25.02908],[-49.50572,-25.02919],[-49.50603,-25.02935],[-49.5063,-25.02955],[-49.50651,-25.0296],[-49.5067,-25.02968],[-49.50677,-25.02968],[-49.50691,-25.02964],[-49.50696,-25.02968],[-49.507,-25.02993],[-49.5071,-25.03002],[-49.50731,-25.03006],[-49.50737,-25.03003],[-49.50744,-25.02978],[-49.50749,-25.02974],[-49.50762,-25.0297],[-49.50774,-25.02976],[-49.5078,-25.02988],[-49.50793,-25.03003],[-49.50802,-25.03021],[-49.5081,-25.03052],[-49.50815,-25.03071],[-49.50815,-25.0309],[-49.50808,-25.03108],[-49.50808,-25.03128],[-49.50802,-25.03153],[-49.50807,-25.03178],[-49.50799,-25.03189],[-49.50799,-25.03214],[-49.50784,-25.0325],[-49.50747,-25.03279],[-49.50729,-25.03289],[-49.50713,-25.03302],[-49.50692,-25.03304],[-49.50678,-25.03317],[-49.5065,-25.03329],[-49.50641,-25.03334],[-49.50613,-25.0334],[-49.50601,-25.03356],[-49.50588,-25.03359],[-49.50583,-25.03364],[-49.5057,-25.03401],[-49.50567,-25.03409],[-49.5055,-25.03419],[-49.50542,-25.03431],[-49.50529,-25.03434],[-49.50519,-25.03443],[-49.5049,-25.03448],[-49.50483,-25.03447],[-49.5047,-25.03432],[-49.5047,-25.03419],[-49.50465,-25.03415],[-49.50451,-25.0341],[-49.5043,-25.03412],[-49.50403,-25.03421],[-49.50402,-25.03427],[-49.50412,-25.03437],[-49.5041,-25.03443],[-49.50376,-25.03433],[-49.50355,-25.03435],[-49.50342,-25.03439],[-49.50325,-25.03451],[-49.50304,-25.03454],[-49.5029,-25.03456],[-49.50285,-25.0346],[-49.50285,-25.03467],[-49.50263,-25.03469],[-49.5026,-25.03474],[-49.50263,-25.0348],[-49.5026,-25.03486],[-49.50253,-25.03489],[-49.50251,-25.03495],[-49.50251,-25.03501],[-49.50246,-25.03513],[-49.5025,-25.03519],[-49.50263,-25.03533],[-49.50269,-25.03545],[-49.50269,-25.03557],[-49.50273,-25.03563],[-49.5028,-25.03564],[-49.50288,-25.03574],[-49.50298,-25.03597],[-49.50314,-25.03609],[-49.50313,-25.03621],[-49.50287,-25.0363],[-49.50237,-25.03631],[-49.50187,-25.03641],[-49.50161,-25.0365],[-49.50145,-25.03663],[-49.50139,-25.03665],[-49.50118,-25.03672],[-49.50104,-25.03694],[-49.50095,-25.03704],[-49.50081,-25.03733],[-49.50069,-25.03742],[-49.5006,-25.03751],[-49.50055,-25.03772],[-49.50039,-25.03794],[-49.50011,-25.03805],[-49.49992,-25.03828],[-49.49985,-25.03841],[-49.49983,-25.03852],[-49.49989,-25.03866],[-49.50017,-25.0389],[-49.50026,-25.03891],[-49.50055,-25.03875],[-49.50063,-25.03874],[-49.50068,-25.03869],[-49.5007,-25.03857],[-49.50074,-25.03852],[-49.50081,-25.0385],[-49.50095,-25.03854],[-49.50101,-25.03852],[-49.50105,-25.03839],[-49.5011,-25.03835],[-49.50132,-25.03833],[-49.50139,-25.03833],[-49.50151,-25.0384],[-49.50186,-25.03838],[-49.50213,-25.03846],[-49.50227,-25.03846],[-49.50241,-25.03844],[-49.50266,-25.03831],[-49.50273,-25.03832],[-49.50285,-25.03839],[-49.50288,-25.03844],[-49.50291,-25.03857],[-49.50288,-25.03882],[-49.50291,-25.03895],[-49.50294,-25.03901],[-49.50311,-25.03914],[-49.50325,-25.03916],[-49.50344,-25.03907],[-49.50358,-25.03893],[-49.50371,-25.03898],[-49.50375,-25.03904],[-49.50373,-25.03935],[-49.50356,-25.03946],[-49.50328,-25.03941],[-49.50318,-25.0395],[-49.50317,-25.03963],[-49.50319,-25.03969],[-49.50329,-25.03979],[-49.50348,-25.03988],[-49.50351,-25.03993],[-49.50351,-25.03999],[-49.50346,-25.04012],[-49.50346,-25.04025],[-49.50335,-25.04033],[-49.50329,-25.04052],[-49.5031,-25.04058],[-49.503,-25.04075],[-49.50296,-25.04079],[-49.50294,-25.04091],[-49.50289,-25.04096],[-49.50287,-25.04109],[-49.5028,-25.04119],[-49.50268,-25.04127],[-49.50255,-25.04131],[-49.50245,-25.0414],[-49.50244,-25.04153],[-49.50234,-25.04177],[-49.50232,-25.04203],[-49.50231,-25.04209],[-49.50233,-25.04216],[-49.50237,-25.04221],[-49.5025,-25.04227],[-49.50256,-25.04238],[-49.50241,-25.04267],[-49.50229,-25.04275],[-49.50211,-25.04286],[-49.50202,-25.04296],[-49.50195,-25.04297],[-49.50181,-25.04295],[-49.50161,-25.04299],[-49.50151,-25.04309],[-49.5015,-25.04321],[-49.50123,-25.04327],[-49.50081,-25.04324],[-49.50053,-25.04342],[-49.5005,-25.04348],[-49.5005,-25.04361],[-49.50063,-25.04383],[-49.50077,-25.04385],[-49.501,-25.0437],[-49.50114,-25.04366],[-49.50121,-25.04368],[-49.50124,-25.04374],[-49.50124,-25.04393],[-49.50118,-25.04396],[-49.50104,-25.04396],[-49.501,-25.04402],[-49.501,-25.04414],[-49.50079,-25.04431],[-49.50073,-25.04433],[-49.5005,-25.04429],[-49.50037,-25.04428],[-49.50024,-25.0443],[-49.49977,-25.04448],[-49.49963,-25.04456],[-49.49957,-25.04461],[-49.49956,-25.04467],[-49.49964,-25.04481],[-49.49965,-25.04488],[-49.49957,-25.04518],[-49.49959,-25.04535],[-49.50018,-25.04615],[-49.50026,-25.04631],[-49.50026,-25.04638],[-49.5002,-25.04646],[-49.50012,-25.0465],[-49.50005,-25.04654],[-49.49998,-25.04667]],[[-49.50291,-25.02544],[-49.50276,-25.02531],[-49.50232,-25.02475],[-49.50212,-25.02401],[-49.5021,-25.02324],[-49.50177,-25.02248],[-49.50141,-25.02173],[-49.50119,-25.02077],[-49.50093,-25.02034],[-49.50051,-25.01993],[-49.49997,-25.0193],[-49.49948,-25.01894],[-49.49901,-25.01848],[-49.49917,-25.01798],[-49.49944,-25.01762],[-49.49992,-25.01701],[-49.50022,-25.01607],[-49.5006,-25.01522],[-49.50105,-25.01465],[-49.5015,-25.01427],[-49.50164,-25.01388],[-49.50149,-25.01348],[-49.50115,-25.01307],[-49.50052,-25.01282],[-49.49989,-25.01265]],[[-49.49989,-25.01265],[-49.49963,-25.01251],[-49.49945,-25.01233]],[[-49.49945,-25.01233],[-49.49908,-25.01188],[-49.49865,-25.01163],[-49.49803,-25.01103],[-49.4977,-25.01091]],[[-49.49818,-25.01057],[-49.4977,-25.01091]],[[-49.51333,-25.00562],[-49.51322,-25.00585],[-49.51312,-25.00596],[-49.51301,-25.00603],[-49.51282,-25.00609],[-49.51267,-25.00613],[-49.51253,-25.00614],[-49.51242,-25.00615],[-49.51226,-25.00616],[-49.51216,-25.00618],[-49.51204,-25.00621],[-49.51193,-25.00624],[-49.51184,-25.00629],[-49.51179,-25.00635],[-49.51177,-25.00642],[-49.51177,-25.00649],[-49.51176,-25.00654],[-49.51175,-25.00661],[-49.51172,-25.00667],[-49.5117,-25.00674],[-49.5117,-25.00681],[-49.5117,-25.00687],[-49.51169,-25.00694],[-49.51166,-25.00703],[-49.51163,-25.00708],[-49.51162,-25.00711],[-49.51161,-25.00716],[-49.51163,-25.00721],[-49.51166,-25.00726],[-49.51168,-25.0073],[-49.51169,-25.00735],[-49.51169,-25.00737],[-49.51168,-25.00742],[-49.51164,-25.00749],[-49.51161,-25.00755],[-49.51157,-25.00761],[-49.51154,-25.00767],[-49.51152,-25.00772],[-49.51153,-25.00775],[-49.51155,-25.00779],[-49.5116,-25.00784],[-49.51167,-25.00786],[-49.51182,-25.00785],[-49.51191,-25.00784],[-49.51198,-25.00786],[-49.51204,-25.00794],[-49.51209,-25.00803],[-49.51214,-25.00808],[-49.51215,-25.00815],[-49.51215,-25.00825],[-49.51215,-25.00834],[-49.51217,-25.00844],[-49.51214,-25.00855],[-49.51208,-25.00864],[-49.51202,-25.00873],[-49.51194,-25.00879],[-49.51187,-25.00882],[-49.51176,-25.00882],[-49.51167,-25.00876],[-49.51163,-25.00868],[-49.51157,-25.00862],[-49.51145,-25.00858],[-49.51123,-25.00858],[-49.51103,-25.00856],[-49.51086,-25.00856],[-49.51068,-25.00857],[-49.51053,-25.00855],[-49.51039,-25.00848],[-49.51029,-25.00843],[-49.51017,-25.00843],[-49.5098,-25.00852],[-49.50953,-25.00862],[-49.50928,-25.00873],[-49.50905,-25.0088],[-49.50882,-25.00883],[-49.50846,-25.00885],[-49.50824,-25.00885],[-49.50801,-25.00882],[-49.50787,-25.00883],[-49.50772,-25.00884],[-49.50755,-25.00883],[-49.50743,-25.00881],[-49.50733,-25.0088],[-49.50724,-25.00881],[-49.50715,-25.00887],[-49.5071,-25.0089],[-49.50702,-25.00897],[-49.50691,-25.00904],[-49.50676,-25.00908],[-49.5066,-25.00909],[-49.50645,-25.00906],[-49.50636,-25.00897],[-49.50629,-25.00887],[-49.50621,-25.0088],[-49.5061,-25.00876],[-49.50598,-25.00873],[-49.50588,-25.00873],[-49.50581,-25.00878],[-49.50573,-25.00886],[-49.50569,-25.00893],[-49.50559,-25.00897],[-49.50547,-25.00901],[-49.50534,-25.00907],[-49.50526,-25.00921],[-49.50517,-25.00936],[-49.50512,-25.00945],[-49.50505,-25.00954],[-49.505,-25.00961],[-49.50492,-25.00964],[-49.5048,-25.00966],[-49.50465,-25.00965],[-49.50456,-25.00963],[-49.50448,-25.00965],[-49.50438,-25.00974],[-49.5043,-25.00984],[-49.5042,-25.00996],[-49.50414,-25.01005],[-49.50407,-25.01009],[-49.50399,-25.0101],[-49.50393,-25.01008],[-49.50375,-25.01003],[-49.50357,-25.00999],[-49.50341,-25.00988],[-49.50325,-25.00974],[-49.50313,-25.00958],[-49.50307,-25.00945],[-49.503,-25.00936],[-49.50291,-25.00935],[-49.50285,-25.0094],[-49.5028,-25.00948],[-49.50283,-25.0096],[-49.50292,-25.00971],[-49.50302,-25.00985],[-49.50307,-25.00993],[-49.5031,-25.01],[-49.5031,-25.01012],[-49.50306,-25.01021],[-49.50299,-25.01029],[-49.50288,-25.01036],[-49.50273,-25.01041],[-49.50257,-25.01044],[-49.50238,-25.01045],[-49.50226,-25.01045],[-49.50216,-25.0104],[-49.50207,-25.01032],[-49.50197,-25.01028],[-49.50184,-25.01028],[-49.50177,-25.01028],[-49.5017,-25.01029],[-49.50163,-25.01037],[-49.50163,-25.01054],[-49.50161,-25.01065],[-49.50159,-25.01076],[-49.50155,-25.01084],[-49.50149,-25.01087],[-49.50139,-25.01085],[-49.50125,-25.01081],[-49.50115,-25.01071],[-49.50104,-25.01059],[-49.5009,-25.01049],[-49.50083,-25.01044],[-49.50079,-25.01034],[-49.50077,-25.01017],[-49.50077,-25.01004],[-49.50075,-25.00996],[-49.50068,-25.0099],[-49.50057,-25.00983],[-49.50049,-25.00976],[-49.50042,-25.00972],[-49.50033,-25.00972],[-49.5002,-25.00976],[-49.50007,-25.0098],[-49.49988,-25.00984],[-49.49976,-25.00987],[-49.4994,-25.01002],[-49.49911,-25.01013],[-49.49897,-25.01022],[-49.4988,-25.01031],[-49.49839,-25.01046],[-49.49818,-25.01057]],[[-49.51739,-25.00486],[-49.51715,-25.00497],[-49.5162,-25.00507],[-49.51575,-25.00513],[-49.51561,-25.0052],[-49.51539,-25.00538],[-49.51523,-25.0055],[-49.51495,-25.00559],[-49.51471,-25.00551],[-49.51412,-25.00548],[-49.51385,-25.00542],[-49.51372,-25.00539],[-49.51351,-25.00539],[-49.5134,-25.00547],[-49.51333,-25.00562]],[[-49.51739,-25.00486],[-49.5174,-25.00432],[-49.51767,-25.00387],[-49.51798,-25.00362],[-49.51858,-25.00348],[-49.51896,-25.00348]],[[-49.51896,-25.00348],[-49.51956,-25.00346],[-49.51989,-25.0034]],[[-49.52026,-25.00166],[-49.52013,-25.00178],[-49.51999,-25.00214],[-49.51996,-25.00236],[-49.52011,-25.00261],[-49.52052,-25.00306],[-49.52059,-25.00324],[-49.52064,-25.00343],[-49.52058,-25.00358],[-49.52049,-25.00362],[-49.52033,-25.0036],[-49.52022,-25.0035],[-49.5201,-25.00344],[-49.51989,-25.0034]],[[-49.52026,-25.00166],[-49.5206,-25.00073],[-49.52092,-25.00032],[-49.52109,-24.99963],[-49.52147,-24.99898],[-49.52172,-24.99843],[-49.52186,-24.99827],[-49.52214,-24.99817],[-49.52249,-24.99809]],[[-49.52249,-24.99809],[-49.52203,-24.9972]],[[-49.52203,-24.9972],[-49.52246,-24.99724],[-49.52297,-24.99741],[-49.52342,-24.99736],[-49.52386,-24.99693],[-49.5245,-24.99648],[-49.5251,-24.99599],[-49.52571,-24.99572],[-49.52612,-24.99549],[-49.52644,-24.99509],[-49.52695,-24.99481],[-49.52755,-24.99447],[-49.528,-24.99416],[-49.52842,-24.99402],[-49.5286,-24.99396],[-49.52911,-24.99344],[-49.52949,-24.99325],[-49.52993,-24.99286],[-49.53025,-24.99257],[-49.53086,-24.99232],[-49.53124,-24.992],[-49.53175,-24.99146]],[[-49.53175,-24.99146],[-49.5321,-24.99115],[-49.53241,-24.99055],[-49.53293,-24.99021],[-49.53322,-24.98972],[-49.53395,-24.98956],[-49.53438,-24.98939],[-49.5349,-24.98908],[-49.53517,-24.98901],[-49.53563,-24.98888],[-49.53589,-24.98846],[-49.53618,-24.988],[-49.5367,-24.98753]],[[-49.5367,-24.98753],[-49.5371,-24.98726],[-49.53735,-24.98716]],[[-49.53735,-24.98716],[-49.53762,-24.98716],[-49.5379,-24.98698],[-49.53819,-24.98685],[-49.53834,-24.98668],[-49.53856,-24.98654],[-49.53881,-24.98649],[-49.53899,-24.98646],[-49.53948,-24.98641],[-49.53954,-24.98632],[-49.53977,-24.98626],[-49.53997,-24.98616],[-49.54047,-24.98611],[-49.54083,-24.98597],[-49.54102,-24.98595],[-49.5412,-24.98597],[-49.54164,-24.98597],[-49.54187,-24.98589],[-49.54273,-24.9857],[-49.54303,-24.98572],[-49.54335,-24.98585],[-49.54379,-24.98584],[-49.54404,-24.98577],[-49.54451,-24.98537],[-49.54468,-24.98511],[-49.54499,-24.98478],[-49.54511,-24.9846],[-49.54515,-24.98438],[-49.54526,-24.98418],[-49.54528,-24.98411],[-49.54524,-24.98397],[-49.54495,-24.98358],[-49.54489,-24.98345],[-49.54487,-24.98331],[-49.54497,-24.98292],[-49.54479,-24.98237],[-49.54478,-24.98222],[-49.54483,-24.9821],[-49.54489,-24.98208],[-49.54508,-24.982],[-49.54517,-24.98185],[-49.54526,-24.98173],[-49.54531,-24.98139],[-49.54546,-24.98099],[-49.54549,-24.98053],[-49.54554,-24.9804],[-49.54563,-24.9803],[-49.54579,-24.98026],[-49.54585,-24.98022],[-49.54606,-24.97994],[-49.5461,-24.97988],[-49.54654,-24.97962],[-49.5469,-24.97947],[-49.54698,-24.97935],[-49.54702,-24.97915],[-49.54698,-24.97892],[-49.54705,-24.97873],[-49.54718,-24.97862],[-49.54753,-24.9784],[-49.54765,-24.97817],[-49.54804,-24.97779],[-49.54824,-24.97743],[-49.5485,-24.97705],[-49.54874,-24.9769],[-49.54903,-24.97685],[-49.54911,-24.9768],[-49.54931,-24.97647],[-49.54941,-24.97638],[-49.54949,-24.97632],[-49.55003,-24.9762],[-49.55093,-24.97608],[-49.55117,-24.97609],[-49.5517,-24.97621],[-49.55178,-24.97621],[-49.55183,-24.97607],[-49.55188,-24.97602],[-49.5523,-24.97615],[-49.55253,-24.97609],[-49.55281,-24.9761],[-49.55297,-24.97606],[-49.55321,-24.97611],[-49.5533,-24.97609],[-49.55346,-24.97594],[-49.55381,-24.97577],[-49.55391,-24.97565],[-49.55399,-24.97542],[-49.55407,-24.9753],[-49.5541,-24.97508],[-49.55407,-24.97494],[-49.55384,-24.97455],[-49.55382,-24.97442],[-49.55401,-24.97408],[-49.55401,-24.97385],[-49.55412,-24.97368],[-49.55412,-24.97338],[-49.55414,-24.9733],[-49.55418,-24.97317],[-49.55434,-24.97299],[-49.55452,-24.97289],[-49.55479,-24.97283],[-49.55515,-24.97269],[-49.55547,-24.97229],[-49.55583,-24.97201],[-49.55605,-24.97173],[-49.55621,-24.97161],[-49.55662,-24.97159],[-49.55676,-24.97163],[-49.5569,-24.97173],[-49.55701,-24.97188],[-49.55706,-24.9721],[-49.55725,-24.97257],[-49.55745,-24.97279],[-49.55806,-24.97319],[-49.55883,-24.97347],[-49.55926,-24.97381],[-49.55959,-24.9738],[-49.55968,-24.97382],[-49.55991,-24.97397],[-49.5601,-24.97405],[-49.56018,-24.97403],[-49.56025,-24.97397],[-49.56044,-24.9737],[-49.56082,-24.97339],[-49.5612,-24.9732],[-49.56132,-24.97311],[-49.56134,-24.97302],[-49.56125,-24.97272],[-49.5611,-24.97169],[-49.56121,-24.97146],[-49.5615,-24.97125],[-49.56165,-24.97106],[-49.56168,-24.97092],[-49.56163,-24.9707],[-49.56156,-24.97039],[-49.56165,-24.97022],[-49.56189,-24.96999],[-49.56228,-24.96977],[-49.56253,-24.96947],[-49.56252,-24.96916],[-49.56245,-24.96902],[-49.56236,-24.96885],[-49.56239,-24.96869],[-49.56273,-24.96835],[-49.56289,-24.96805],[-49.56298,-24.96799],[-49.56311,-24.96791],[-49.56346,-24.96775],[-49.56371,-24.96745],[-49.56388,-24.96743],[-49.5641,-24.96749],[-49.56432,-24.96753],[-49.56449,-24.96748],[-49.56461,-24.96735],[-49.56473,-24.96713],[-49.56478,-24.96709],[-49.56487,-24.96707],[-49.56494,-24.96705],[-49.56529,-24.96709],[-49.56556,-24.96708],[-49.56571,-24.96717],[-49.56589,-24.96726],[-49.56616,-24.96734],[-49.56659,-24.96733],[-49.56709,-24.96737],[-49.56743,-24.96743],[-49.56766,-24.96739],[-49.56785,-24.96726],[-49.56792,-24.96723],[-49.56802,-24.96718],[-49.56842,-24.96712],[-49.56873,-24.96691],[-49.56888,-24.96674],[-49.56896,-24.96654],[-49.56898,-24.96611],[-49.56906,-24.96598],[-49.56928,-24.9659],[-49.5697,-24.9659],[-49.56977,-24.96587],[-49.56988,-24.96578],[-49.5699,-24.9657],[-49.56989,-24.96561],[-49.56975,-24.9654],[-49.56968,-24.96512],[-49.56974,-24.96489],[-49.56993,-24.96463],[-49.56997,-24.96442],[-49.57004,-24.96427],[-49.57024,-24.96407],[-49.5706,-24.96336],[-49.57088,-24.96306],[-49.57101,-24.96258],[-49.57103,-24.96251],[-49.57114,-24.96238],[-49.57132,-24.96226],[-49.57145,-24.96212],[-49.57175,-24.96174],[-49.57192,-24.96147],[-49.57203,-24.96112],[-49.57225,-24.96082],[-49.5724,-24.96074],[-49.57298,-24.9606],[-49.57309,-24.9605],[-49.5732,-24.96024],[-49.57331,-24.96015],[-49.57362,-24.96007],[-49.57396,-24.96005],[-49.57435,-24.95994],[-49.57472,-24.95981],[-49.57485,-24.95974],[-49.57493,-24.95968],[-49.57501,-24.95962],[-49.57509,-24.95945]],[[-49.57509,-24.95945],[-49.57487,-24.95914],[-49.57478,-24.95894],[-49.57472,-24.95864],[-49.5747,-24.95854],[-49.5747,-24.95847],[-49.57472,-24.95842],[-49.57482,-24.95829],[-49.57508,-24.95807],[-49.57515,-24.958],[-49.57522,-24.95794],[-49.57527,-24.95785],[-49.5753,-24.95763],[-49.57532,-24.95754],[-49.57538,-24.95742],[-49.57556,-24.95716],[-49.57571,-24.95685],[-49.57593,-24.95648],[-49.57606,-24.95633],[-49.57619,-24.95622],[-49.5763,-24.95614],[-49.57645,-24.95607],[-49.57658,-24.95602],[-49.57668,-24.95597],[-49.57681,-24.95588],[-49.57708,-24.95563],[-49.57737,-24.95537],[-49.57766,-24.95515],[-49.57812,-24.95484],[-49.5783,-24.95468],[-49.57841,-24.95457],[-49.57847,-24.95438],[-49.57853,-24.95416],[-49.57854,-24.9539],[-49.57852,-24.95365],[-49.57852,-24.95343],[-49.5785,-24.95301],[-49.57851,-24.95237],[-49.57854,-24.95193],[-49.57855,-24.95179],[-49.57866,-24.95129],[-49.57889,-24.95049],[-49.57894,-24.95038],[-49.57911,-24.95006],[-49.57947,-24.94948],[-49.57974,-24.94909],[-49.57978,-24.949],[-49.57981,-24.94884],[-49.57982,-24.94849],[-49.57984,-24.9482],[-49.57982,-24.94805],[-49.5798,-24.94795],[-49.57978,-24.9479],[-49.57969,-24.94782],[-49.57957,-24.94777],[-49.57945,-24.94773],[-49.57926,-24.94768],[-49.57898,-24.94764],[-49.57882,-24.94761],[-49.57868,-24.94756],[-49.57852,-24.94747],[-49.57838,-24.94736],[-49.57806,-24.94711],[-49.57775,-24.94678],[-49.57749,-24.94648],[-49.57744,-24.94639],[-49.57739,-24.94625],[-49.57733,-24.94596],[-49.57726,-24.94571],[-49.5771,-24.94528],[-49.57698,-24.94509],[-49.57684,-24.94486],[-49.57669,-24.94463],[-49.57664,-24.94457],[-49.57642,-24.94432],[-49.57619,-24.94408],[-49.57593,-24.94381],[-49.57586,-24.94376],[-49.5758,-24.94371],[-49.57571,-24.94367],[-49.57556,-24.94365],[-49.57541,-24.94365],[-49.57527,-24.94366],[-49.57518,-24.94367],[-49.57478,-24.94369],[-49.57464,-24.94369],[-49.57441,-24.94371],[-49.57413,-24.94375],[-49.57392,-24.94379],[-49.57326,-24.94394],[-49.57285,-24.94404],[-49.57261,-24.94408],[-49.57247,-24.94409],[-49.57226,-24.94409],[-49.57208,-24.94406],[-49.57188,-24.944],[-49.57173,-24.94389],[-49.57156,-24.9437],[-49.57153,-24.94359],[-49.57151,-24.94344],[-49.57153,-24.94333],[-49.57157,-24.94318],[-49.57166,-24.94295],[-49.57178,-24.94262],[-49.57189,-24.94235],[-49.57199,-24.94211],[-49.57223,-24.94182],[-49.57244,-24.94163],[-49.5726,-24.9415],[-49.5728,-24.94133],[-49.57298,-24.94121],[-49.5731,-24.94109],[-49.57318,-24.94101],[-49.57319,-24.94091],[-49.57316,-24.94084],[-49.57306,-24.94069],[-49.573,-24.94059],[-49.57296,-24.94048],[-49.57294,-24.94027],[-49.57296,-24.94],[-49.57294,-24.93966],[-49.57291,-24.9395],[-49.57282,-24.93936],[-49.57267,-24.93921],[-49.57244,-24.93902],[-49.57222,-24.93888],[-49.572,-24.93877],[-49.57184,-24.93872],[-49.57158,-24.93865],[-49.57136,-24.93861],[-49.57116,-24.93857],[-49.57101,-24.9385],[-49.57082,-24.9384],[-49.57035,-24.93818],[-49.56997,-24.93805],[-49.56961,-24.93795],[-49.56938,-24.9379],[-49.5692,-24.93787],[-49.56901,-24.93788],[-49.56877,-24.93795],[-49.56847,-24.93807],[-49.56822,-24.93824],[-49.5681,-24.93833],[-49.56805,-24.93842],[-49.56805,-24.93851],[-49.56811,-24.93862],[-49.56822,-24.93874],[-49.5683,-24.93887],[-49.56837,-24.93895],[-49.56843,-24.93906],[-49.56848,-24.93919],[-49.5685,-24.93933],[-49.56851,-24.93949],[-49.56851,-24.93963],[-49.56849,-24.93978],[-49.56844,-24.93997],[-49.56839,-24.94016],[-49.56833,-24.94037],[-49.56826,-24.94051],[-49.56819,-24.94059],[-49.56807,-24.94068],[-49.56795,-24.94077],[-49.56778,-24.94093],[-49.56769,-24.94102],[-49.56756,-24.94109],[-49.56747,-24.94113],[-49.56734,-24.94117],[-49.56726,-24.94119],[-49.56717,-24.94118],[-49.56705,-24.94115],[-49.56689,-24.94112],[-49.56663,-24.94107],[-49.56637,-24.94103],[-49.56629,-24.94101],[-49.5661,-24.94097],[-49.56583,-24.94091],[-49.56555,-24.94085],[-49.5652,-24.94077],[-49.56499,-24.94072],[-49.5649,-24.94069],[-49.56477,-24.94064],[-49.56466,-24.94059],[-49.56457,-24.94055],[-49.56449,-24.94049],[-49.56442,-24.94043],[-49.56437,-24.94033],[-49.56434,-24.94019],[-49.56433,-24.94004],[-49.56434,-24.93987],[-49.56435,-24.93978],[-49.56433,-24.93967],[-49.56429,-24.93956],[-49.56423,-24.93946],[-49.5641,-24.93936],[-49.56395,-24.93929],[-49.56366,-24.9392],[-49.56342,-24.93916],[-49.5632,-24.93915],[-49.56297,-24.93916],[-49.56273,-24.93921],[-49.56261,-24.93928],[-49.56252,-24.93937],[-49.56245,-24.93946],[-49.56244,-24.93956],[-49.56244,-24.93974],[-49.56244,-24.93984],[-49.56243,-24.93994],[-49.56239,-24.94005],[-49.56233,-24.94014],[-49.56219,-24.94027],[-49.56208,-24.94035],[-49.5619,-24.94042],[-49.56175,-24.94044],[-49.56157,-24.94047],[-49.56143,-24.94049],[-49.5613,-24.94051],[-49.56121,-24.94055],[-49.56111,-24.94058],[-49.56096,-24.94059],[-49.56074,-24.94059],[-49.56048,-24.94058],[-49.56038,-24.94059],[-49.56021,-24.94063],[-49.56001,-24.94068],[-49.5598,-24.94073],[-49.55964,-24.94076],[-49.55951,-24.94078],[-49.55934,-24.94077],[-49.55913,-24.94072],[-49.55896,-24.94067],[-49.55883,-24.94061],[-49.55873,-24.94059],[-49.55862,-24.94059],[-49.55844,-24.9406],[-49.55815,-24.94064],[-49.55764,-24.94067],[-49.55724,-24.94065],[-49.55713,-24.94064],[-49.55656,-24.94061],[-49.5562,-24.94059],[-49.55608,-24.94059],[-49.55599,-24.94059],[-49.55589,-24.94061],[-49.55583,-24.94066],[-49.55575,-24.94073],[-49.55569,-24.94077],[-49.55561,-24.94079],[-49.55547,-24.9408],[-49.5553,-24.94079],[-49.55512,-24.94074],[-49.55493,-24.94068],[-49.55477,-24.94066],[-49.55454,-24.94064],[-49.55437,-24.94062],[-49.55425,-24.94059],[-49.55416,-24.94053],[-49.55409,-24.94043],[-49.55404,-24.94031],[-49.55397,-24.94023],[-49.55379,-24.94014],[-49.55357,-24.94006],[-49.55341,-24.94003],[-49.55326,-24.94],[-49.55316,-24.93997],[-49.55306,-24.93993],[-49.55296,-24.93984],[-49.55291,-24.93981],[-49.55284,-24.93978],[-49.55271,-24.93976],[-49.55253,-24.93974],[-49.55235,-24.93971],[-49.5522,-24.93968],[-49.55206,-24.93967],[-49.55194,-24.93967],[-49.55176,-24.93971],[-49.55159,-24.93977],[-49.55134,-24.93994],[-49.55098,-24.94025],[-49.55086,-24.94033],[-49.55063,-24.9404],[-49.55041,-24.94045],[-49.55024,-24.94052],[-49.55007,-24.94059],[-49.54994,-24.94067],[-49.54975,-24.94078],[-49.54961,-24.94083],[-49.54949,-24.94085],[-49.54929,-24.94085],[-49.54915,-24.94082],[-49.54901,-24.94076],[-49.54881,-24.94061],[-49.54861,-24.94043],[-49.54848,-24.94027],[-49.54839,-24.9401],[-49.54822,-24.93967],[-49.54811,-24.93937],[-49.54796,-24.93906],[-49.54782,-24.9388],[-49.54776,-24.93863],[-49.54773,-24.9385],[-49.54773,-24.9384],[-49.54775,-24.93828],[-49.54777,-24.93823],[-49.5478,-24.93818],[-49.54784,-24.93815],[-49.54793,-24.93813],[-49.54815,-24.93814],[-49.5483,-24.93814],[-49.54852,-24.93816],[-49.54867,-24.93816],[-49.5489,-24.93811],[-49.54907,-24.93805],[-49.54926,-24.93794],[-49.54936,-24.93786],[-49.54943,-24.93776],[-49.5495,-24.93758],[-49.54954,-24.9374],[-49.54965,-24.93715],[-49.5497,-24.93702],[-49.54971,-24.93691],[-49.54968,-24.93672],[-49.54964,-24.93654],[-49.54957,-24.93646],[-49.54944,-24.9364],[-49.54925,-24.93633],[-49.54903,-24.93623],[-49.54886,-24.93611],[-49.54872,-24.93603],[-49.5486,-24.93596],[-49.54845,-24.9359],[-49.54827,-24.93585],[-49.54817,-24.93584],[-49.54802,-24.93583],[-49.54779,-24.93579],[-49.54759,-24.93574],[-49.54747,-24.9357],[-49.54733,-24.93562],[-49.54721,-24.93555],[-49.54708,-24.93545],[-49.54688,-24.93529],[-49.54679,-24.93523],[-49.54675,-24.93519],[-49.5467,-24.93513],[-49.54667,-24.93505],[-49.54664,-24.93492],[-49.54663,-24.93475],[-49.54662,-24.93468],[-49.54657,-24.93454],[-49.54651,-24.93442],[-49.54646,-24.93436],[-49.54632,-24.93426],[-49.54611,-24.93409],[-49.54606,-24.93403],[-49.54588,-24.93379],[-49.5457,-24.93351],[-49.54548,-24.93317],[-49.54541,-24.93304],[-49.54536,-24.93289],[-49.54528,-24.93262],[-49.54519,-24.9324],[-49.54501,-24.93201],[-49.54477,-24.93145],[-49.54473,-24.93134],[-49.5447,-24.9312],[-49.5447,-24.93111],[-49.54471,-24.93098],[-49.54473,-24.93085],[-49.54479,-24.9307],[-49.54493,-24.93058],[-49.54513,-24.9304],[-49.54526,-24.93026],[-49.54533,-24.93013],[-49.54537,-24.93002],[-49.54539,-24.92981],[-49.54535,-24.92967],[-49.54526,-24.92954],[-49.54515,-24.92946],[-49.54505,-24.92942],[-49.54491,-24.92937],[-49.54466,-24.92932],[-49.54443,-24.92928],[-49.54428,-24.92926],[-49.5442,-24.92924],[-49.54415,-24.92922],[-49.5441,-24.92919],[-49.54401,-24.92913],[-49.54383,-24.92897],[-49.54372,-24.92884],[-49.5436,-24.92869],[-49.54355,-24.9286],[-49.5435,-24.9285],[-49.54346,-24.92839],[-49.54339,-24.92828],[-49.54326,-24.92815],[-49.54314,-24.92803],[-49.54308,-24.92798],[-49.54303,-24.92794],[-49.54293,-24.92789],[-49.54283,-24.92784],[-49.5427,-24.92779],[-49.54255,-24.92774],[-49.54245,-24.92771],[-49.54238,-24.92767],[-49.54233,-24.92761],[-49.54229,-24.92753],[-49.54226,-24.92744],[-49.54222,-24.92716],[-49.54218,-24.92689],[-49.54211,-24.92666],[-49.54201,-24.9265],[-49.5419,-24.92633],[-49.54179,-24.92621],[-49.5416,-24.92604],[-49.54143,-24.9259],[-49.54134,-24.92578],[-49.54126,-24.92566],[-49.54116,-24.92542],[-49.5411,-24.92529],[-49.54104,-24.92516],[-49.54097,-24.92501],[-49.54086,-24.92484],[-49.54077,-24.92473],[-49.54067,-24.92461],[-49.54057,-24.92449],[-49.5405,-24.92437],[-49.54042,-24.92425],[-49.5404,-24.92416],[-49.5404,-24.92407],[-49.54041,-24.92395],[-49.54044,-24.9238],[-49.54047,-24.92375],[-49.54054,-24.92363],[-49.54062,-24.92355],[-49.54067,-24.92343],[-49.54069,-24.92333],[-49.54071,-24.92319],[-49.54071,-24.9231],[-49.54069,-24.92301],[-49.54066,-24.92289],[-49.54061,-24.92281],[-49.5405,-24.92263],[-49.54039,-24.92242],[-49.5403,-24.9222],[-49.54027,-24.92206],[-49.54025,-24.92188],[-49.54023,-24.92173],[-49.54015,-24.92141],[-49.54007,-24.92114],[-49.54002,-24.92089],[-49.53996,-24.92067],[-49.53984,-24.92036],[-49.53978,-24.92025],[-49.53971,-24.92015],[-49.53961,-24.92004],[-49.53924,-24.91972],[-49.53907,-24.91958],[-49.53901,-24.9195],[-49.53884,-24.91927],[-49.53873,-24.91911],[-49.53863,-24.91897],[-49.53848,-24.91886],[-49.53836,-24.91875],[-49.5382,-24.91859],[-49.53805,-24.91844],[-49.53796,-24.9183],[-49.53791,-24.91821],[-49.53788,-24.9181],[-49.53788,-24.91799],[-49.53791,-24.91778],[-49.538,-24.9175],[-49.53809,-24.91734],[-49.53817,-24.91717],[-49.53829,-24.91705],[-49.53841,-24.91698],[-49.53853,-24.91693],[-49.5387,-24.91688],[-49.53889,-24.91681],[-49.53899,-24.91676],[-49.53907,-24.91668],[-49.53915,-24.91659],[-49.53917,-24.91645],[-49.53918,-24.91633],[-49.53918,-24.91619],[-49.53915,-24.91605],[-49.5391,-24.91595],[-49.53902,-24.91587],[-49.53893,-24.91583],[-49.53882,-24.91578],[-49.53871,-24.91573],[-49.53853,-24.91563],[-49.53824,-24.91544],[-49.53807,-24.91532],[-49.53789,-24.91523],[-49.53773,-24.91517],[-49.53759,-24.91512],[-49.53739,-24.91504],[-49.53702,-24.9148],[-49.53655,-24.91448],[-49.53621,-24.9142],[-49.53559,-24.91374],[-49.53522,-24.91339],[-49.53486,-24.91312],[-49.53466,-24.91297],[-49.5342,-24.91263],[-49.53379,-24.91237],[-49.5335,-24.91215],[-49.5333,-24.91197],[-49.53324,-24.9119],[-49.5332,-24.91182],[-49.53315,-24.91173],[-49.53313,-24.91168],[-49.53309,-24.91156],[-49.53305,-24.91147],[-49.533,-24.91135],[-49.53293,-24.91127],[-49.53281,-24.91117],[-49.53269,-24.91108],[-49.53257,-24.91099],[-49.53247,-24.91095],[-49.53239,-24.91092],[-49.53226,-24.9109],[-49.53214,-24.91091],[-49.532,-24.91097],[-49.53185,-24.91111],[-49.53166,-24.9113],[-49.53151,-24.91145],[-49.53143,-24.91151],[-49.53133,-24.91157],[-49.53117,-24.9116],[-49.53097,-24.91162],[-49.53089,-24.91161],[-49.53078,-24.91157],[-49.53065,-24.91149],[-49.53051,-24.91141],[-49.5304,-24.91135],[-49.53023,-24.91128],[-49.53009,-24.91123],[-49.52989,-24.91113],[-49.52967,-24.91102],[-49.52955,-24.91093],[-49.52946,-24.91087],[-49.52937,-24.91079],[-49.52931,-24.91069],[-49.52926,-24.91052],[-49.52923,-24.91037],[-49.52924,-24.91029],[-49.52926,-24.91019],[-49.52936,-24.90985],[-49.52945,-24.9096],[-49.52948,-24.90945],[-49.52948,-24.90933],[-49.52946,-24.90909],[-49.52942,-24.90898],[-49.52935,-24.90886],[-49.52924,-24.90875],[-49.52914,-24.90867],[-49.5289,-24.90847],[-49.52871,-24.9083],[-49.52865,-24.90826],[-49.52858,-24.90822],[-49.52842,-24.90818],[-49.52825,-24.90815],[-49.52818,-24.90814],[-49.52803,-24.90812],[-49.52788,-24.90808],[-49.52764,-24.90802],[-49.52751,-24.90798],[-49.52731,-24.90794],[-49.52722,-24.90793],[-49.52711,-24.90793],[-49.52686,-24.90792],[-49.52655,-24.90792],[-49.52635,-24.90792],[-49.5261,-24.90793],[-49.52581,-24.90796],[-49.52562,-24.90801],[-49.52547,-24.90807],[-49.52535,-24.90817],[-49.52523,-24.90828],[-49.52511,-24.90845],[-49.52497,-24.90867],[-49.52484,-24.90888],[-49.52471,-24.90903],[-49.52454,-24.90924],[-49.52428,-24.90947],[-49.52393,-24.90979],[-49.52367,-24.90999],[-49.52353,-24.91009],[-49.52323,-24.91025],[-49.52287,-24.91048],[-49.52253,-24.91069],[-49.52233,-24.91081],[-49.52225,-24.91087],[-49.52216,-24.9109],[-49.52203,-24.91094],[-49.52192,-24.91096],[-49.52178,-24.91096],[-49.52168,-24.91096],[-49.52159,-24.91093],[-49.52153,-24.91092],[-49.52143,-24.91091],[-49.52127,-24.91091],[-49.52119,-24.91091],[-49.52103,-24.91094],[-49.5209,-24.91097],[-49.52075,-24.91099],[-49.52057,-24.911],[-49.52038,-24.91098],[-49.52026,-24.91096],[-49.52012,-24.91091],[-49.52001,-24.9109],[-49.51992,-24.9109],[-49.5198,-24.9109],[-49.51968,-24.91091],[-49.51956,-24.91093],[-49.51944,-24.91099],[-49.51928,-24.91112],[-49.5192,-24.91123],[-49.51912,-24.91137],[-49.51907,-24.91147],[-49.51902,-24.91156],[-49.51897,-24.91162],[-49.51891,-24.91166],[-49.51881,-24.9117],[-49.51863,-24.91173],[-49.51841,-24.91174],[-49.51822,-24.91174],[-49.51802,-24.91176],[-49.51788,-24.91179],[-49.51765,-24.91188],[-49.5174,-24.912],[-49.51715,-24.91215],[-49.51701,-24.91227],[-49.51688,-24.91242],[-49.51664,-24.91268],[-49.51646,-24.91287],[-49.51636,-24.91302],[-49.51627,-24.9131],[-49.5162,-24.91314],[-49.51609,-24.91316],[-49.51593,-24.91318],[-49.5157,-24.91317],[-49.51551,-24.91314],[-49.51539,-24.91311],[-49.51528,-24.91304],[-49.5152,-24.91295],[-49.51513,-24.91292],[-49.51503,-24.91287],[-49.51469,-24.91275],[-49.5144,-24.91263],[-49.51397,-24.91232],[-49.5138,-24.91222],[-49.51367,-24.91215],[-49.51347,-24.91208],[-49.51334,-24.91204],[-49.51315,-24.91201],[-49.51294,-24.91201],[-49.51272,-24.91202],[-49.51251,-24.91208],[-49.51226,-24.91214],[-49.51205,-24.91219],[-49.51188,-24.9122],[-49.51172,-24.9122],[-49.51152,-24.91218],[-49.51138,-24.91213],[-49.51129,-24.91208],[-49.51122,-24.912],[-49.5111,-24.91183],[-49.511,-24.91163],[-49.51092,-24.91146],[-49.51089,-24.91127],[-49.51089,-24.91113],[-49.51091,-24.91099],[-49.51093,-24.91087],[-49.51103,-24.91064],[-49.5112,-24.91035],[-49.51144,-24.91001],[-49.51165,-24.90961],[-49.51174,-24.90944],[-49.51199,-24.90887],[-49.51208,-24.90865],[-49.51213,-24.90844],[-49.51217,-24.90823],[-49.51218,-24.90812],[-49.51219,-24.90793],[-49.51217,-24.90774],[-49.51212,-24.90763],[-49.51197,-24.90745],[-49.5119,-24.90734],[-49.5118,-24.90709],[-49.51169,-24.90674],[-49.5115,-24.90638],[-49.5114,-24.90617],[-49.51132,-24.90603],[-49.51123,-24.90592],[-49.51112,-24.90582],[-49.51094,-24.90569],[-49.51077,-24.9056],[-49.51062,-24.90551],[-49.51052,-24.90543],[-49.51044,-24.90531],[-49.51031,-24.90522],[-49.51015,-24.9051],[-49.50989,-24.90497],[-49.50966,-24.90479],[-49.50944,-24.90461],[-49.50921,-24.90446],[-49.50907,-24.90434],[-49.50897,-24.90422],[-49.50892,-24.90414],[-49.50889,-24.90405],[-49.50887,-24.90398],[-49.50887,-24.90386],[-49.50892,-24.90371],[-49.50902,-24.90351],[-49.50913,-24.90333],[-49.50927,-24.90317],[-49.50939,-24.90295],[-49.50953,-24.90267],[-49.50965,-24.90236],[-49.50981,-24.90195],[-49.50994,-24.90161],[-49.50998,-24.90146],[-49.51003,-24.90129],[-49.51004,-24.90115],[-49.51003,-24.90101],[-49.50997,-24.90087],[-49.50991,-24.90075],[-49.50983,-24.90067],[-49.5097,-24.90059],[-49.5096,-24.90057],[-49.50943,-24.90057],[-49.50906,-24.90063],[-49.50827,-24.90083],[-49.50795,-24.90098],[-49.50759,-24.90122],[-49.50746,-24.90137],[-49.50737,-24.90152],[-49.50727,-24.90164],[-49.50711,-24.90177],[-49.50694,-24.90186],[-49.5068,-24.90191],[-49.50664,-24.902],[-49.50649,-24.90213],[-49.50637,-24.90225],[-49.50626,-24.90239],[-49.50618,-24.90256],[-49.50612,-24.90268],[-49.50608,-24.90276],[-49.50599,-24.90283],[-49.5059,-24.90288],[-49.50579,-24.90289],[-49.50536,-24.90291],[-49.50505,-24.90289],[-49.50463,-24.90289],[-49.50446,-24.9029],[-49.50416,-24.90292],[-49.50382,-24.90298],[-49.50355,-24.90304],[-49.50321,-24.90315],[-49.50298,-24.90326],[-49.50279,-24.90338],[-49.50246,-24.90361],[-49.5022,-24.90382],[-49.5018,-24.90414],[-49.50158,-24.90429],[-49.50147,-24.90438],[-49.5013,-24.90453],[-49.50118,-24.90466],[-49.50107,-24.90475],[-49.50097,-24.90482],[-49.50083,-24.90487],[-49.5007,-24.90489],[-49.50049,-24.9049],[-49.50026,-24.90489],[-49.49996,-24.90485],[-49.49965,-24.90478],[-49.4993,-24.90471],[-49.49904,-24.90465],[-49.49871,-24.90456],[-49.49843,-24.90442]],[[-49.49843,-24.90442],[-49.49836,-24.90443],[-49.49784,-24.90425],[-49.49734,-24.90429],[-49.49697,-24.9044],[-49.49637,-24.90474],[-49.49586,-24.90511],[-49.49559,-24.90541],[-49.49572,-24.90607],[-49.49558,-24.90679],[-49.49542,-24.90733],[-49.49511,-24.90774],[-49.49514,-24.90824],[-49.49485,-24.90898],[-49.49477,-24.90984],[-49.49527,-24.91032],[-49.49566,-24.91075],[-49.49599,-24.91095],[-49.49643,-24.91087],[-49.49686,-24.9112],[-49.49744,-24.91192],[-49.49788,-24.91237],[-49.49807,-24.91289],[-49.49813,-24.91351],[-49.49786,-24.91385],[-49.49733,-24.91392],[-49.49654,-24.91389],[-49.49595,-24.91411],[-49.49551,-24.91454],[-49.49505,-24.91562],[-49.49459,-24.91603],[-49.49391,-24.91617],[-49.49286,-24.91604],[-49.49191,-24.91611],[-49.4913,-24.91606],[-49.49086,-24.91586],[-49.49059,-24.91535],[-49.49011,-24.91511],[-49.48956,-24.91502],[-49.4885,-24.91527],[-49.48764,-24.91568],[-49.48663,-24.91581],[-49.48624,-24.91571],[-49.48594,-24.91521],[-49.48555,-24.91452],[-49.48496,-24.91428],[-49.48444,-24.91439],[-49.48357,-24.91512],[-49.48298,-24.91538],[-49.48248,-24.91513],[-49.48207,-24.91471],[-49.48185,-24.91429],[-49.48148,-24.91394],[-49.48083,-24.91326],[-49.48019,-24.91253],[-49.47955,-24.91218],[-49.47899,-24.91148],[-49.47872,-24.91057],[-49.47822,-24.91017],[-49.47776,-24.90999],[-49.47739,-24.9098],[-49.47694,-24.9091],[-49.47677,-24.9087],[-49.47671,-24.90798],[-49.47645,-24.90763],[-49.4761,-24.90761],[-49.47531,-24.90796],[-49.47487,-24.90798],[-49.47411,-24.90743],[-49.47348,-24.90674],[-49.47312,-24.90616],[-49.4727,-24.9059],[-49.47206,-24.90587]],[[-49.47206,-24.90587],[-49.47132,-24.9063],[-49.4709,-24.90672],[-49.47055,-24.90675],[-49.46976,-24.90658],[-49.46877,-24.90673],[-49.46811,-24.90709],[-49.46749,-24.90724],[-49.46712,-24.9076],[-49.46648,-24.90787],[-49.46603,-24.90839],[-49.46569,-24.90964],[-49.46565,-24.91058],[-49.46543,-24.911],[-49.46488,-24.91133],[-49.46442,-24.91143],[-49.46396,-24.91146],[-49.46341,-24.9113],[-49.46269,-24.91095],[-49.46204,-24.91044],[-49.46136,-24.91028],[-49.46053,-24.91051],[-49.4596,-24.9112],[-49.45857,-24.91231],[-49.45778,-24.91274],[-49.45684,-24.91277],[-49.45567,-24.9129],[-49.45467,-24.91287],[-49.45374,-24.91304],[-49.45323,-24.91341],[-49.45263,-24.91428],[-49.45188,-24.915],[-49.45117,-24.91535],[-49.45052,-24.91512],[-49.45028,-24.91444],[-49.44977,-24.9136],[-49.4491,-24.91287],[-49.44852,-24.91162],[-49.44799,-24.91032],[-49.44734,-24.90959],[-49.44676,-24.90913],[-49.44588,-24.90906],[-49.44496,-24.90883],[-49.44448,-24.90844],[-49.44418,-24.9079],[-49.44398,-24.90702],[-49.44337,-24.90617],[-49.44277,-24.90551],[-49.44242,-24.90492],[-49.44158,-24.90391],[-49.44083,-24.90259],[-49.44069,-24.90175],[-49.44079,-24.90103],[-49.44033,-24.90038],[-49.4394,-24.89999],[-49.43806,-24.89982],[-49.4367,-24.89979],[-49.43563,-24.89973],[-49.43432,-24.89958],[-49.43339,-24.89965],[-49.43273,-24.90014],[-49.43216,-24.90056],[-49.43166,-24.90127],[-49.43122,-24.90175],[-49.43101,-24.9024],[-49.43081,-24.90306],[-49.43047,-24.90348],[-49.42986,-24.90343],[-49.4292,-24.90358],[-49.42887,-24.90402],[-49.42851,-24.90436],[-49.42739,-24.90444],[-49.42625,-24.90455],[-49.42558,-24.90423],[-49.42541,-24.90352],[-49.42457,-24.90248],[-49.42394,-24.90161],[-49.42333,-24.90132],[-49.42251,-24.90105],[-49.42207,-24.90063],[-49.42168,-24.90043],[-49.42131,-24.90012],[-49.42074,-24.89988],[-49.41998,-24.89935],[-49.41951,-24.89846],[-49.41919,-24.89814],[-49.41821,-24.89749],[-49.41789,-24.89701],[-49.41752,-24.89658],[-49.41698,-24.89638],[-49.41573,-24.89643],[-49.41476,-24.89639],[-49.41373,-24.89644],[-49.41281,-24.89631],[-49.41233,-24.89634],[-49.41062,-24.89617],[-49.40957,-24.89592],[-49.40912,-24.89576],[-49.40853,-24.89529],[-49.40849,-24.89473],[-49.40874,-24.89431],[-49.4092,-24.894],[-49.40961,-24.89342],[-49.41014,-24.89243],[-49.41079,-24.89137],[-49.41127,-24.8903],[-49.41126,-24.88942],[-49.41108,-24.8881],[-49.41073,-24.88706],[-49.41041,-24.88602],[-49.41005,-24.88477],[-49.40929,-24.88362],[-49.40858,-24.88276],[-49.40752,-24.88188],[-49.40671,-24.88128],[-49.40599,-24.88113],[-49.405,-24.8815],[-49.40392,-24.88221],[-49.4028,-24.88269],[-49.40203,-24.88275],[-49.40146,-24.88256],[-49.40105,-24.88211],[-49.40066,-24.88147],[-49.40039,-24.88081],[-49.39976,-24.88018],[-49.39907,-24.87965],[-49.3987,-24.87881],[-49.3987,-24.87771],[-49.39847,-24.87671],[-49.39821,-24.87635],[-49.39778,-24.87606],[-49.39705,-24.87586],[-49.39629,-24.87601],[-49.39543,-24.87632],[-49.39449,-24.87629],[-49.39352,-24.8763],[-49.39236,-24.87628],[-49.392,-24.87614],[-49.39164,-24.87604]],[[-49.31046,-25.0359],[-49.31059,-25.03587],[-49.31067,-25.03553],[-49.3108,-25.03521],[-49.31104,-25.03504],[-49.31114,-25.03452],[-49.31093,-25.03428],[-49.31085,-25.03381],[-49.31094,-25.03343],[-49.31121,-25.03323],[-49.31128,-25.03286],[-49.31144,-25.03239],[-49.31145,-25.03138],[-49.31161,-25.031],[-49.31179,-25.03053],[-49.31183,-25.03012],[-49.31201,-25.02977],[-49.31229,-25.02936],[-49.31272,-25.02904],[-49.31284,-25.02866],[-49.31291,-25.02825],[-49.31327,-25.02781],[-49.31367,-25.02741],[-49.31398,-25.02694],[-49.31483,-25.02646],[-49.3153,-25.02657],[-49.31566,-25.02677],[-49.3159,-25.02707],[-49.31589,-25.02749],[-49.31571,-25.02784],[-49.31592,-25.02803],[-49.31591,-25.0288],[-49.31608,-25.02924],[-49.31641,-25.02938],[-49.31665,-25.02966],[-49.31704,-25.02969],[-49.31752,-25.0295],[-49.31797,-25.02945],[-49.31848,-25.02946],[-49.31884,-25.0293],[-49.31909,-25.029],[-49.31937,-25.02843],[-49.31955,-25.02799],[-49.31983,-25.02761],[-49.32025,-25.02751],[-49.32059,-25.02724],[-49.32086,-25.02721],[-49.32101,-25.02698],[-49.32137,-25.02684],[-49.32165,-25.02656],[-49.32195,-25.0264],[-49.32219,-25.02611],[-49.3222,-25.02561],[-49.322,-25.02506],[-49.32167,-25.02476],[-49.32141,-25.02434],[-49.32147,-25.02407],[-49.32177,-25.02383],[-49.32226,-25.02378],[-49.3228,-25.02373],[-49.32316,-25.0239],[-49.32373,-25.02388],[-49.32408,-25.02415],[-49.3245,-25.02424],[-49.32492,-25.02433],[-49.32538,-25.02414],[-49.32562,-25.02384],[-49.32572,-25.02338],[-49.32606,-25.02294],[-49.3266,-25.02279],[-49.32687,-25.02251],[-49.32718,-25.02219],[-49.32739,-25.02173],[-49.32749,-25.02148],[-49.32776,-25.02124],[-49.32798,-25.0208],[-49.32796,-25.02014],[-49.32814,-25.01985],[-49.32847,-25.01963],[-49.32875,-25.0195],[-49.32884,-25.01911],[-49.32912,-25.0189],[-49.32954,-25.01868],[-49.32993,-25.0185],[-49.33048,-25.01784],[-49.33103,-25.01749],[-49.33151,-25.01717],[-49.33212,-25.01671],[-49.33294,-25.01596],[-49.33367,-25.01572],[-49.33449,-25.01521],[-49.33536,-25.01472],[-49.33618,-25.01432],[-49.33688,-25.01392],[-49.33737,-25.01346],[-49.33813,-25.01275],[-49.3387,-25.0124],[-49.33916,-25.01208],[-49.33958,-25.01173],[-49.33955,-25.01143],[-49.33934,-25.01116],[-49.33908,-25.01095],[-49.33885,-25.01072],[-49.33869,-25.0104],[-49.33853,-25.01006],[-49.33853,-25.00972],[-49.33872,-25.00951],[-49.33901,-25.0094],[-49.33928,-25.00944],[-49.33967,-25.00956],[-49.34013,-25.00958],[-49.34059,-25.00947],[-49.34123,-25.00935],[-49.34194,-25.00921],[-49.3425,-25.009],[-49.34285,-25.00916],[-49.34306,-25.00943],[-49.34339,-25.00949],[-49.34366,-25.00938],[-49.34389,-25.00917],[-49.34425,-25.00887],[-49.34454,-25.0084],[-49.3448,-25.0079],[-49.34507,-25.0076],[-49.34536,-25.00749],[-49.34561,-25.00756],[-49.34584,-25.00779],[-49.3459,-25.00805],[-49.34594,-25.00833],[-49.34607,-25.00873],[-49.34646,-25.0093],[-49.34669,-25.0097],[-49.34673,-25.00998],[-49.34642,-25.0103],[-49.34611,-25.01071],[-49.34582,-25.01117],[-49.34546,-25.01162],[-49.34493,-25.0122],[-49.34426,-25.01281],[-49.34364,-25.01322],[-49.34315,-25.01366],[-49.34267,-25.01395],[-49.34262,-25.01425],[-49.34292,-25.01459],[-49.34334,-25.01478],[-49.3437,-25.01516],[-49.34394,-25.01567],[-49.34422,-25.01575],[-49.34484,-25.01568],[-49.34537,-25.01557],[-49.34541,-25.01556],[-49.34603,-25.01523],[-49.34669,-25.01524],[-49.34732,-25.01516],[-49.34787,-25.01509],[-49.34842,-25.01498],[-49.34904,-25.0147],[-49.34959,-25.01457],[-49.35025,-25.01426],[-49.35078,-25.01402],[-49.35138,-25.01377],[-49.35206,-25.01344],[-49.35275,-25.01295],[-49.35361,-25.01245],[-49.35428,-25.01202],[-49.35485,-25.01167],[-49.35545,-25.01138],[-49.35585,-25.01108],[-49.35607,-25.01072],[-49.35649,-25.01039],[-49.35727,-25.0097],[-49.35785,-25.00916],[-49.35814,-25.00879],[-49.35843,-25.00827],[-49.35861,-25.00791],[-49.35895,-25.00728],[-49.35928,-25.00706],[-49.35954,-25.00702],[-49.35974,-25.00721],[-49.35975,-25.00767],[-49.35997,-25.00803],[-49.36029,-25.00841],[-49.36044,-25.00873],[-49.36054,-25.00909],[-49.36087,-25.00916],[-49.36123,-25.009],[-49.36114,-25.00868],[-49.36119,-25.00842],[-49.36165,-25.00807],[-49.36243,-25.00773],[-49.36355,-25.00735],[-49.36439,-25.0067],[-49.36473,-25.00622],[-49.36519,-25.00591],[-49.3657,-25.00559],[-49.36615,-25.00488],[-49.36645,-25.00412],[-49.36667,-25.0035],[-49.36655,-25.00304],[-49.3662,-25.00292],[-49.36576,-25.00287],[-49.36536,-25.00295],[-49.36497,-25.00294],[-49.36453,-25.00324],[-49.36388,-25.00393],[-49.36355,-25.00413],[-49.36311,-25.00428],[-49.36282,-25.00462],[-49.36253,-25.00498],[-49.36211,-25.00515],[-49.36145,-25.00513],[-49.3609,-25.00526],[-49.36024,-25.00555],[-49.35987,-25.00551],[-49.3597,-25.00513],[-49.35957,-25.00448],[-49.35904,-25.00356],[-49.35893,-25.00332],[-49.3592,-25.00312],[-49.36004,-25.00283],[-49.36094,-25.0024],[-49.36194,-25.00151],[-49.36273,-25.00108],[-49.36314,-25.00061],[-49.36303,-25.00022],[-49.36244,-25.00004],[-49.36137,-25.00009],[-49.35989,-25.00047],[-49.35826,-25.00089],[-49.35725,-25.00128],[-49.35685,-25.00182],[-49.35649,-25.00253],[-49.35611,-25.00297],[-49.35571,-25.00294],[-49.35543,-25.00268],[-49.35524,-25.00228],[-49.35542,-25.00184],[-49.35512,-25.00098],[-49.355,-25.0005],[-49.35511,-25.00012],[-49.3553,-24.99956],[-49.35531,-24.9987],[-49.35547,-24.99808],[-49.35545,-24.9976],[-49.35555,-24.99716],[-49.35579,-24.99695],[-49.3561,-24.99657],[-49.35683,-24.99618],[-49.35739,-24.99584],[-49.35768,-24.99557],[-49.35808,-24.99503],[-49.3582,-24.99441],[-49.3586,-24.9939],[-49.35902,-24.99308],[-49.35961,-24.99217],[-49.36005,-24.99216],[-49.36024,-24.99272],[-49.36031,-24.9935],[-49.36055,-24.99384],[-49.36112,-24.99401],[-49.36195,-24.99404],[-49.36239,-24.99394],[-49.36276,-24.99361],[-49.36405,-24.99256],[-49.36467,-24.99211],[-49.36584,-24.99154],[-49.36629,-24.99131],[-49.36627,-24.99101],[-49.36645,-24.99071],[-49.36636,-24.99041],[-49.36663,-24.99013],[-49.36697,-24.98961],[-49.36737,-24.98884],[-49.36766,-24.98874],[-49.36794,-24.98894],[-49.36837,-24.98943],[-49.36879,-24.98963],[-49.3692,-24.98956],[-49.36971,-24.98924],[-49.37076,-24.98838],[-49.37085,-24.98786],[-49.37105,-24.9874],[-49.37125,-24.98726],[-49.37171,-24.98735],[-49.37209,-24.98715],[-49.37253,-24.98676],[-49.3726,-24.98634],[-49.37228,-24.98623],[-49.37182,-24.98583],[-49.37132,-24.98568],[-49.37075,-24.9856],[-49.37025,-24.98535],[-49.3699,-24.98493],[-49.36997,-24.98465],[-49.37017,-24.98449],[-49.37073,-24.9836],[-49.37095,-24.98336],[-49.37153,-24.98253],[-49.37178,-24.98229],[-49.37213,-24.98235],[-49.37281,-24.9824],[-49.37323,-24.98229],[-49.37327,-24.98195],[-49.37317,-24.98155],[-49.37287,-24.98102],[-49.37296,-24.98062],[-49.37334,-24.98031],[-49.37405,-24.98002],[-49.37439,-24.98014],[-49.37432,-24.98066],[-49.3746,-24.98102],[-49.37495,-24.98118],[-49.37555,-24.98103],[-49.37579,-24.98059],[-49.37619,-24.98046],[-49.37667,-24.98036],[-49.37711,-24.98027],[-49.37784,-24.97992],[-49.3789,-24.97943],[-49.3797,-24.979],[-49.37985,-24.9787],[-49.38056,-24.97795],[-49.38121,-24.97731],[-49.38216,-24.97659],[-49.38262,-24.97663],[-49.38314,-24.97702],[-49.38368,-24.97774],[-49.38466,-24.97859],[-49.38491,-24.97917],[-49.38523,-24.97974],[-49.38561,-24.97972],[-49.38614,-24.97915],[-49.38673,-24.97829],[-49.38699,-24.97798],[-49.38761,-24.9778],[-49.38869,-24.97748],[-49.38924,-24.97706],[-49.38986,-24.97633],[-49.39055,-24.9757],[-49.39084,-24.97564],[-49.39158,-24.97551],[-49.39251,-24.97518],[-49.3933,-24.97477],[-49.39408,-24.97404],[-49.39484,-24.97342],[-49.39522,-24.97283],[-49.39513,-24.97251],[-49.39483,-24.97207],[-49.39446,-24.97164],[-49.39423,-24.9711],[-49.39399,-24.97088],[-49.39373,-24.97093],[-49.3935,-24.97121],[-49.39322,-24.97123],[-49.39265,-24.971],[-49.39221,-24.97102],[-49.39164,-24.97103],[-49.39123,-24.97067],[-49.39126,-24.97027],[-49.39184,-24.96965],[-49.39233,-24.96898],[-49.39273,-24.96852],[-49.39324,-24.96812],[-49.39353,-24.96771],[-49.39344,-24.96733],[-49.39303,-24.96701],[-49.3924,-24.96678],[-49.39159,-24.96661],[-49.39089,-24.96663],[-49.38999,-24.96674],[-49.38931,-24.96661],[-49.38865,-24.96688],[-49.38812,-24.96699],[-49.38788,-24.96695],[-49.38779,-24.96673],[-49.38765,-24.96574],[-49.38755,-24.96537],[-49.38758,-24.96499],[-49.38784,-24.96461],[-49.3882,-24.96444],[-49.38858,-24.964],[-49.38935,-24.96367],[-49.38979,-24.96335],[-49.38984,-24.96278],[-49.38948,-24.96195],[-49.38909,-24.96129],[-49.38901,-24.96077],[-49.38922,-24.96037],[-49.38975,-24.9597],[-49.38998,-24.95924],[-49.38998,-24.9589],[-49.38979,-24.95802],[-49.38959,-24.95708],[-49.38892,-24.95607],[-49.38878,-24.95519],[-49.38846,-24.95434],[-49.38801,-24.9536],[-49.38793,-24.9533],[-49.38811,-24.9529],[-49.38846,-24.95243],[-49.38895,-24.95197],[-49.38917,-24.95189],[-49.38946,-24.95204],[-49.38974,-24.95234],[-49.3901,-24.95284],[-49.39119,-24.95343],[-49.39169,-24.95364],[-49.39196,-24.95352],[-49.39214,-24.95304],[-49.39178,-24.9519],[-49.39148,-24.95152],[-49.39102,-24.95137],[-49.38993,-24.95068],[-49.38898,-24.94995],[-49.3887,-24.94959],[-49.38875,-24.94917],[-49.38878,-24.94847],[-49.38901,-24.94787],[-49.38927,-24.94744],[-49.38941,-24.94702],[-49.38928,-24.9468],[-49.38883,-24.94645],[-49.38835,-24.94631],[-49.38773,-24.94612],[-49.38723,-24.94612],[-49.38668,-24.94597],[-49.3855,-24.94562],[-49.38457,-24.94535],[-49.38418,-24.94498],[-49.38418,-24.94452],[-49.38452,-24.94397],[-49.38477,-24.94285],[-49.38474,-24.94233],[-49.38428,-24.94203],[-49.38378,-24.94186],[-49.38321,-24.94179],[-49.38262,-24.94171],[-49.38198,-24.94166],[-49.38119,-24.94167],[-49.38041,-24.94154],[-49.3801,-24.94116],[-49.37998,-24.94018],[-49.37987,-24.9392],[-49.37969,-24.93894],[-49.37937,-24.93891],[-49.37906,-24.93915],[-49.37863,-24.93944],[-49.37804,-24.93958],[-49.37731,-24.94005],[-49.37678,-24.94042],[-49.37587,-24.94103],[-49.37514,-24.94155],[-49.37461,-24.94172],[-49.37416,-24.94166],[-49.37376,-24.94147],[-49.37362,-24.94095],[-49.37358,-24.94025],[-49.37344,-24.93963],[-49.37335,-24.93913],[-49.37332,-24.93871],[-49.37339,-24.93825],[-49.3737,-24.93769],[-49.37421,-24.93627],[-49.37457,-24.93522],[-49.37512,-24.93461],[-49.37601,-24.93384],[-49.37696,-24.93345],[-49.37833,-24.9327],[-49.37941,-24.93216],[-49.38023,-24.93175],[-49.38113,-24.93126],[-49.38158,-24.93082],[-49.38167,-24.93034],[-49.38157,-24.9298],[-49.38131,-24.9296],[-49.38037,-24.92925],[-49.37987,-24.92896],[-49.3792,-24.92824],[-49.37872,-24.92785],[-49.3782,-24.92771],[-49.37763,-24.9278],[-49.37727,-24.92786],[-49.37686,-24.92795],[-49.3758,-24.9286],[-49.37544,-24.92892],[-49.37497,-24.92991],[-49.37454,-24.93076],[-49.37427,-24.93114],[-49.37401,-24.93116],[-49.37377,-24.93112],[-49.37348,-24.93095],[-49.37322,-24.93059],[-49.37302,-24.92991],[-49.373,-24.92929],[-49.37336,-24.92883],[-49.37354,-24.92811],[-49.37346,-24.92751],[-49.37363,-24.9268],[-49.37352,-24.92636],[-49.37382,-24.92542],[-49.37403,-24.92434],[-49.37426,-24.92354],[-49.3746,-24.92285],[-49.37486,-24.92281],[-49.37552,-24.92298],[-49.37593,-24.9231],[-49.37616,-24.92281],[-49.37596,-24.92244],[-49.37606,-24.92167],[-49.37614,-24.92095],[-49.3763,-24.92049],[-49.37654,-24.92037],[-49.37684,-24.92055],[-49.37704,-24.92084],[-49.37736,-24.92104],[-49.3778,-24.9209],[-49.37827,-24.92063],[-49.37845,-24.92031],[-49.37825,-24.91997],[-49.37793,-24.91983],[-49.37773,-24.91966],[-49.37794,-24.91893],[-49.37814,-24.91863],[-49.37854,-24.91841],[-49.37922,-24.91824],[-49.38025,-24.91815],[-49.38091,-24.91824],[-49.38123,-24.91838],[-49.3816,-24.91865],[-49.382,-24.91867],[-49.38224,-24.91851],[-49.38271,-24.91778],[-49.38305,-24.91714],[-49.38312,-24.91674],[-49.38286,-24.91648],[-49.38259,-24.91614],[-49.38254,-24.91562],[-49.38283,-24.91512],[-49.38323,-24.91469],[-49.38407,-24.91454],[-49.38499,-24.91457],[-49.38558,-24.91439],[-49.38569,-24.91425],[-49.38583,-24.91374],[-49.38608,-24.91308],[-49.38648,-24.9127],[-49.38721,-24.91249],[-49.38795,-24.91236],[-49.38874,-24.91225],[-49.38962,-24.91204],[-49.38982,-24.9119],[-49.38972,-24.9115],[-49.38964,-24.91104],[-49.38946,-24.91086],[-49.38898,-24.91069],[-49.3882,-24.91068],[-49.38767,-24.91088],[-49.38714,-24.91113],[-49.3865,-24.91102],[-49.38614,-24.9104],[-49.38573,-24.90998],[-49.38521,-24.90963],[-49.38449,-24.90928],[-49.3839,-24.90908],[-49.38337,-24.90889],[-49.38301,-24.90847],[-49.38312,-24.90801],[-49.38339,-24.90743],[-49.38366,-24.90723],[-49.3841,-24.90694],[-49.38479,-24.90635],[-49.38538,-24.90605],[-49.38613,-24.90584],[-49.38635,-24.9057],[-49.38664,-24.90537],[-49.38721,-24.90529],[-49.38792,-24.90522],[-49.38853,-24.90511],[-49.38887,-24.90498],[-49.38897,-24.90467],[-49.3888,-24.90441],[-49.38861,-24.90413],[-49.38846,-24.90375],[-49.38851,-24.90343],[-49.38854,-24.90297],[-49.38863,-24.90269],[-49.38883,-24.90251],[-49.38921,-24.90154],[-49.38928,-24.90108],[-49.38938,-24.90058],[-49.38952,-24.89992],[-49.38964,-24.89914],[-49.39006,-24.89865],[-49.39046,-24.89847],[-49.39114,-24.8986],[-49.39227,-24.89883],[-49.39343,-24.8991],[-49.39448,-24.89938],[-49.39547,-24.89933],[-49.39652,-24.89934],[-49.39702,-24.89962],[-49.39761,-24.89959],[-49.3981,-24.89927],[-49.39824,-24.89854],[-49.3984,-24.8975],[-49.39819,-24.89706],[-49.39767,-24.89631],[-49.3968,-24.8958],[-49.39615,-24.89575],[-49.39544,-24.89597],[-49.39493,-24.89634],[-49.39442,-24.8968],[-49.39381,-24.89705],[-49.3933,-24.89696],[-49.39243,-24.89665],[-49.39193,-24.89617],[-49.39152,-24.89608],[-49.39086,-24.89602],[-49.39023,-24.89543],[-49.38998,-24.89487],[-49.38966,-24.89429],[-49.38966,-24.89391],[-49.38991,-24.89375],[-49.39055,-24.8934],[-49.39077,-24.89298],[-49.39052,-24.8923],[-49.39059,-24.89184],[-49.39081,-24.89146],[-49.39106,-24.89128],[-49.39145,-24.89139],[-49.3922,-24.89125],[-49.39259,-24.89096],[-49.39289,-24.89038],[-49.39296,-24.88948],[-49.39317,-24.88879],[-49.39333,-24.88795],[-49.3935,-24.88701],[-49.39373,-24.88639],[-49.39385,-24.88563],[-49.39374,-24.88525],[-49.39342,-24.88495],[-49.39274,-24.88484],[-49.39202,-24.88474],[-49.39134,-24.88449],[-49.3906,-24.88422],[-49.39036,-24.88394],[-49.39048,-24.88352],[-49.3908,-24.88252],[-49.39073,-24.88116],[-49.39062,-24.88048],[-49.39063,-24.87998],[-49.3909,-24.87975],[-49.39145,-24.87949],[-49.3924,-24.879],[-49.39258,-24.87872],[-49.3924,-24.87854],[-49.39203,-24.8784],[-49.39153,-24.87809],[-49.39095,-24.87767],[-49.39078,-24.87723],[-49.39102,-24.87683],[-49.39131,-24.87647],[-49.39164,-24.87604]],[[-49.31046,-25.0359],[-49.31029,-25.03601],[-49.30982,-25.03587],[-49.30955,-25.03559],[-49.30919,-25.03531],[-49.30889,-25.03531],[-49.30856,-25.03555],[-49.30813,-25.03609],[-49.30773,-25.03645],[-49.30746,-25.03654],[-49.30719,-25.03688],[-49.30694,-25.03753],[-49.30666,-25.03783],[-49.3063,-25.03813],[-49.30569,-25.03845],[-49.30515,-25.03858],[-49.30467,-25.03877],[-49.3043,-25.0392],[-49.30402,-25.03955],[-49.30399,-25.03988],[-49.3038,-25.04035],[-49.30356,-25.04067],[-49.3031,-25.04091],[-49.30286,-25.04124],[-49.30249,-25.04148],[-49.30204,-25.04178],[-49.30173,-25.04205],[-49.30125,-25.04223],[-49.30089,-25.04237],[-49.30056,-25.04236],[-49.30026,-25.04233],[-49.29994,-25.04246],[-49.29962,-25.04271],[-49.29929,-25.04259],[-49.2989,-25.04232],[-49.29882,-25.04199],[-49.29857,-25.04223],[-49.2983,-25.04245],[-49.29827,-25.04275],[-49.29781,-25.04304],[-49.29742,-25.04315],[-49.29718,-25.04328],[-49.29714,-25.04353],[-49.29717,-25.04386],[-49.29732,-25.04411],[-49.29716,-25.04435],[-49.29686,-25.04421],[-49.29657,-25.04404],[-49.29627,-25.04363],[-49.29604,-25.04319],[-49.29583,-25.04297],[-49.29544,-25.04302],[-49.29495,-25.04317],[-49.29459,-25.0435],[-49.29449,-25.04383],[-49.29452,-25.04416],[-49.29442,-25.04451],[-49.29433,-25.04495],[-49.2945,-25.04528],[-49.29468,-25.04569],[-49.29491,-25.04616],[-49.29506,-25.0466],[-49.29541,-25.0468],[-49.29562,-25.04704],[-49.2955,-25.0474],[-49.29526,-25.04745],[-49.29486,-25.04767],[-49.29462,-25.04799],[-49.2944,-25.04832],[-49.29419,-25.04859],[-49.29406,-25.04894],[-49.29387,-25.04949],[-49.29354,-25.04992],[-49.29311,-25.05038],[-49.29302,-25.05066],[-49.29316,-25.05099],[-49.29349,-25.05113],[-49.29367,-25.0514],[-49.2936,-25.05179],[-49.29339,-25.05189],[-49.29309,-25.05197],[-49.29276,-25.05191],[-49.29246,-25.05183],[-49.29207,-25.05169],[-49.29159,-25.05146],[-49.29132,-25.05135],[-49.29105,-25.05143],[-49.29063,-25.05159],[-49.29018,-25.0515],[-49.28991,-25.05131],[-49.2897,-25.05106],[-49.28958,-25.05136],[-49.28948,-25.05168],[-49.28948,-25.05207],[-49.2895,-25.05245],[-49.2895,-25.05283],[-49.28913,-25.05305],[-49.28875,-25.05294],[-49.28839,-25.05255],[-49.28819,-25.05205],[-49.28789,-25.05167],[-49.28775,-25.05117],[-49.28742,-25.05081],[-49.28722,-25.05048],[-49.28722,-25.05015],[-49.28758,-25.05005],[-49.28803,-25.05],[-49.28834,-25.04981],[-49.28834,-25.04951],[-49.28795,-25.04928],[-49.2873,-25.04911],[-49.28672,-25.04908],[-49.28645,-25.04921],[-49.28642,-25.04949],[-49.28617,-25.04984],[-49.28568,-25.05033],[-49.28517,-25.05079],[-49.28459,-25.05103],[-49.28423,-25.0514],[-49.28368,-25.0517],[-49.2832,-25.05156],[-49.28278,-25.05133],[-49.2824,-25.05116],[-49.28195,-25.05113],[-49.28161,-25.0514],[-49.28143,-25.05165],[-49.28097,-25.05194],[-49.28076,-25.05227],[-49.28075,-25.05265],[-49.28062,-25.05312],[-49.2803,-25.05297],[-49.27994,-25.05283],[-49.27931,-25.05247],[-49.27889,-25.05214],[-49.27839,-25.05175],[-49.27791,-25.05141],[-49.27746,-25.05127],[-49.27698,-25.05143],[-49.27607,-25.05223],[-49.27549,-25.05292],[-49.27491,-25.0533],[-49.27442,-25.05373],[-49.27391,-25.05391],[-49.27333,-25.05421],[-49.27291,-25.05431],[-49.27237,-25.05444],[-49.27201,-25.05452],[-49.27164,-25.05471],[-49.27137,-25.05509],[-49.27113,-25.05514],[-49.27073,-25.05525],[-49.27031,-25.05546],[-49.27006,-25.05573],[-49.26997,-25.05611],[-49.27002,-25.05653],[-49.26987,-25.05677],[-49.26951,-25.05688],[-49.269,-25.05698],[-49.26858,-25.05681],[-49.26819,-25.05656],[-49.26777,-25.05623],[-49.26742,-25.056],[-49.26694,-25.05586],[-49.26642,-25.05588],[-49.26591,-25.05615],[-49.26545,-25.05647],[-49.26518,-25.05677],[-49.26511,-25.05718],[-49.26526,-25.05743],[-49.26565,-25.05743],[-49.26592,-25.05763],[-49.26579,-25.05812],[-49.26582,-25.05861],[-49.26593,-25.05905],[-49.26583,-25.05941],[-49.26544,-25.05951],[-49.26493,-25.05956],[-49.26451,-25.05978],[-49.26417,-25.06026],[-49.26392,-25.06073],[-49.26358,-25.0613],[-49.26312,-25.06187],[-49.26239,-25.06246],[-49.26173,-25.06259],[-49.26125,-25.06253],[-49.26095,-25.06277],[-49.26053,-25.06271],[-49.26038,-25.06252],[-49.26048,-25.062],[-49.26039,-25.06167],[-49.26006,-25.06161],[-49.25988,-25.06191],[-49.25966,-25.06224],[-49.25921,-25.06237],[-49.25885,-25.06231],[-49.25873,-25.06204],[-49.25876,-25.06182],[-49.25904,-25.06155],[-49.25946,-25.06139],[-49.25962,-25.06103],[-49.25953,-25.06073],[-49.25923,-25.06059],[-49.25881,-25.06048],[-49.25833,-25.06028],[-49.25786,-25.06014],[-49.25759,-25.05986],[-49.25744,-25.05956],[-49.25739,-25.05914],[-49.25751,-25.05873],[-49.25776,-25.05849],[-49.25815,-25.05852],[-49.25863,-25.05861],[-49.25911,-25.05867],[-49.25974,-25.05857],[-49.26017,-25.05833],[-49.26047,-25.05792],[-49.26089,-25.05784],[-49.26123,-25.05757],[-49.26105,-25.05735],[-49.26081,-25.05718],[-49.26073,-25.05688],[-49.26097,-25.05664],[-49.26113,-25.0562],[-49.26092,-25.05593],[-49.26056,-25.0562],[-49.26007,-25.05641],[-49.25968,-25.05657],[-49.25947,-25.05673],[-49.25931,-25.05695],[-49.25907,-25.05684],[-49.25866,-25.05669],[-49.25818,-25.05658],[-49.25773,-25.05638],[-49.25728,-25.05638],[-49.25667,-25.05656],[-49.25573,-25.05718],[-49.25513,-25.05731],[-49.2547,-25.05761],[-49.25419,-25.05782],[-49.25359,-25.05781],[-49.25302,-25.05797],[-49.25247,-25.05805],[-49.25205,-25.05834],[-49.25171,-25.05856],[-49.25143,-25.05918],[-49.25107,-25.05937],[-49.25062,-25.05934],[-49.25026,-25.0592],[-49.24984,-25.05903],[-49.24924,-25.05908],[-49.24912,-25.05927],[-49.24899,-25.05965],[-49.24932,-25.05993],[-49.24955,-25.06028],[-49.24943,-25.0608],[-49.24924,-25.06151],[-49.24905,-25.06162],[-49.24872,-25.06175],[-49.24833,-25.06191],[-49.24791,-25.06177],[-49.24746,-25.06146],[-49.24698,-25.06135],[-49.2465,-25.06148],[-49.24611,-25.06164],[-49.24586,-25.06197],[-49.24574,-25.0624],[-49.24606,-25.06257],[-49.24633,-25.06277],[-49.24672,-25.06288],[-49.2466,-25.06323],[-49.2459,-25.06347],[-49.24545,-25.0638],[-49.24502,-25.06431],[-49.24471,-25.06469],[-49.24436,-25.06489],[-49.24413,-25.0652],[-49.24401,-25.06559],[-49.24364,-25.0658],[-49.24328,-25.06602],[-49.24315,-25.06629],[-49.24315,-25.06656],[-49.24339,-25.06684],[-49.24329,-25.06717],[-49.24344,-25.0675],[-49.2438,-25.06767],[-49.24407,-25.06778],[-49.24409,-25.06822],[-49.244,-25.06844],[-49.24375,-25.06871],[-49.24378,-25.06912],[-49.24401,-25.0695],[-49.24428,-25.06984],[-49.24412,-25.07003],[-49.24382,-25.07002],[-49.24347,-25.06974],[-49.24314,-25.06949],[-49.24278,-25.06943],[-49.24239,-25.06965],[-49.24205,-25.07006],[-49.24174,-25.07049],[-49.24159,-25.07079],[-49.24186,-25.07096],[-49.24231,-25.07069],[-49.24264,-25.07064],[-49.24279,-25.07075],[-49.24276,-25.07113],[-49.24266,-25.07149],[-49.24236,-25.0717],[-49.2419,-25.07211],[-49.24192,-25.07249],[-49.24216,-25.07282],[-49.24239,-25.07318],[-49.24254,-25.0734],[-49.2426,-25.07368],[-49.24232,-25.07408],[-49.24204,-25.07468],[-49.24183,-25.07465],[-49.24169,-25.0743],[-49.24157,-25.0738],[-49.24131,-25.07358],[-49.24095,-25.07347],[-49.24061,-25.07363],[-49.24025,-25.07384],[-49.24007,-25.07419]],[[-49.24007,-25.07419],[-49.24024,-25.07463],[-49.24042,-25.07493],[-49.24006,-25.07503],[-49.23999,-25.07533],[-49.23966,-25.07563],[-49.2398,-25.07604],[-49.23983,-25.07648],[-49.23943,-25.07672],[-49.23901,-25.07699],[-49.23882,-25.0774],[-49.23854,-25.0777],[-49.23826,-25.07746],[-49.23786,-25.07745],[-49.23738,-25.07747],[-49.2369,-25.07732],[-49.23665,-25.07749],[-49.23645,-25.07718],[-49.23618,-25.07685],[-49.23579,-25.07693],[-49.23543,-25.07681],[-49.23507,-25.07665],[-49.23487,-25.07626],[-49.23451,-25.07604],[-49.23403,-25.07609],[-49.2337,-25.07616],[-49.23333,-25.07641],[-49.23326,-25.07684],[-49.23299,-25.07717],[-49.23269,-25.07738],[-49.23227,-25.07705],[-49.2317,-25.0768],[-49.2318,-25.07647],[-49.23156,-25.07622],[-49.23108,-25.07605],[-49.23088,-25.07579],[-49.23082,-25.07542],[-49.23073,-25.07501],[-49.23026,-25.07489],[-49.23011,-25.07453],[-49.22978,-25.07436],[-49.22957,-25.07461],[-49.22927,-25.07469],[-49.22887,-25.07471],[-49.22857,-25.07476],[-49.22857,-25.07517],[-49.22856,-25.07542],[-49.22811,-25.07541],[-49.22788,-25.07511],[-49.22761,-25.07489],[-49.22709,-25.07535],[-49.22673,-25.07564],[-49.22648,-25.07609],[-49.2262,-25.07654],[-49.22586,-25.07682],[-49.22556,-25.07727],[-49.22511,-25.07727],[-49.22465,-25.07748],[-49.22411,-25.07753],[-49.22384,-25.07742],[-49.22309,-25.07746],[-49.22298,-25.07702],[-49.22302,-25.07639],[-49.22293,-25.07604],[-49.2223,-25.07627],[-49.2213,-25.07648],[-49.22061,-25.07636],[-49.22107,-25.07599],[-49.22083,-25.0756],[-49.22066,-25.07541],[-49.22063,-25.07499],[-49.22055,-25.07456],[-49.22,-25.07482],[-49.21967,-25.07471],[-49.21919,-25.07465],[-49.21895,-25.07445],[-49.21893,-25.0741],[-49.21861,-25.07363],[-49.21816,-25.0734],[-49.21747,-25.0734],[-49.21701,-25.07377],[-49.21682,-25.0741],[-49.21649,-25.07431],[-49.21619,-25.0742],[-49.21574,-25.07428],[-49.21529,-25.07416],[-49.2149,-25.07394],[-49.21452,-25.07363],[-49.21413,-25.07344],[-49.2138,-25.0731],[-49.21348,-25.0728],[-49.21296,-25.0729],[-49.21242,-25.0732],[-49.2122,-25.07363],[-49.21165,-25.07389],[-49.21129,-25.07433],[-49.2109,-25.07444],[-49.21077,-25.07482],[-49.21041,-25.07504],[-49.21028,-25.07547],[-49.20985,-25.0758],[-49.20943,-25.0762],[-49.20915,-25.07642],[-49.20882,-25.07669],[-49.20846,-25.07666],[-49.20816,-25.0766],[-49.20783,-25.07668],[-49.20738,-25.07662],[-49.20732,-25.07629],[-49.20705,-25.07606],[-49.20685,-25.07576],[-49.20652,-25.0757],[-49.20616,-25.07567],[-49.20592,-25.07553],[-49.20541,-25.07563],[-49.20507,-25.07615],[-49.20473,-25.07647],[-49.20458,-25.07688],[-49.20415,-25.07715],[-49.20379,-25.07739],[-49.20321,-25.07744],[-49.20298,-25.07745],[-49.20267,-25.07746],[-49.2018,-25.07734],[-49.20087,-25.07744],[-49.20009,-25.07749],[-49.19966,-25.07764],[-49.19924,-25.07797],[-49.19875,-25.07826],[-49.19848,-25.07859],[-49.19796,-25.07869],[-49.1976,-25.07869],[-49.19754,-25.0791],[-49.19747,-25.07943],[-49.19699,-25.07956],[-49.19642,-25.07963],[-49.19599,-25.07979],[-49.19569,-25.08009],[-49.19514,-25.08049],[-49.19469,-25.08071],[-49.19432,-25.08087],[-49.1939,-25.08127],[-49.19356,-25.08162],[-49.19314,-25.08181],[-49.19271,-25.08208],[-49.1925,-25.0824],[-49.19219,-25.08246],[-49.19193,-25.08212],[-49.19169,-25.08185],[-49.19161,-25.08149],[-49.19132,-25.0814],[-49.19091,-25.08156],[-49.19046,-25.08172],[-49.19013,-25.08197],[-49.18994,-25.08243],[-49.18972,-25.08273],[-49.18936,-25.0828],[-49.18918,-25.08308],[-49.18914,-25.08368],[-49.18892,-25.08403],[-49.18859,-25.08403],[-49.18842,-25.08372],[-49.18803,-25.0835],[-49.18794,-25.08317],[-49.18765,-25.083],[-49.18734,-25.08303],[-49.18701,-25.0831],[-49.18653,-25.08293],[-49.18621,-25.08271],[-49.18582,-25.08235],[-49.18553,-25.08196],[-49.18538,-25.08166],[-49.18505,-25.08168],[-49.18472,-25.08157],[-49.18433,-25.08148],[-49.18406,-25.08118],[-49.18395,-25.08079],[-49.1838,-25.08046],[-49.18347,-25.08051],[-49.18326,-25.08084],[-49.18293,-25.08084],[-49.18257,-25.08061],[-49.18227,-25.08055],[-49.182,-25.08025],[-49.1817,-25.08027],[-49.18161,-25.0806],[-49.18157,-25.08101],[-49.18162,-25.0814],[-49.18153,-25.0817],[-49.18156,-25.08192],[-49.18183,-25.082],[-49.18176,-25.08222],[-49.18149,-25.08249],[-49.18118,-25.08273],[-49.18088,-25.08289],[-49.18066,-25.0833],[-49.18039,-25.08338],[-49.18037,-25.08283],[-49.18035,-25.08237],[-49.18017,-25.08206],[-49.17975,-25.08211],[-49.17938,-25.08249],[-49.17932,-25.08296],[-49.17889,-25.08314],[-49.17865,-25.0835],[-49.17819,-25.08387],[-49.17812,-25.08441],[-49.17791,-25.08472],[-49.17796,-25.08508],[-49.17801,-25.08568],[-49.17795,-25.08606],[-49.17761,-25.08619],[-49.17728,-25.08649],[-49.17686,-25.08657],[-49.17661,-25.08709],[-49.17651,-25.08739],[-49.17651,-25.08771],[-49.17626,-25.08798],[-49.17599,-25.08817],[-49.17572,-25.08806],[-49.17542,-25.08814],[-49.17521,-25.08781],[-49.17498,-25.0875],[-49.17459,-25.08744],[-49.17426,-25.0873],[-49.1739,-25.08719],[-49.17366,-25.08732],[-49.1733,-25.08726],[-49.17294,-25.08712],[-49.17243,-25.08692],[-49.17216,-25.08673],[-49.17199,-25.08634],[-49.17142,-25.08617],[-49.17103,-25.08589],[-49.17071,-25.08556],[-49.17023,-25.08547],[-49.16968,-25.08563],[-49.16917,-25.08565],[-49.16863,-25.08573],[-49.16797,-25.08588],[-49.1673,-25.08629],[-49.1666,-25.08677],[-49.16593,-25.0872],[-49.16556,-25.08755],[-49.16505,-25.08749],[-49.1644,-25.08724],[-49.16398,-25.08718],[-49.16353,-25.08714],[-49.16306,-25.08727],[-49.16274,-25.08746],[-49.16214,-25.08748],[-49.16142,-25.08745],[-49.16078,-25.08749],[-49.16015,-25.08754],[-49.15949,-25.08756],[-49.15904,-25.08747],[-49.15897,-25.08742],[-49.15884,-25.08728],[-49.15857,-25.08719],[-49.1585,-25.08708],[-49.15844,-25.08687],[-49.15839,-25.08682],[-49.15832,-25.0868],[-49.15803,-25.08673],[-49.15781,-25.08679],[-49.15761,-25.08672],[-49.15739,-25.08674],[-49.15709,-25.08671],[-49.15676,-25.08684],[-49.15655,-25.08689],[-49.1564,-25.08684],[-49.15628,-25.08668],[-49.15616,-25.08661],[-49.15608,-25.08662],[-49.15601,-25.08665],[-49.15586,-25.0868],[-49.15579,-25.0868],[-49.15551,-25.08677],[-49.15542,-25.08666],[-49.15533,-25.08665],[-49.15512,-25.08693],[-49.15498,-25.08697],[-49.15483,-25.08695],[-49.15468,-25.08697],[-49.15461,-25.08696],[-49.15447,-25.0868],[-49.15439,-25.0868],[-49.1541,-25.0868],[-49.15403,-25.08683],[-49.15387,-25.08696],[-49.15349,-25.08701],[-49.15341,-25.08704],[-49.15335,-25.08708],[-49.15326,-25.08719],[-49.15313,-25.08724],[-49.15301,-25.08732],[-49.15272,-25.08733],[-49.15265,-25.08737],[-49.15255,-25.08749],[-49.15248,-25.08752],[-49.15227,-25.08757],[-49.15204,-25.08756],[-49.1519,-25.0876],[-49.15186,-25.08765],[-49.15177,-25.08785],[-49.15171,-25.08789],[-49.15164,-25.0879],[-49.1515,-25.08785],[-49.15143,-25.08784],[-49.15126,-25.08786],[-49.1512,-25.08787],[-49.15114,-25.08784],[-49.15108,-25.08771],[-49.15089,-25.0876],[-49.15087,-25.08754],[-49.15091,-25.08742],[-49.1509,-25.08734],[-49.15065,-25.08707],[-49.15063,-25.08694],[-49.15059,-25.08688],[-49.15049,-25.08678],[-49.15025,-25.08663],[-49.15013,-25.08646],[-49.15009,-25.08633],[-49.15004,-25.08628],[-49.14991,-25.08621],[-49.14984,-25.08619],[-49.14953,-25.08623],[-49.14934,-25.08614],[-49.14912,-25.08611],[-49.14886,-25.08624],[-49.14879,-25.08625],[-49.14861,-25.0862],[-49.14843,-25.08621],[-49.14812,-25.08618],[-49.14774,-25.08621],[-49.1473,-25.08615],[-49.14701,-25.08608],[-49.14686,-25.08608],[-49.1468,-25.08609],[-49.14672,-25.08614],[-49.14654,-25.08634],[-49.14647,-25.08647],[-49.14644,-25.08673],[-49.14638,-25.08694],[-49.14632,-25.08734],[-49.14626,-25.08748],[-49.14605,-25.08778],[-49.14579,-25.08802],[-49.14567,-25.08812],[-49.14548,-25.08822],[-49.14518,-25.08828],[-49.1449,-25.08825],[-49.14484,-25.0883],[-49.14483,-25.08836],[-49.14477,-25.0884],[-49.14461,-25.08839],[-49.14446,-25.08824],[-49.14438,-25.08821],[-49.14433,-25.08823],[-49.14427,-25.08829],[-49.14415,-25.08854],[-49.14391,-25.08881],[-49.14386,-25.08893],[-49.14383,-25.08901],[-49.14385,-25.08914],[-49.14382,-25.08941],[-49.14387,-25.08966],[-49.14395,-25.08986],[-49.14395,-25.08996],[-49.14396,-25.09012],[-49.14393,-25.09019],[-49.14388,-25.09024],[-49.14381,-25.09028],[-49.14374,-25.09027],[-49.14353,-25.09019],[-49.14346,-25.09019],[-49.14339,-25.09021],[-49.14325,-25.0902],[-49.14318,-25.09023],[-49.14284,-25.09069],[-49.14267,-25.09083],[-49.1425,-25.09093],[-49.14228,-25.09106],[-49.14204,-25.09134],[-49.14191,-25.09143],[-49.14182,-25.09144],[-49.14175,-25.09157],[-49.1417,-25.09183],[-49.1416,-25.09201],[-49.14151,-25.09226],[-49.14138,-25.09244],[-49.14123,-25.09264],[-49.1411,-25.09289],[-49.14108,-25.09309],[-49.14113,-25.09336],[-49.14109,-25.09355],[-49.14096,-25.09365],[-49.14091,-25.09368],[-49.14087,-25.09373],[-49.14085,-25.0938],[-49.14086,-25.09393],[-49.14093,-25.09405],[-49.14096,-25.09417],[-49.14096,-25.09438],[-49.14102,-25.0947],[-49.14102,-25.09482],[-49.14098,-25.0949],[-49.14089,-25.09499],[-49.14055,-25.09512],[-49.14044,-25.09519],[-49.14036,-25.0953],[-49.1403,-25.09548],[-49.14021,-25.09558],[-49.14004,-25.09564],[-49.13979,-25.09578],[-49.13956,-25.09603],[-49.13951,-25.09615],[-49.13953,-25.09636],[-49.13962,-25.09653],[-49.1396,-25.09665],[-49.13931,-25.09692],[-49.13908,-25.09705],[-49.13873,-25.09736],[-49.13851,-25.0974],[-49.13838,-25.09746],[-49.13818,-25.09748],[-49.13805,-25.09752],[-49.13761,-25.09777],[-49.1374,-25.09796],[-49.1372,-25.09802],[-49.13705,-25.098],[-49.13699,-25.09797],[-49.13691,-25.09787],[-49.13686,-25.09763],[-49.13681,-25.09758],[-49.1367,-25.09753],[-49.13643,-25.09746],[-49.1363,-25.09739],[-49.13624,-25.09727],[-49.13599,-25.09702],[-49.13566,-25.09686],[-49.13542,-25.09656],[-49.1353,-25.09647],[-49.1351,-25.09637],[-49.13493,-25.09615],[-49.13482,-25.09608],[-49.13465,-25.09606],[-49.13455,-25.09614],[-49.13438,-25.09625],[-49.13424,-25.0963],[-49.13397,-25.09637],[-49.13362,-25.09624],[-49.13349,-25.09609],[-49.1333,-25.09601],[-49.13315,-25.09591],[-49.133,-25.09585],[-49.13291,-25.09577],[-49.13289,-25.0957],[-49.13286,-25.09559],[-49.13288,-25.09543],[-49.13288,-25.09523],[-49.13292,-25.09502],[-49.13294,-25.0947],[-49.13288,-25.09433],[-49.13281,-25.09412],[-49.13272,-25.09382],[-49.13258,-25.09349],[-49.13248,-25.09326],[-49.13241,-25.09317],[-49.13225,-25.09309],[-49.13213,-25.09305],[-49.132,-25.09303],[-49.13185,-25.09301],[-49.13162,-25.09305],[-49.13141,-25.09303],[-49.1313,-25.09302],[-49.13114,-25.09292],[-49.13102,-25.09278],[-49.13084,-25.09263],[-49.13073,-25.09253],[-49.13055,-25.09235],[-49.13022,-25.09212],[-49.12988,-25.09186],[-49.12965,-25.09159],[-49.1293,-25.09117],[-49.12912,-25.09105],[-49.12887,-25.091],[-49.12882,-25.09093],[-49.12877,-25.09087],[-49.12878,-25.09076],[-49.12878,-25.09062],[-49.12863,-25.09048],[-49.12843,-25.09035],[-49.12816,-25.09029],[-49.12772,-25.09017],[-49.12748,-25.09013],[-49.1271,-25.0901],[-49.12522,-25.08963],[-49.1251,-25.08963],[-49.12494,-25.08963],[-49.1248,-25.08972],[-49.12469,-25.08985],[-49.1244,-25.09008],[-49.12418,-25.0902],[-49.12384,-25.09012],[-49.12337,-25.09],[-49.12293,-25.08988],[-49.12273,-25.08978],[-49.12249,-25.08971],[-49.12223,-25.08953],[-49.122,-25.08937],[-49.1219,-25.08922],[-49.12167,-25.08903],[-49.12147,-25.08892],[-49.12123,-25.08877],[-49.12095,-25.08867],[-49.12068,-25.08857],[-49.12043,-25.08843],[-49.12025,-25.08832],[-49.12018,-25.08821],[-49.1201,-25.08809],[-49.11995,-25.08797],[-49.11971,-25.0879],[-49.11953,-25.08789],[-49.11905,-25.08777],[-49.11888,-25.08766],[-49.11865,-25.08759],[-49.11842,-25.08759],[-49.11809,-25.0876],[-49.11776,-25.08757],[-49.11759,-25.08753],[-49.11748,-25.08747],[-49.11738,-25.08739],[-49.11726,-25.08727],[-49.1168,-25.08711],[-49.11616,-25.08708],[-49.11564,-25.08732],[-49.11504,-25.08753],[-49.11481,-25.08758],[-49.11417,-25.08772],[-49.11376,-25.08782],[-49.11334,-25.08773],[-49.1131,-25.08755],[-49.11298,-25.08746],[-49.11266,-25.08723],[-49.11236,-25.08694],[-49.11227,-25.08667],[-49.11229,-25.08642],[-49.11241,-25.08623],[-49.11242,-25.08583],[-49.11232,-25.08562],[-49.11204,-25.0855],[-49.11146,-25.08532],[-49.11094,-25.08519],[-49.10993,-25.08488],[-49.10944,-25.08474],[-49.1091,-25.08463],[-49.10869,-25.08428],[-49.10849,-25.08402],[-49.10841,-25.08371],[-49.1083,-25.08334],[-49.10827,-25.0832],[-49.10823,-25.08298],[-49.1083,-25.08269],[-49.10836,-25.08248],[-49.10813,-25.08238],[-49.1079,-25.0824],[-49.10758,-25.08237],[-49.10657,-25.0822],[-49.10569,-25.08211],[-49.10534,-25.08217],[-49.10504,-25.08222],[-49.10489,-25.08232],[-49.105,-25.08275],[-49.10502,-25.08292],[-49.10496,-25.08318],[-49.1047,-25.08345],[-49.10433,-25.08345],[-49.10365,-25.08355],[-49.10335,-25.08368],[-49.10253,-25.08401],[-49.102,-25.0841],[-49.10163,-25.08414],[-49.10144,-25.08403],[-49.10132,-25.08389],[-49.10124,-25.08371],[-49.10125,-25.08331],[-49.10134,-25.08306],[-49.10138,-25.08268],[-49.10132,-25.08239],[-49.10115,-25.08232],[-49.10095,-25.08224],[-49.1006,-25.08219],[-49.10032,-25.08214],[-49.09979,-25.08186],[-49.09948,-25.0818],[-49.0993,-25.08169],[-49.09911,-25.08147],[-49.09871,-25.08129],[-49.09842,-25.08127],[-49.09801,-25.08127],[-49.09739,-25.08142],[-49.097,-25.08155],[-49.0968,-25.08175],[-49.09661,-25.08195],[-49.09645,-25.08197],[-49.09627,-25.08191],[-49.09613,-25.08171],[-49.09599,-25.08148],[-49.09587,-25.08129],[-49.09577,-25.08118],[-49.09541,-25.08099],[-49.09512,-25.08087],[-49.095,-25.08083],[-49.0948,-25.08075],[-49.0946,-25.08057],[-49.09454,-25.08032],[-49.09453,-25.08002],[-49.09445,-25.07979],[-49.09439,-25.07962],[-49.09433,-25.07943],[-49.09409,-25.07906],[-49.09392,-25.07886],[-49.09391,-25.07414]],[[-49.09391,-25.07414],[-49.09307,-25.077],[-49.09323,-25.07906],[-49.09359,-25.08046],[-49.0957,-25.08341],[-49.09489,-25.08511],[-49.09262,-25.08607],[-49.09249,-25.0864],[-49.09225,-25.08852],[-49.09193,-25.0913],[-49.09085,-25.09203],[-49.09069,-25.09385],[-49.08894,-25.09718],[-49.08846,-25.09771],[-49.08717,-25.09789],[-49.08538,-25.09673],[-49.08554,-25.09878],[-49.08308,-25.10103],[-49.08191,-25.10484],[-49.08125,-25.10506],[-49.07843,-25.10425],[-49.07717,-25.10489],[-49.07377,-25.10548],[-49.07135,-25.10529],[-49.06822,-25.10772],[-49.06603,-25.10724],[-49.06492,-25.10758],[-49.06353,-25.10965],[-49.06548,-25.11327],[-49.06455,-25.11583],[-49.06492,-25.11638],[-49.06594,-25.11644],[-49.06815,-25.11539],[-49.06991,-25.11513],[-49.07305,-25.11655],[-49.07495,-25.11817],[-49.07613,-25.12134],[-49.08619,-25.12399],[-49.09033,-25.12378],[-49.09637,-25.12186],[-49.0986,-25.12204],[-49.10025,-25.12362],[-49.10071,-25.127],[-49.10122,-25.12781],[-49.10257,-25.12823],[-49.10679,-25.12957],[-49.11183,-25.13116],[-49.1123,-25.13125],[-49.11242,-25.13128],[-49.11318,-25.13143],[-49.1136,-25.13136],[-49.1164,-25.12996],[-49.12243,-25.131],[-49.12495,-25.13336],[-49.12837,-25.13406],[-49.12883,-25.13453],[-49.12972,-25.13754],[-49.13135,-25.13783],[-49.13238,-25.13867],[-49.13354,-25.14303],[-49.13549,-25.14546],[-49.13854,-25.14672],[-49.14227,-25.14727],[-49.14382,-25.14884],[-49.14612,-25.15003],[-49.1523,-25.14956],[-49.15497,-25.15204],[-49.15849,-25.15304],[-49.16029,-25.1562],[-49.16259,-25.15805],[-49.16429,-25.15865],[-49.16722,-25.15761],[-49.16788,-25.15776],[-49.16945,-25.15956],[-49.17403,-25.16206],[-49.17487,-25.16253],[-49.17832,-25.16441],[-49.17891,-25.16537],[-49.17744,-25.16887],[-49.17618,-25.1703],[-49.17192,-25.17244],[-49.17121,-25.17258],[-49.16734,-25.17245],[-49.16637,-25.17279],[-49.16341,-25.17518],[-49.16224,-25.1772],[-49.15829,-25.18082],[-49.15765,-25.18179],[-49.1581,-25.18257],[-49.16192,-25.18592],[-49.16409,-25.18991],[-49.16895,-25.19135],[-49.173,-25.19184],[-49.1745,-25.1925],[-49.17559,-25.19384],[-49.17547,-25.19576],[-49.17554,-25.1958],[-49.17656,-25.19632],[-49.17782,-25.198],[-49.18129,-25.19796],[-49.1839,-25.19939],[-49.18718,-25.1989],[-49.19383,-25.20261],[-49.19998,-25.20257],[-49.20064,-25.20293],[-49.20135,-25.20428],[-49.20384,-25.20498],[-49.22111,-25.20981],[-49.22196,-25.23024]]],"features":[{"type":"Feature","properties":{"n":"Rua Prefeito Octávio Furquim","h":"tertiary"},"geometry":{"type":"LineString","coordinates":[[-49.31034,-25.19559],[-49.31009,-25.19545],[-49.30995,-25.19532],[-49.30958,-25.19482],[-49.30947,-25.19466],[-49.30929,-25.19442],[-49.30916,-25.19431],[-49.30907,-25.19425],[-49.30896,-25.19416],[-49.30876,-25.19403],[-49.30868,-25.19395],[-49.30861,-25.19385],[-49.30853,-25.19366],[-49.30835,-25.19308],[-49.3083,-25.19291],[-49.30828,-25.19279],[-49.30824,-25.19267],[-49.30817,-25.19257],[-49.30807,-25.19248],[-49.30795,-25.19239],[-49.30781,-25.19229],[-49.30771,-25.1922],[-49.30767,-25.19213],[-49.30763,-25.19205],[-49.30761,-25.19198],[-49.3076,-25.19193],[-49.30759,-25.19182]]}},{"type":"Feature","properties":{"n":"Avenida Agrimensor Gildo Pinheiro da Luz","h":"primary"},"geometry":{"type":"LineString","coordinates":[[-49.32971,-25.21769],[-49.32913,-25.21768],[-49.32867,-25.21768],[-49.32772,-25.21769],[-49.32767,-25.21769],[-49.32693,-25.21768],[-49.32631,-25.21769],[-49.32599,-25.2177],[-49.32576,-25.21772],[-49.32563,-25.21774],[-49.32543,-25.21781],[-49.32517,-25.21797],[-49.32494,-25.21817],[-49.32453,-25.2187],[-49.32432,-25.219],[-49.32412,-25.21924],[-49.32387,-25.21949],[-49.32363,-25.21966],[-49.32331,-25.21982],[-49.32293,-25.21994],[-49.32249,-25.22008],[-49.32224,-25.22014],[-49.3219,-25.22022],[-49.32145,-25.22031],[-49.32081,-25.22048],[-49.3202,-25.22063],[-49.31974,-25.22076],[-49.31961,-25.22079],[-49.31946,-25.22086],[-49.31928,-25.22096],[-49.31893,-25.2212],[-49.31869,-25.22138],[-49.31826,-25.2217],[-49.31804,-25.22185],[-49.31781,-25.22202],[-49.31759,-25.22216],[-49.31742,-25.22224],[-49.31726,-25.22228],[-49.31704,-25.22233],[-49.31675,-25.22235],[-49.31632,-25.22235]]}},{"type":"Feature","properties":{"n":"Rua Amazonas","h":"residential"},"geometry":{"type":"LineString","coordinates":[[-49.30631,-25.18594],[-49.30595,-25.18613],[-49.30564,-25.18629],[-49.30535,-25.18645],[-49.30503,-25.18665],[-49.30447,-25.18708],[-49.30418,-25.18729],[-49.30386,-25.18751],[-49.30363,-25.18765],[-49.30346,-25.18777],[-49.3034,-25.1878],[-49.30332,-25.18789],[-49.30329,-25.18791]]}},{"type":"Feature","properties":{"n":"Rua Rondônia","h":"residential"},"geometry":{"type":"LineString","coordinates":[[-49.30397,-25.18571],[-49.3039,-25.1858],[-49.30389,-25.18584],[-49.30388,-25.18587],[-49.30391,-25.18596],[-49.30412,-25.1864],[-49.30439,-25.18694],[-49.30447,-25.18708]]}},{"type":"Feature","properties":{"n":"Rua São Paulo","h":"residential"},"geometry":{"type":"LineString","coordinates":[[-49.30327,-25.18626],[-49.30351,-25.1867],[-49.30386,-25.18751]]}},{"type":"Feature","properties":{"n":"Rua Paraíba","h":"residential"},"geometry":{"type":"LineString","coordinates":[[-49.30269,-25.18659],[-49.3031,-25.18756],[-49.30313,-25.18768],[-49.30315,-25.18777]]}},{"type":"Feature","properties":{"n":"Rua Santa Catarina","h":"residential"},"geometry":{"type":"LineString","coordinates":[[-49.30554,-25.18477],[-49.305,-25.18499],[-49.30469,-25.18514],[-49.30443,-25.18533],[-49.30397,-25.18571],[-49.30387,-25.18575],[-49.30384,-25.18576],[-49.30372,-25.18593],[-49.3036,-25.18604],[-49.30342,-25.18616],[-49.30327,-25.18626],[-49.30304,-25.1864],[-49.30269,-25.18659],[-49.30238,-25.18681],[-49.30212,-25.18699],[-49.30176,-25.18719],[-49.30133,-25.18749],[-49.301,-25.18767],[-49.30063,-25.18789]]}},{"type":"Feature","properties":{"n":"Rua Antônio Nunes","h":"residential"},"geometry":{"type":"LineString","coordinates":[[-49.29927,-25.18888],[-49.30136,-25.18832],[-49.30175,-25.18822],[-49.30313,-25.18784]]}},{"type":"Feature","properties":{"n":"Rua Vereador Rene Bitencourt Vaz","h":"residential"},"geometry":{"type":"LineString","coordinates":[[-49.29942,-25.18948],[-49.30125,-25.18901],[-49.30155,-25.18893],[-49.30314,-25.18853],[-49.30358,-25.18842]]}},{"type":"Feature","properties":{"n":"Rua Espírito Santo","h":"residential"},"geometry":{"type":"LineString","coordinates":[[-49.30198,-25.19169],[-49.3023,-25.19136],[-49.30285,-25.19095],[-49.30311,-25.19068],[-49.30323,-25.19054],[-49.30369,-25.19007],[-49.30418,-25.18954],[-49.30434,-25.18938],[-49.3048,-25.18886]]}},{"type":"Feature","properties":{"n":"Rua Acre","h":"residential"},"geometry":{"type":"LineString","coordinates":[[-49.3033,-25.18872],[-49.30434,-25.18938]]}},{"type":"Feature","properties":{"n":"Rua Ceará","h":"residential"},"geometry":{"type":"LineString","coordinates":[[-49.30498,-25.19038],[-49.30474,-25.19015],[-49.30451,-25.18992],[-49.30418,-25.18954]]}},{"type":"Feature","properties":{"n":"Rua Roraima","h":"residential"},"geometry":{"type":"LineString","coordinates":[[-49.30311,-25.19068],[-49.30345,-25.19103],[-49.30379,-25.19142],[-49.30401,-25.19157],[-49.30433,-25.19177],[-49.30465,-25.19193],[-49.30483,-25.19204],[-49.30496,-25.19213],[-49.30514,-25.1923]]}},{"type":"Feature","properties":{"n":"Rua Pernambuco","h":"residential"},"geometry":{"type":"LineString","coordinates":[[-49.30231,-25.19243],[-49.30278,-25.19218],[-49.30288,-25.19214],[-49.303,-25.1921],[-49.30326,-25.19192],[-49.30379,-25.19142],[-49.30447,-25.19085],[-49.3047,-25.19064],[-49.30484,-25.19051],[-49.30498,-25.19038],[-49.30528,-25.19009],[-49.30555,-25.18985],[-49.30562,-25.18976],[-49.30572,-25.18956]]}},{"type":"Feature","properties":{"n":"Rua Generoso Marques","h":"tertiary"},"geometry":{"type":"LineString","coordinates":[[-49.30421,-25.19297],[-49.30391,-25.19322],[-49.30364,-25.19337],[-49.30328,-25.19354],[-49.3027,-25.1938],[-49.30265,-25.19382],[-49.30259,-25.19384],[-49.30239,-25.19388],[-49.30217,-25.19392],[-49.30208,-25.19396],[-49.30198,-25.19403],[-49.30179,-25.19422],[-49.30157,-25.19444],[-49.30128,-25.19468],[-49.30101,-25.1949],[-49.30093,-25.19493],[-49.30077,-25.19497],[-49.30061,-25.19498],[-49.3005,-25.19499],[-49.30025,-25.19501],[-49.30008,-25.19503],[-49.3,-25.19505],[-49.29996,-25.19508],[-49.29991,-25.19511],[-49.2998,-25.19524],[-49.29965,-25.1955],[-49.29933,-25.19594],[-49.29927,-25.19606]]}},{"type":"Feature","properties":{"n":"Avenida Derson Costa","h":"secondary"},"geometry":{"type":"LineString","coordinates":[[-49.31258,-25.19293],[-49.31224,-25.19344],[-49.31212,-25.19359],[-49.31185,-25.19393],[-49.31159,-25.19429],[-49.31151,-25.19442],[-49.31132,-25.19468],[-49.3111,-25.19501],[-49.31106,-25.1951],[-49.31105,-25.19515],[-49.31106,-25.19555],[-49.31107,-25.19577],[-49.31109,-25.19591],[-49.31114,-25.19606],[-49.31121,-25.19621],[-49.31128,-25.1963]]}},{"type":"Feature","properties":{"n":"Avenida Derson Costa","h":"secondary"},"geometry":{"type":"LineString","coordinates":[[-49.31113,-25.19639],[-49.31101,-25.19603],[-49.31096,-25.19579],[-49.31095,-25.19554],[-49.31097,-25.19528],[-49.31098,-25.19513],[-49.31099,-25.19506],[-49.31104,-25.19495],[-49.31112,-25.19481],[-49.31133,-25.19442],[-49.31143,-25.19422]]}},{"type":"Feature","properties":{"n":"Rua Coronel Carlos Pioli","h":"secondary"},"geometry":{"type":"LineString","coordinates":[[-49.31293,-25.19219],[-49.31328,-25.19156],[-49.3134,-25.19131]]}},{"type":"Feature","properties":{"n":"Rua Luiz Baido","h":"residential"},"geometry":{"type":"LineString","coordinates":[[-49.31577,-25.1885],[-49.31621,-25.18804]]}},{"type":"Feature","properties":{"n":"Rua Padre Ribeiro","h":"secondary"},"geometry":{"type":"LineString","coordinates":[[-49.31561,-25.18735],[-49.31515,-25.18762],[-49.31478,-25.18786],[-49.3146,-25.18797],[-49.31448,-25.18805],[-49.31421,-25.18821],[-49.31408,-25.18829],[-49.31403,-25.18833],[-49.31399,-25.18837],[-49.31397,-25.18841],[-49.31377,-25.18877],[-49.3136,-25.18914]]}},{"type":"Feature","properties":{"n":"Rua 7 de Setembro","h":"tertiary"},"geometry":{"type":"LineString","coordinates":[[-49.31336,-25.18568],[-49.31353,-25.18574],[-49.31401,-25.18591],[-49.31434,-25.18613],[-49.31475,-25.18649],[-49.315,-25.18671],[-49.31515,-25.18688],[-49.31561,-25.18735]]}},{"type":"Feature","properties":{"n":"Praça Castelo Branco","h":"tertiary"},"geometry":{"type":"LineString","coordinates":[[-49.31617,-25.18799],[-49.31599,-25.1878],[-49.31585,-25.18763],[-49.31571,-25.18748],[-49.31561,-25.18735]]}},{"type":"Feature","properties":{"n":"Rua Domingos de Faria","h":"secondary"},"geometry":{"type":"LineString","coordinates":[[-49.3136,-25.18914],[-49.3136,-25.18876],[-49.3136,-25.18868],[-49.31356,-25.18842],[-49.31355,-25.18837],[-49.3135,-25.18801],[-49.31336,-25.18752],[-49.31332,-25.18741],[-49.31306,-25.18681],[-49.31283,-25.18639],[-49.31255,-25.18594],[-49.31241,-25.18567],[-49.31239,-25.18553]]}},{"type":"Feature","properties":{"n":"Praça Castelo Branco","h":"tertiary"},"geometry":{"type":"LineString","coordinates":[[-49.31617,-25.18799],[-49.31617,-25.18787],[-49.31616,-25.18782],[-49.31612,-25.18769],[-49.31602,-25.18748],[-49.31596,-25.18736],[-49.31587,-25.18721]]}},{"type":"Feature","properties":{"n":"Travessa Piaui","h":"residential"},"geometry":{"type":"LineString","coordinates":[[-49.3182,-25.18959],[-49.31781,-25.18982]]}},{"type":"Feature","properties":{"n":"Rua Flávio Johnsson","h":"residential"},"geometry":{"type":"LineString","coordinates":[[-49.31875,-25.19054],[-49.31872,-25.19052],[-49.31781,-25.18982],[-49.31729,-25.18943],[-49.31702,-25.18922],[-49.31589,-25.18857],[-49.31577,-25.1885]]}},{"type":"Feature","properties":{"n":"Rua Juca de Oliveira","h":"residential"},"geometry":{"type":"LineString","coordinates":[[-49.31857,-25.18839],[-49.31845,-25.18836],[-49.31838,-25.18832],[-49.31831,-25.18828],[-49.31823,-25.18823],[-49.31793,-25.18845],[-49.31783,-25.18852],[-49.3173,-25.1889]]}},{"type":"Feature","properties":{"n":"Rua Clarinda Martins Santana","h":"residential"},"geometry":{"type":"LineString","coordinates":[[-49.31901,-25.18935],[-49.31911,-25.18947],[-49.31921,-25.18958],[-49.3193,-25.18969],[-49.31938,-25.18977],[-49.31946,-25.18983]]}},{"type":"Feature","properties":{"n":"Travessa Piaui","h":"residential"},"geometry":{"type":"LineString","coordinates":[[-49.31681,-25.18946],[-49.31705,-25.18967],[-49.31729,-25.18988],[-49.31742,-25.18998],[-49.31745,-25.19],[-49.31749,-25.19],[-49.31781,-25.18982]]}},{"type":"Feature","properties":{"n":"Rua Elpídio Costa","h":"residential"},"geometry":{"type":"LineString","coordinates":[[-49.31841,-25.18978],[-49.31879,-25.18952],[-49.31901,-25.18935],[-49.31934,-25.18907],[-49.31959,-25.18889],[-49.31989,-25.18866]]}},{"type":"Feature","properties":{"n":"Rua Rubens Celso Armstrong","h":"residential"},"geometry":{"type":"LineString","coordinates":[[-49.31687,-25.18751],[-49.31684,-25.18757],[-49.31685,-25.1876],[-49.31689,-25.18764],[-49.31706,-25.18776],[-49.31721,-25.18789],[-49.31749,-25.18816],[-49.31783,-25.18852]]}},{"type":"Feature","properties":{"n":"Rua Santo Antônio Costa","h":"residential"},"geometry":{"type":"LineString","coordinates":[[-49.31998,-25.18938],[-49.31988,-25.18924],[-49.31979,-25.18914],[-49.31968,-25.18899],[-49.31959,-25.18889]]}},{"type":"Feature","properties":{"n":"Rua Dom Pedro","h":"residential"},"geometry":{"type":"LineString","coordinates":[[-49.31568,-25.18537],[-49.31542,-25.18586],[-49.31531,-25.18608],[-49.31515,-25.18633],[-49.315,-25.18671]]}},{"type":"Feature","properties":{"n":"Rua José Bonifácio","h":"residential"},"geometry":{"type":"LineString","coordinates":[[-49.31307,-25.18404],[-49.31305,-25.18387],[-49.31306,-25.18375],[-49.31306,-25.18354],[-49.31305,-25.18346]]}},{"type":"Feature","properties":{"n":"Rua Borges de Medeiros","h":"tertiary"},"geometry":{"type":"LineString","coordinates":[[-49.31023,-25.18295],[-49.31056,-25.18351],[-49.31077,-25.18383],[-49.31095,-25.18394],[-49.3112,-25.184],[-49.31151,-25.18408],[-49.31153,-25.18409],[-49.31203,-25.18422]]}},{"type":"Feature","properties":{"n":"Rua Natan Milder","h":"residential"},"geometry":{"type":"LineString","coordinates":[[-49.31573,-25.18646],[-49.31585,-25.18646],[-49.31595,-25.18645],[-49.31608,-25.18641],[-49.3162,-25.18628],[-49.31635,-25.18613],[-49.31666,-25.1858],[-49.31681,-25.18564],[-49.31682,-25.18557],[-49.3168,-25.18549],[-49.31673,-25.18542],[-49.31655,-25.18529],[-49.31635,-25.18514],[-49.31626,-25.18507],[-49.3162,-25.18507],[-49.31616,-25.1851],[-49.31602,-25.18527],[-49.31594,-25.18534],[-49.31588,-25.18539],[-49.31581,-25.1854],[-49.31568,-25.18537],[-49.31551,-25.18534],[-49.31536,-25.18529],[-49.31514,-25.1852],[-49.31499,-25.18511],[-49.31482,-25.18494],[-49.31476,-25.18485],[-49.3148,-25.18457],[-49.31487,-25.18446]]}},{"type":"Feature","properties":{"n":"Rua Germano Leão Paciornik","h":"residential"},"geometry":{"type":"LineString","coordinates":[[-49.3163,-25.18694],[-49.31624,-25.18689],[-49.31589,-25.18661],[-49.31573,-25.18646],[-49.31531,-25.18608],[-49.31505,-25.18585],[-49.31464,-25.1855],[-49.31428,-25.18526],[-49.31399,-25.18514],[-49.31391,-25.18511],[-49.31361,-25.18501],[-49.31325,-25.18488],[-49.31309,-25.18483]]}},{"type":"Feature","properties":{"n":"Rua Irene Osório Matias","h":"residential"},"geometry":{"type":"LineString","coordinates":[[-49.31503,-25.18347],[-49.31496,-25.18349],[-49.31487,-25.18348],[-49.31476,-25.18345],[-49.31436,-25.18329],[-49.31421,-25.18328],[-49.31396,-25.18335],[-49.31369,-25.18341],[-49.31326,-25.1835],[-49.31306,-25.18354]]}},{"type":"Feature","properties":{"n":"Rua Tiradentes","h":"residential"},"geometry":{"type":"LineString","coordinates":[[-49.31336,-25.18568],[-49.31344,-25.18564],[-49.31352,-25.18558],[-49.31391,-25.18511],[-49.31403,-25.18493],[-49.31419,-25.18456],[-49.31437,-25.18383]]}},{"type":"Feature","properties":{"n":"Rua Duque de Caxias","h":"tertiary"},"geometry":{"type":"LineString","coordinates":[[-49.31437,-25.18383],[-49.31451,-25.18383],[-49.31482,-25.18383],[-49.31507,-25.18387],[-49.31534,-25.18393],[-49.31554,-25.18409],[-49.31592,-25.18442]]}},{"type":"Feature","properties":{"n":"Rua Olavo Bilac","h":"residential"},"geometry":{"type":"LineString","coordinates":[[-49.31096,-25.18691],[-49.31086,-25.18682],[-49.31076,-25.18673],[-49.31069,-25.18651],[-49.31067,-25.18622],[-49.31071,-25.18601],[-49.31079,-25.18571]]}},{"type":"Feature","properties":{"n":"Rua Doutor Zony","h":"residential"},"geometry":{"type":"LineString","coordinates":[[-49.31478,-25.18786],[-49.3145,-25.1875],[-49.31442,-25.18739],[-49.31413,-25.18696],[-49.31361,-25.18621],[-49.31341,-25.18589],[-49.31335,-25.18578],[-49.31336,-25.18568]]}},{"type":"Feature","properties":{"n":"Rua José Bonifácio","h":"tertiary"},"geometry":{"type":"LineString","coordinates":[[-49.31309,-25.18483],[-49.31305,-25.18468],[-49.31305,-25.18441],[-49.31306,-25.18419],[-49.31307,-25.18404]]}},{"type":"Feature","properties":{"n":"Rua Abrahan Lincoln","h":"residential"},"geometry":{"type":"LineString","coordinates":[[-49.31043,-25.19],[-49.31032,-25.19046],[-49.31023,-25.19108]]}},{"type":"Feature","properties":{"n":"Rua Parigot de Souza","h":"tertiary"},"geometry":{"type":"LineString","coordinates":[[-49.31538,-25.19415],[-49.31507,-25.1933],[-49.31495,-25.19299],[-49.31494,-25.19278],[-49.31499,-25.19269],[-49.31512,-25.1926],[-49.31522,-25.19252]]}},{"type":"Feature","properties":{"n":"Rua Pedro Wosch","h":"tertiary"},"geometry":{"type":"LineString","coordinates":[[-49.3134,-25.19131],[-49.31363,-25.19134],[-49.31382,-25.19142],[-49.31398,-25.19152],[-49.31435,-25.19176]]}},{"type":"Feature","properties":{"n":"Rua João Costa","h":"residential"},"geometry":{"type":"LineString","coordinates":[[-49.31435,-25.19176],[-49.31391,-25.19254],[-49.31363,-25.193]]}},{"type":"Feature","properties":{"n":"Rua José Waldemar Wosch","h":"residential"},"geometry":{"type":"LineString","coordinates":[[-49.30843,-25.18936],[-49.30777,-25.18984],[-49.30742,-25.19011],[-49.30711,-25.19042]]}},{"type":"Feature","properties":{"n":"Rua Dois","h":"residential"},"geometry":{"type":"LineString","coordinates":[[-49.30733,-25.18742],[-49.30732,-25.18738],[-49.30726,-25.18725],[-49.3068,-25.18629],[-49.3066,-25.18595],[-49.30651,-25.18591],[-49.30642,-25.1859],[-49.30631,-25.18594]]}},{"type":"Feature","properties":{"n":"Rua Horacy Santos","h":"tertiary"},"geometry":{"type":"LineString","coordinates":[[-49.31286,-25.19226],[-49.31291,-25.1923],[-49.31322,-25.19249],[-49.31332,-25.19259],[-49.31363,-25.193],[-49.31418,-25.1937],[-49.31484,-25.19453],[-49.31505,-25.1948]]}},{"type":"Feature","properties":{"n":"Rua Francisco Wosch","h":"residential"},"geometry":{"type":"LineString","coordinates":[[-49.30829,-25.18898],[-49.30817,-25.1888],[-49.30813,-25.18877],[-49.30807,-25.18879],[-49.30729,-25.18935],[-49.30685,-25.18971],[-49.30655,-25.18998]]}},{"type":"Feature","properties":{"n":"Rua Prefeito José Pedroso de Moraes","h":"residential"},"geometry":{"type":"LineString","coordinates":[[-49.31168,-25.18618],[-49.31189,-25.18635],[-49.31204,-25.18648],[-49.31221,-25.18675],[-49.3124,-25.18704],[-49.3126,-25.18743],[-49.31267,-25.18756],[-49.3127,-25.18769],[-49.31275,-25.18783],[-49.31281,-25.18808],[-49.3129,-25.18838],[-49.31297,-25.18858],[-49.31303,-25.1888],[-49.31302,-25.18894],[-49.31296,-25.18905],[-49.31278,-25.18921],[-49.31272,-25.18936],[-49.31266,-25.18953],[-49.31261,-25.18961],[-49.31255,-25.18966],[-49.31244,-25.18971],[-49.31235,-25.18975],[-49.31205,-25.18982],[-49.31144,-25.18995],[-49.3111,-25.19002],[-49.31043,-25.19]]}},{"type":"Feature","properties":{"n":"Rua Barbara Wosch","h":"residential"},"geometry":{"type":"LineString","coordinates":[[-49.30589,-25.18965],[-49.30592,-25.18961],[-49.30595,-25.18958],[-49.30617,-25.18939],[-49.30664,-25.18899],[-49.30691,-25.18877],[-49.30744,-25.18838]]}},{"type":"Feature","properties":{"n":"Rua Francisca Cavassin Wosch","h":"residential"},"geometry":{"type":"LineString","coordinates":[[-49.30854,-25.1901],[-49.30745,-25.19102]]}},{"type":"Feature","properties":{"n":"Rua Félix Novak","h":"residential"},"geometry":{"type":"LineString","coordinates":[[-49.30861,-25.1876],[-49.30863,-25.18771],[-49.3087,-25.18808],[-49.30888,-25.18872],[-49.30901,-25.18923],[-49.30908,-25.18955],[-49.30909,-25.18968],[-49.30914,-25.19097],[-49.30916,-25.1911],[-49.30922,-25.19125],[-49.30932,-25.1914]]}},{"type":"Feature","properties":{"n":"Rua Eduardo Alves Ribeiro","h":"residential"},"geometry":{"type":"LineString","coordinates":[[-49.31008,-25.18739],[-49.30994,-25.1875],[-49.30986,-25.18759],[-49.30978,-25.18767],[-49.30968,-25.18776],[-49.30957,-25.18782],[-49.30942,-25.18787],[-49.30935,-25.18787],[-49.30932,-25.18787],[-49.30926,-25.18785],[-49.30917,-25.18782],[-49.30911,-25.18777],[-49.309,-25.1877],[-49.30884,-25.18762],[-49.30873,-25.1876],[-49.30861,-25.1876],[-49.30843,-25.18757],[-49.30817,-25.18754],[-49.30805,-25.18752]]}},{"type":"Feature","properties":{"n":"Rua Manoel Pinto Ferro","h":"tertiary"},"geometry":{"type":"LineString","coordinates":[[-49.31191,-25.19113],[-49.31198,-25.19115],[-49.31225,-25.19122],[-49.31263,-25.19135],[-49.31296,-25.19146],[-49.31319,-25.19153],[-49.31328,-25.19156]]}},{"type":"Feature","properties":{"n":"Rua Paraná","h":"residential"},"geometry":{"type":"LineString","coordinates":[[-49.31233,-25.19309],[-49.31215,-25.19324],[-49.31201,-25.19335],[-49.31188,-25.19343],[-49.31176,-25.19344],[-49.31169,-25.19343],[-49.3116,-25.19342],[-49.3114,-25.19339],[-49.31106,-25.19334]]}},{"type":"Feature","properties":{"n":"Rua Waldinir de Castro Porfirio","h":"residential"},"geometry":{"type":"LineString","coordinates":[[-49.31537,-25.19082],[-49.31557,-25.19088],[-49.31567,-25.19095],[-49.31583,-25.19112],[-49.31604,-25.19131],[-49.3163,-25.19147],[-49.3165,-25.19154],[-49.31655,-25.19153],[-49.31659,-25.19151],[-49.31666,-25.19118],[-49.31671,-25.19107],[-49.31676,-25.19098],[-49.31681,-25.19088],[-49.31681,-25.19079],[-49.31673,-25.19072],[-49.31663,-25.19062],[-49.31652,-25.1904],[-49.31644,-25.19021],[-49.31635,-25.19009],[-49.31579,-25.18969],[-49.31535,-25.18942],[-49.31506,-25.18932]]}},{"type":"Feature","properties":{"n":"Rua Carolina B. Zen de Cristo","h":"residential"},"geometry":{"type":"LineString","coordinates":[[-49.31537,-25.19082],[-49.31548,-25.19055],[-49.31556,-25.19027],[-49.31565,-25.1902],[-49.31576,-25.19016],[-49.31587,-25.19015],[-49.31602,-25.19021],[-49.31616,-25.19034],[-49.31629,-25.19053],[-49.31642,-25.19062],[-49.31657,-25.19068],[-49.31673,-25.19072]]}},{"type":"Feature","properties":{"n":"Rua Joaquim Martins","h":"residential"},"geometry":{"type":"LineString","coordinates":[[-49.30503,-25.18665],[-49.30491,-25.18636],[-49.30465,-25.18578],[-49.30454,-25.1855],[-49.30449,-25.18541],[-49.30443,-25.18533]]}},{"type":"Feature","properties":{"n":"Rua Colerinho","h":"residential"},"geometry":{"type":"LineString","coordinates":[[-49.3018,-25.18356],[-49.30221,-25.18411],[-49.3027,-25.1848],[-49.3032,-25.18543]]}},{"type":"Feature","properties":{"n":"Rua Beija Flor","h":"residential"},"geometry":{"type":"LineString","coordinates":[[-49.30059,-25.18521],[-49.30156,-25.18651]]}},{"type":"Feature","properties":{"n":"Rua Canário","h":"residential"},"geometry":{"type":"LineString","coordinates":[[-49.30113,-25.18373],[-49.30169,-25.18446],[-49.30212,-25.18511],[-49.30237,-25.18547],[-49.30261,-25.18579]]}},{"type":"Feature","properties":{"n":"Rua José Amancio Stresser","h":"residential"},"geometry":{"type":"LineString","coordinates":[[-49.30473,-25.18452],[-49.305,-25.18499],[-49.30529,-25.18561],[-49.30548,-25.18594],[-49.30564,-25.18629]]}},{"type":"Feature","properties":{"n":"Rua Bem Te Vi","h":"residential"},"geometry":{"type":"LineString","coordinates":[[-49.30052,-25.18397],[-49.30115,-25.18485],[-49.3021,-25.18617]]}},{"type":"Feature","properties":{"n":"Rua João de Barro","h":"residential"},"geometry":{"type":"LineString","coordinates":[[-49.29926,-25.18616],[-49.29956,-25.18591],[-49.30006,-25.18556],[-49.30059,-25.18521],[-49.30099,-25.18495],[-49.30115,-25.18485],[-49.30169,-25.18446],[-49.30221,-25.18411],[-49.30277,-25.18378],[-49.30333,-25.18341],[-49.30389,-25.18304],[-49.30407,-25.18293]]}},{"type":"Feature","properties":{"n":"Rua Araça","h":"residential"},"geometry":{"type":"LineString","coordinates":[[-49.30421,-25.19297],[-49.30398,-25.19464],[-49.30394,-25.19498],[-49.30394,-25.19507],[-49.30398,-25.19526],[-49.30398,-25.19539],[-49.30396,-25.19552],[-49.30393,-25.19566],[-49.30392,-25.19572],[-49.3039,-25.1958],[-49.30386,-25.1959],[-49.30383,-25.19594],[-49.30381,-25.196],[-49.3038,-25.19604],[-49.30381,-25.1961],[-49.30383,-25.19614],[-49.30383,-25.19619],[-49.30381,-25.19624],[-49.30379,-25.19629],[-49.30377,-25.19632],[-49.30366,-25.19643],[-49.30358,-25.19649]]}},{"type":"Feature","properties":{"n":"Rua Gralha Azul","h":"residential"},"geometry":{"type":"LineString","coordinates":[[-49.30027,-25.18742],[-49.30033,-25.18734],[-49.30042,-25.18723],[-49.30054,-25.18714],[-49.30069,-25.18705],[-49.30101,-25.18691],[-49.30156,-25.18651],[-49.30167,-25.18644],[-49.30182,-25.18636],[-49.3021,-25.18617],[-49.30261,-25.18579],[-49.30303,-25.18555],[-49.3032,-25.18543],[-49.3037,-25.18506],[-49.3042,-25.18473],[-49.30425,-25.1847],[-49.30456,-25.18448],[-49.30465,-25.18447],[-49.30473,-25.18452]]}},{"type":"Feature","properties":{"n":"Rua Marly do Rocio","h":"residential"},"geometry":{"type":"LineString","coordinates":[[-49.3027,-25.1938],[-49.30275,-25.19389],[-49.30278,-25.19408],[-49.30288,-25.19429],[-49.30293,-25.19443],[-49.30293,-25.19455],[-49.30293,-25.1946],[-49.30296,-25.19472],[-49.30301,-25.195],[-49.30309,-25.1953],[-49.30317,-25.19566],[-49.30326,-25.19589],[-49.30327,-25.196],[-49.30327,-25.19611],[-49.30331,-25.19616],[-49.30339,-25.19623],[-49.30344,-25.19628],[-49.30347,-25.19633],[-49.30349,-25.19638]]}},{"type":"Feature","properties":{"n":"Rua Arapongas","h":"residential"},"geometry":{"type":"LineString","coordinates":[[-49.30101,-25.18691],[-49.30006,-25.18556]]}},{"type":"Feature","properties":{"n":"Rua Professora Aline Miranda Porfírio","h":"residential"},"geometry":{"type":"LineString","coordinates":[[-49.31264,-25.17763],[-49.31351,-25.17733],[-49.31381,-25.17723],[-49.31431,-25.17705],[-49.3145,-25.177],[-49.31505,-25.17681],[-49.31516,-25.17676],[-49.31581,-25.1765],[-49.31592,-25.1764],[-49.31594,-25.17635],[-49.31604,-25.176],[-49.31606,-25.1759],[-49.31613,-25.17575],[-49.31619,-25.17571],[-49.31621,-25.17566],[-49.31627,-25.17529],[-49.31631,-25.17515],[-49.31632,-25.17503],[-49.31638,-25.17484],[-49.31643,-25.17464],[-49.31643,-25.17455],[-49.31646,-25.17448],[-49.31654,-25.17434]]}},{"type":"Feature","properties":{"n":"Rua Sete de Abril","h":"residential"},"geometry":{"type":"LineString","coordinates":[[-49.31628,-25.18006],[-49.31658,-25.17987],[-49.31663,-25.17983],[-49.31667,-25.17977],[-49.31671,-25.17967],[-49.31674,-25.17958],[-49.31675,-25.17939],[-49.31673,-25.17914],[-49.31676,-25.1788],[-49.31673,-25.17815],[-49.31658,-25.17746],[-49.31657,-25.17741],[-49.31652,-25.17728]]}},{"type":"Feature","properties":{"n":"Rua Cinco","h":"residential"},"geometry":{"type":"LineString","coordinates":[[-49.31733,-25.17974],[-49.31714,-25.18003],[-49.31695,-25.18029]]}},{"type":"Feature","properties":{"n":"Rua Benedito","h":"residential"},"geometry":{"type":"LineString","coordinates":[[-49.31897,-25.18134],[-49.31861,-25.18111],[-49.31802,-25.18069],[-49.31714,-25.18003]]}},{"type":"Feature","properties":{"n":"Rua Joaquim Domingues","h":"residential"},"geometry":{"type":"LineString","coordinates":[[-49.31767,-25.18118],[-49.31746,-25.18092],[-49.31695,-25.18029],[-49.31658,-25.17987]]}},{"type":"Feature","properties":{"n":"Rua Padre Antônio Vieira","h":"residential"},"geometry":{"type":"LineString","coordinates":[[-49.31628,-25.18006],[-49.31648,-25.18058],[-49.31672,-25.18119],[-49.31679,-25.18138],[-49.31688,-25.18158],[-49.31699,-25.18177],[-49.31705,-25.18185],[-49.31713,-25.18193],[-49.31722,-25.18196],[-49.3173,-25.18199],[-49.31744,-25.18204],[-49.31759,-25.18211],[-49.31773,-25.18224],[-49.31786,-25.18231]]}},{"type":"Feature","properties":{"n":"Rua Paulo Cezar Bonfim","h":"residential"},"geometry":{"type":"LineString","coordinates":[[-49.3157,-25.17426],[-49.31629,-25.17431],[-49.31654,-25.17434],[-49.31679,-25.17435],[-49.31694,-25.1744],[-49.31713,-25.17442],[-49.31736,-25.17447]]}},{"type":"Feature","properties":{"n":"Rua Epitácio Pessoa","h":"residential"},"geometry":{"type":"LineString","coordinates":[[-49.31509,-25.1817],[-49.31499,-25.18147],[-49.31487,-25.18118],[-49.31471,-25.18079],[-49.3146,-25.18039],[-49.31456,-25.18009],[-49.31454,-25.17991],[-49.31438,-25.17951],[-49.31421,-25.17891],[-49.31399,-25.17831],[-49.31395,-25.17808]]}},{"type":"Feature","properties":{"n":"Rua Agrimensor Gildo Pinheiro","h":"residential"},"geometry":{"type":"LineString","coordinates":[[-49.31255,-25.1826],[-49.31279,-25.18252],[-49.31338,-25.18234],[-49.31426,-25.18201],[-49.31509,-25.1817],[-49.31549,-25.18158],[-49.31596,-25.18142],[-49.31672,-25.18119],[-49.31746,-25.18092],[-49.31802,-25.18069]]}},{"type":"Feature","properties":{"n":"Rua Marechal Candido Rondon","h":"residential"},"geometry":{"type":"LineString","coordinates":[[-49.31323,-25.17832],[-49.31322,-25.17857],[-49.31323,-25.17865],[-49.31346,-25.17914]]}},{"type":"Feature","properties":{"n":"Rua Benedito Gonçalves","h":"residential"},"geometry":{"type":"LineString","coordinates":[[-49.31745,-25.17924],[-49.31758,-25.17928],[-49.31771,-25.17923],[-49.31785,-25.17912],[-49.31805,-25.17898],[-49.31812,-25.17887],[-49.31811,-25.17879],[-49.31805,-25.17871],[-49.3178,-25.17856],[-49.31768,-25.17844],[-49.31756,-25.1782]]}},{"type":"Feature","properties":{"n":"Rua João Alves Viana","h":"residential"},"geometry":{"type":"LineString","coordinates":[[-49.31718,-25.17549],[-49.31696,-25.17546],[-49.3165,-25.17535],[-49.31627,-25.17529],[-49.31605,-25.17522],[-49.31578,-25.17518],[-49.31557,-25.17511]]}},{"type":"Feature","properties":{"n":"Rua Antônio Ozório","h":"residential"},"geometry":{"type":"LineString","coordinates":[[-49.32087,-25.1795],[-49.32056,-25.17934],[-49.32028,-25.17924],[-49.32005,-25.17911],[-49.31908,-25.17841],[-49.3185,-25.17812],[-49.31848,-25.17812],[-49.31756,-25.1782],[-49.31697,-25.17817],[-49.31679,-25.17815],[-49.31673,-25.17815]]}},{"type":"Feature","properties":{"n":"Rua Manoel Bandeira","h":"residential"},"geometry":{"type":"LineString","coordinates":[[-49.3141,-25.17648],[-49.31431,-25.17705],[-49.31466,-25.17796],[-49.31494,-25.17869],[-49.31549,-25.18021],[-49.31596,-25.18142]]}},{"type":"Feature","properties":{"n":"Rua Evangelizador Augusto E Santos","h":"residential"},"geometry":{"type":"LineString","coordinates":[[-49.31817,-25.17974],[-49.3192,-25.18049],[-49.3196,-25.18078],[-49.3199,-25.18105],[-49.31999,-25.18114],[-49.32013,-25.18135]]}},{"type":"Feature","properties":{"n":"Rua B","h":"residential"},"geometry":{"type":"LineString","coordinates":[[-49.31868,-25.17906],[-49.31889,-25.17931],[-49.31895,-25.17935],[-49.31917,-25.17948],[-49.31927,-25.17952],[-49.31971,-25.17986]]}},{"type":"Feature","properties":{"n":"Rua Venâncio da Silva","h":"residential"},"geometry":{"type":"LineString","coordinates":[[-49.31621,-25.18373],[-49.31629,-25.18355],[-49.31635,-25.18349],[-49.31647,-25.1834],[-49.31691,-25.18309],[-49.31712,-25.18296],[-49.31729,-25.18284],[-49.3174,-25.18273],[-49.3175,-25.18258],[-49.31757,-25.18249],[-49.31766,-25.18242],[-49.31786,-25.18231]]}},{"type":"Feature","properties":{"n":"Rua Treze de Maio","h":"residential"},"geometry":{"type":"LineString","coordinates":[[-49.31282,-25.18096],[-49.31293,-25.18114],[-49.31302,-25.18136],[-49.31309,-25.18161],[-49.31325,-25.182],[-49.31338,-25.18234]]}},{"type":"Feature","properties":{"n":"Rua Antônio Elias","h":"tertiary"},"geometry":{"type":"LineString","coordinates":[[-49.31257,-25.17954],[-49.31252,-25.17947],[-49.31251,-25.17943],[-49.31248,-25.17915],[-49.31246,-25.17889],[-49.31245,-25.17855],[-49.31244,-25.17836],[-49.31243,-25.17819],[-49.31244,-25.17806],[-49.31245,-25.178],[-49.3125,-25.1779],[-49.31258,-25.17775],[-49.31264,-25.17763],[-49.31265,-25.17743],[-49.31266,-25.17739],[-49.31268,-25.17734],[-49.31277,-25.17718],[-49.31286,-25.17701],[-49.31298,-25.17679],[-49.31302,-25.17671],[-49.31305,-25.1766],[-49.3131,-25.17653],[-49.31313,-25.1765],[-49.31317,-25.17649],[-49.31325,-25.1765],[-49.31335,-25.17651],[-49.31363,-25.17653],[-49.31387,-25.17652],[-49.3141,-25.17648],[-49.31437,-25.17641],[-49.3148,-25.17624],[-49.31489,-25.17621],[-49.31495,-25.17617],[-49.31501,-25.17612],[-49.3151,-25.17601],[-49.31542,-25.17548],[-49.31546,-25.17541],[-49.31548,-25.17536],[-49.31553,-25.17524],[-49.31557,-25.17511],[-49.3157,-25.17426],[-49.31572,-25.17416],[-49.3158,-25.17381],[-49.31593,-25.17336],[-49.31596,-25.1732],[-49.31608,-25.17295],[-49.31615,-25.17279],[-49.31618,-25.1727],[-49.3162,-25.1726],[-49.3162,-25.17248],[-49.31616,-25.17231],[-49.31615,-25.17222],[-49.31613,-25.17209],[-49.3161,-25.17196],[-49.3161,-25.17189],[-49.31612,-25.17174],[-49.31618,-25.17152],[-49.31626,-25.17126],[-49.31632,-25.17114],[-49.31639,-25.17101],[-49.31654,-25.17082]]}},{"type":"Feature","properties":{"n":"Rua João Santana","h":"tertiary"},"geometry":{"type":"LineString","coordinates":[[-49.31137,-25.17559],[-49.31132,-25.17552],[-49.3113,-25.17541],[-49.31127,-25.17523],[-49.31125,-25.1751],[-49.31121,-25.17495],[-49.31116,-25.17481],[-49.31112,-25.17464],[-49.31112,-25.17447],[-49.31107,-25.17428],[-49.31104,-25.1741],[-49.31104,-25.17393],[-49.31104,-25.17374],[-49.31102,-25.17353],[-49.31102,-25.17351],[-49.31101,-25.17345],[-49.31098,-25.17332],[-49.31093,-25.17313],[-49.31082,-25.17289],[-49.31059,-25.17228],[-49.31033,-25.17165],[-49.31017,-25.17125],[-49.31009,-25.17102],[-49.30986,-25.17035],[-49.30963,-25.16971],[-49.30951,-25.16939],[-49.30934,-25.16903],[-49.30929,-25.16888]]}},{"type":"Feature","properties":{"n":"Rua João Maltaca","h":"residential"},"geometry":{"type":"LineString","coordinates":[[-49.31216,-25.17599],[-49.31235,-25.17575],[-49.31261,-25.17557],[-49.31278,-25.17541],[-49.31322,-25.17499],[-49.31423,-25.17404],[-49.31476,-25.17357],[-49.31544,-25.17284],[-49.31573,-25.17247],[-49.31584,-25.1724],[-49.31597,-25.17235],[-49.31616,-25.17231]]}},{"type":"Feature","properties":{"n":"Rua João Alves Viana","h":"residential"},"geometry":{"type":"LineString","coordinates":[[-49.31557,-25.17511],[-49.31552,-25.17504],[-49.31547,-25.17496],[-49.31527,-25.17483],[-49.31506,-25.17471],[-49.31498,-25.17469],[-49.31473,-25.1745],[-49.31449,-25.17425],[-49.31423,-25.17404],[-49.31392,-25.17382],[-49.3138,-25.17374],[-49.31371,-25.17368],[-49.31367,-25.17366],[-49.31362,-25.17366],[-49.31357,-25.17367],[-49.3135,-25.17376],[-49.31282,-25.17443],[-49.31264,-25.17462],[-49.31246,-25.1748],[-49.31235,-25.17489],[-49.31223,-25.17498],[-49.31213,-25.17509],[-49.31164,-25.17562],[-49.31157,-25.17572]]}},{"type":"Feature","properties":{"n":"Rua Eurides Maltaca","h":"residential"},"geometry":{"type":"LineString","coordinates":[[-49.31593,-25.17336],[-49.31566,-25.1736],[-49.3154,-25.1738],[-49.31516,-25.17413],[-49.31496,-25.17436],[-49.31473,-25.1745],[-49.31445,-25.17478],[-49.31426,-25.17497],[-49.31423,-25.17501],[-49.31423,-25.17507],[-49.31429,-25.17518],[-49.3143,-25.17523],[-49.31426,-25.17529],[-49.31406,-25.17538],[-49.31379,-25.17541],[-49.31369,-25.17545],[-49.31358,-25.17554],[-49.31336,-25.17576],[-49.31313,-25.17595],[-49.3129,-25.17615],[-49.31275,-25.17632]]}},{"type":"Feature","properties":{"n":"Rua Benjamin Costa","h":"residential"},"geometry":{"type":"LineString","coordinates":[[-49.318,-25.17364],[-49.31757,-25.17358],[-49.31699,-25.17349],[-49.3167,-25.17347],[-49.31613,-25.17338],[-49.31593,-25.17336]]}},{"type":"Feature","properties":{"n":"Avenida Industrial","h":"primary"},"geometry":{"type":"LineString","coordinates":[[-49.32369,-25.1943],[-49.32367,-25.19448],[-49.32354,-25.19478],[-49.32339,-25.19505],[-49.3233,-25.1954],[-49.3233,-25.19566],[-49.32347,-25.19601],[-49.32438,-25.19743],[-49.32456,-25.19771],[-49.32493,-25.19827],[-49.32537,-25.19889],[-49.32584,-25.19951],[-49.3261,-25.19982]]}},{"type":"Feature","properties":{"n":"Rodovia Gertrudes Manguer da Rosa","h":"secondary"},"geometry":{"type":"LineString","coordinates":[[-49.32131,-25.17227],[-49.32137,-25.17252],[-49.32148,-25.17284],[-49.32168,-25.17326],[-49.32175,-25.17353],[-49.32176,-25.17372],[-49.32173,-25.17392],[-49.32167,-25.17419],[-49.32162,-25.17434],[-49.32157,-25.17448],[-49.32149,-25.17463],[-49.32139,-25.1748],[-49.32127,-25.17498],[-49.32106,-25.17519],[-49.32067,-25.17556],[-49.32022,-25.17595],[-49.31992,-25.17625],[-49.31971,-25.17644],[-49.31933,-25.17681],[-49.31923,-25.17692],[-49.31916,-25.17702],[-49.31911,-25.17713],[-49.31908,-25.17725],[-49.31908,-25.1773],[-49.31908,-25.17738],[-49.3191,-25.17746],[-49.31912,-25.17751],[-49.31915,-25.17757],[-49.31917,-25.17763],[-49.31921,-25.17768],[-49.31925,-25.17772],[-49.31929,-25.17777],[-49.31936,-25.17782],[-49.31946,-25.17789],[-49.31962,-25.178],[-49.31985,-25.17812],[-49.32001,-25.17823],[-49.32015,-25.17834],[-49.32027,-25.17846],[-49.32044,-25.17864],[-49.32061,-25.17883],[-49.32075,-25.17908],[-49.32084,-25.17929],[-49.32087,-25.1795],[-49.32088,-25.17982],[-49.32084,-25.18003],[-49.32075,-25.18027],[-49.32069,-25.18042],[-49.32064,-25.18052],[-49.32051,-25.18075],[-49.32027,-25.18114],[-49.32013,-25.18135],[-49.32002,-25.18147],[-49.31983,-25.18165],[-49.31971,-25.18175],[-49.31958,-25.18185],[-49.31934,-25.18203],[-49.31908,-25.18225],[-49.31886,-25.18245],[-49.31868,-25.18261],[-49.31858,-25.18271],[-49.31853,-25.1828],[-49.31847,-25.18291],[-49.31844,-25.18299],[-49.31842,-25.18309],[-49.31841,-25.18316],[-49.31839,-25.18324],[-49.31839,-25.18331],[-49.3184,-25.18341]]}},{"type":"Feature","properties":{"n":"Rua Benjamin Bontorin","h":"tertiary"},"geometry":{"type":"LineString","coordinates":[[-49.31914,-25.19044],[-49.31901,-25.19033],[-49.31872,-25.19005],[-49.31841,-25.18978],[-49.3182,-25.18959],[-49.31794,-25.18933],[-49.31762,-25.18907],[-49.3173,-25.1889],[-49.31701,-25.18873],[-49.31682,-25.18863],[-49.31665,-25.18852],[-49.31656,-25.18844],[-49.31642,-25.18828],[-49.31634,-25.18819],[-49.31621,-25.18804]]}},{"type":"Feature","properties":{"n":"Avenida Brasil","h":"tertiary"},"geometry":{"type":"LineString","coordinates":[[-49.30755,-25.19152],[-49.30752,-25.19138],[-49.30738,-25.1911],[-49.3073,-25.19095],[-49.30703,-25.19047],[-49.30694,-25.19039],[-49.30685,-25.1903],[-49.30668,-25.19017],[-49.30649,-25.19005],[-49.30589,-25.18965],[-49.30572,-25.18956],[-49.30546,-25.18937],[-49.30506,-25.18908],[-49.3048,-25.18886],[-49.30464,-25.18872],[-49.30451,-25.18861],[-49.30441,-25.18852],[-49.30436,-25.18848],[-49.3043,-25.18845],[-49.30407,-25.18837],[-49.30372,-25.18827],[-49.30361,-25.18822],[-49.30349,-25.18815],[-49.30327,-25.18794],[-49.30313,-25.18784],[-49.30305,-25.18782],[-49.30289,-25.18781],[-49.3024,-25.1878],[-49.30201,-25.18783],[-49.30171,-25.18786],[-49.30123,-25.18794],[-49.30095,-25.18799],[-49.30087,-25.18798],[-49.30079,-25.18796]]}},{"type":"Feature","properties":{"n":"Rodovia dos Minérios","h":"primary"},"geometry":{"type":"LineString","coordinates":[[-49.30345,-25.21873],[-49.30349,-25.21842],[-49.30349,-25.21817],[-49.30349,-25.21784],[-49.30345,-25.2175],[-49.3034,-25.21684],[-49.3034,-25.21675],[-49.30344,-25.21656],[-49.3035,-25.21636],[-49.30355,-25.21626],[-49.3036,-25.21618],[-49.30375,-25.21599],[-49.30392,-25.21581],[-49.30428,-25.21554],[-49.30486,-25.21512],[-49.30526,-25.21479],[-49.30559,-25.21461],[-49.30567,-25.21456],[-49.30587,-25.21449],[-49.3061,-25.21446],[-49.3062,-25.21446],[-49.30639,-25.21449],[-49.30652,-25.21452],[-49.30685,-25.21463],[-49.30711,-25.2147],[-49.30738,-25.21479],[-49.30757,-25.21484],[-49.30782,-25.21487],[-49.308,-25.21488],[-49.30815,-25.21485],[-49.30835,-25.21481],[-49.30846,-25.21475],[-49.30869,-25.21459],[-49.30876,-25.21454],[-49.30883,-25.21448],[-49.30892,-25.21436],[-49.30904,-25.21414],[-49.30922,-25.21385],[-49.30922,-25.21382],[-49.30935,-25.21353],[-49.30943,-25.21327],[-49.30947,-25.21311],[-49.30949,-25.21299],[-49.30953,-25.2128],[-49.30955,-25.21261]]}},{"type":"Feature","properties":{"n":"Rua Antônio de Faria","h":"residential"},"geometry":{"type":"LineString","coordinates":[[-49.32238,-25.1921],[-49.32218,-25.19192],[-49.32197,-25.19177],[-49.32172,-25.19159],[-49.32153,-25.19151],[-49.32135,-25.19146],[-49.32115,-25.19145],[-49.32087,-25.19146],[-49.32066,-25.19146],[-49.32051,-25.19146],[-49.32038,-25.19145],[-49.32028,-25.19139],[-49.32005,-25.1912],[-49.3197,-25.19092]]}},{"type":"Feature","properties":{"n":"Rua Antônio de Barros Teixeira","h":"residential"},"geometry":{"type":"LineString","coordinates":[[-49.32115,-25.19145],[-49.32132,-25.191],[-49.32151,-25.19056],[-49.32163,-25.1903]]}},{"type":"Feature","properties":{"n":"Rua Américo de Souza","h":"residential"},"geometry":{"type":"LineString","coordinates":[[-49.321,-25.19024],[-49.32116,-25.19035],[-49.32151,-25.19056],[-49.32204,-25.19087],[-49.32229,-25.19097],[-49.32241,-25.19103],[-49.32256,-25.19113],[-49.32266,-25.1912],[-49.32283,-25.1913],[-49.32305,-25.19142],[-49.3234,-25.19166],[-49.32344,-25.19174],[-49.32347,-25.19213],[-49.32377,-25.19201]]}},{"type":"Feature","properties":{"n":"Rua França Emidiod e Paula","h":"residential"},"geometry":{"type":"LineString","coordinates":[[-49.32246,-25.18999],[-49.32234,-25.1902],[-49.32228,-25.19035],[-49.32222,-25.19054],[-49.32212,-25.19072],[-49.32204,-25.19087],[-49.32195,-25.19105],[-49.32189,-25.1912],[-49.32182,-25.19136],[-49.32177,-25.19149],[-49.32172,-25.19159],[-49.32156,-25.19192],[-49.32153,-25.192]]}},{"type":"Feature","properties":{"n":"Rua Sete de Abril","h":"secondary"},"geometry":{"type":"LineString","coordinates":[[-49.31234,-25.1853],[-49.31226,-25.18517],[-49.31223,-25.1851],[-49.31219,-25.18499],[-49.31209,-25.18459],[-49.31203,-25.18437],[-49.31203,-25.18422],[-49.31207,-25.18412],[-49.31214,-25.18395],[-49.31221,-25.1837],[-49.31238,-25.1832]]}},{"type":"Feature","properties":{"n":"Rua José de Freitas","h":"residential"},"geometry":{"type":"LineString","coordinates":[[-49.31363,-25.17976],[-49.31342,-25.17982],[-49.31296,-25.18012],[-49.31271,-25.18027],[-49.31231,-25.18048],[-49.31227,-25.18048],[-49.31213,-25.18045],[-49.31162,-25.18026],[-49.31155,-25.18021],[-49.31152,-25.18009],[-49.31161,-25.17994],[-49.31179,-25.17984],[-49.31216,-25.17981],[-49.31257,-25.17957]]}},{"type":"Feature","properties":{"n":"Rua Antônio de Freitas","h":"residential"},"geometry":{"type":"LineString","coordinates":[[-49.31071,-25.18063],[-49.31089,-25.18055],[-49.31111,-25.18052],[-49.31142,-25.18046],[-49.31188,-25.18045],[-49.31213,-25.18045]]}},{"type":"Feature","properties":{"n":"Rua Marechal Floriano","h":"residential"},"geometry":{"type":"LineString","coordinates":[[-49.31077,-25.18383],[-49.30996,-25.18457]]}},{"type":"Feature","properties":{"n":"Rua Joana Angélica","h":"residential"},"geometry":{"type":"LineString","coordinates":[[-49.31056,-25.18351],[-49.31018,-25.18369],[-49.30945,-25.18404]]}},{"type":"Feature","properties":{"n":"Rua Mascarenhas de Moraes","h":"residential"},"geometry":{"type":"LineString","coordinates":[[-49.3098,-25.18306],[-49.31018,-25.18369]]}},{"type":"Feature","properties":{"n":"Rua Alaor Pinto Ferro","h":"residential"},"geometry":{"type":"LineString","coordinates":[[-49.31477,-25.19116],[-49.3153,-25.19155]]}},{"type":"Feature","properties":{"n":"Rua José Bueno de Freitas","h":"residential"},"geometry":{"type":"LineString","coordinates":[[-49.31594,-25.19172],[-49.3158,-25.19203],[-49.31573,-25.19216],[-49.31561,-25.19234]]}},{"type":"Feature","properties":{"n":"Rua José V. Wosch","h":"residential"},"geometry":{"type":"LineString","coordinates":[[-49.3073,-25.19095],[-49.30651,-25.19114]]}},{"type":"Feature","properties":{"n":"Rua Angelina S Veloso","h":"residential"},"geometry":{"type":"LineString","coordinates":[[-49.30668,-25.19017],[-49.30583,-25.19087]]}},{"type":"Feature","properties":{"n":"Rua Coronel Carlos Pioli","h":"secondary"},"geometry":{"type":"LineString","coordinates":[[-49.3134,-25.19131],[-49.31343,-25.19076],[-49.3135,-25.19006],[-49.31352,-25.18982],[-49.31357,-25.18941],[-49.3136,-25.18914]]}},{"type":"Feature","properties":{"n":"Rua Visconde de Mauá","h":"residential"},"geometry":{"type":"LineString","coordinates":[[-49.32147,-25.18974],[-49.32106,-25.18928]]}},{"type":"Feature","properties":{"n":"Rua Bento Gonçalves","h":"residential"},"geometry":{"type":"LineString","coordinates":[[-49.32325,-25.18959],[-49.32307,-25.18953],[-49.32283,-25.18945],[-49.32254,-25.18933],[-49.32237,-25.18925],[-49.3223,-25.18921],[-49.32228,-25.18917],[-49.32228,-25.18912],[-49.32228,-25.18908]]}},{"type":"Feature","properties":{"n":"Rua Prefeito José Pioli","h":"residential"},"geometry":{"type":"LineString","coordinates":[[-49.31233,-25.19309],[-49.31147,-25.1927]]}},{"type":"Feature","properties":{"n":"Rua Carlos Cavalcante","h":"tertiary"},"geometry":{"type":"LineString","coordinates":[[-49.31258,-25.19293],[-49.31258,-25.19299],[-49.31259,-25.19306],[-49.31259,-25.19312],[-49.31256,-25.1932],[-49.31252,-25.19328],[-49.31246,-25.19337],[-49.31241,-25.19346],[-49.31237,-25.19354],[-49.3123,-25.19368],[-49.31228,-25.19385],[-49.31227,-25.19404],[-49.31228,-25.19433],[-49.31231,-25.19454]]}},{"type":"Feature","properties":{"n":"Rua Carlos Cavalcante","h":"tertiary"},"geometry":{"type":"LineString","coordinates":[[-49.31231,-25.19454],[-49.3124,-25.19473],[-49.31253,-25.19494],[-49.31259,-25.1951],[-49.31259,-25.19533]]}},{"type":"Feature","properties":{"n":"Travessa Furquim","h":"tertiary"},"geometry":{"type":"LineString","coordinates":[[-49.31231,-25.19454],[-49.31159,-25.19429],[-49.31143,-25.19422]]}},{"type":"Feature","properties":{"n":"Rua Três","h":"residential"},"geometry":{"type":"LineString","coordinates":[[-49.30805,-25.18752],[-49.30795,-25.18701],[-49.30788,-25.18689],[-49.30745,-25.18644],[-49.3072,-25.18613]]}},{"type":"Feature","properties":{"n":"Rua Curruira","h":"residential"},"geometry":{"type":"LineString","coordinates":[[-49.30211,-25.18289],[-49.30277,-25.18378],[-49.3037,-25.18506]]}},{"type":"Feature","properties":{"n":"Rua Zacarias Teixeira Rocha","h":"residential"},"geometry":{"type":"LineString","coordinates":[[-49.30372,-25.18827],[-49.30358,-25.18842],[-49.3033,-25.18872],[-49.303,-25.18904],[-49.30286,-25.18918],[-49.30274,-25.18929],[-49.30176,-25.18955],[-49.29978,-25.19004]]}},{"type":"Feature","properties":{"n":"Rua Antônio Nunes","h":"residential"},"geometry":{"type":"LineString","coordinates":[[-49.30123,-25.18794],[-49.30136,-25.18832],[-49.30155,-25.18893],[-49.30176,-25.18955]]}},{"type":"Feature","properties":{"n":"Rua João de Barro","h":"residential"},"geometry":{"type":"LineString","coordinates":[[-49.29978,-25.19004],[-49.2997,-25.19004],[-49.29963,-25.19002],[-49.29955,-25.18991],[-49.29949,-25.18974],[-49.29942,-25.18948],[-49.29934,-25.18913],[-49.29927,-25.18888],[-49.29921,-25.18877],[-49.29915,-25.18865],[-49.2991,-25.18849],[-49.29906,-25.18823],[-49.29901,-25.18805],[-49.29887,-25.18758],[-49.29878,-25.18741],[-49.29869,-25.18726],[-49.29867,-25.18714],[-49.29869,-25.18698],[-49.29869,-25.18686],[-49.29862,-25.18651],[-49.29855,-25.18625]]}},{"type":"Feature","properties":{"n":"Rua Rancharia","h":"residential"},"geometry":{"type":"LineString","coordinates":[[-49.29869,-25.18698],[-49.29838,-25.18704],[-49.29815,-25.1871],[-49.29828,-25.18742],[-49.29825,-25.18745],[-49.29818,-25.1875],[-49.29813,-25.18753],[-49.298,-25.18756],[-49.29799,-25.18758],[-49.29798,-25.18762],[-49.29803,-25.18776],[-49.29776,-25.18798],[-49.29764,-25.18807],[-49.29751,-25.18817],[-49.29719,-25.18776]]}},{"type":"Feature","properties":{"n":"Rua Minas Gerais","h":"residential"},"geometry":{"type":"LineString","coordinates":[[-49.30274,-25.18929],[-49.30284,-25.18939],[-49.30369,-25.19007],[-49.30409,-25.19047],[-49.30447,-25.19085]]}},{"type":"Feature","properties":{"n":"Rua Camilo","h":"residential"},"geometry":{"type":"LineString","coordinates":[[-49.32235,-25.18886],[-49.32245,-25.18882],[-49.32261,-25.18878],[-49.3228,-25.18873],[-49.32289,-25.1887],[-49.32306,-25.18867],[-49.32322,-25.18866],[-49.32336,-25.18866]]}},{"type":"Feature","properties":{"n":"Rua João Santana","h":"residential"},"geometry":{"type":"LineString","coordinates":[[-49.31989,-25.18866],[-49.31961,-25.18845],[-49.31923,-25.18821],[-49.31883,-25.18791],[-49.3186,-25.18775],[-49.31846,-25.18763]]}},{"type":"Feature","properties":{"n":"Rua Um","h":"residential"},"geometry":{"type":"LineString","coordinates":[[-49.30744,-25.18838],[-49.30754,-25.18821],[-49.30765,-25.18815],[-49.30775,-25.18811],[-49.3087,-25.18808]]}},{"type":"Feature","properties":{"n":"Avenida Ermirio de Moraes","h":"primary"},"geometry":{"type":"LineString","coordinates":[[-49.31872,-25.19117],[-49.31848,-25.19124],[-49.31798,-25.19155],[-49.31764,-25.19182],[-49.31756,-25.19217],[-49.31756,-25.19235],[-49.31758,-25.19285],[-49.31748,-25.19321],[-49.31726,-25.19347],[-49.31697,-25.19363],[-49.31654,-25.19381],[-49.31612,-25.19401],[-49.31587,-25.19417],[-49.3158,-25.19421]]}},{"type":"Feature","properties":{"n":"Estrada do Rio Abaixo","h":"tertiary"},"geometry":{"type":"LineString","coordinates":[[-49.32054,-25.18469],[-49.32066,-25.18472],[-49.3209,-25.18481],[-49.32105,-25.18486],[-49.3216,-25.18504],[-49.32179,-25.18517],[-49.3219,-25.1853],[-49.32205,-25.18542],[-49.32215,-25.18548],[-49.32228,-25.18551],[-49.3225,-25.18551],[-49.32275,-25.18549],[-49.3231,-25.1855],[-49.32324,-25.18548],[-49.3233,-25.18546],[-49.32337,-25.18539],[-49.32344,-25.18508],[-49.32349,-25.18499],[-49.32362,-25.18495],[-49.32419,-25.18499],[-49.32438,-25.18493],[-49.32446,-25.18487],[-49.32464,-25.18451],[-49.32484,-25.18433],[-49.32494,-25.18427],[-49.32505,-25.18423],[-49.32517,-25.18424],[-49.32524,-25.18426],[-49.32532,-25.18435],[-49.32563,-25.18475],[-49.32583,-25.1849],[-49.32593,-25.18492],[-49.32606,-25.18491],[-49.32615,-25.18486],[-49.32625,-25.18475],[-49.32656,-25.18429],[-49.32688,-25.18387],[-49.32702,-25.1838],[-49.32718,-25.18375],[-49.3275,-25.1837],[-49.32773,-25.18365],[-49.32799,-25.18358],[-49.32828,-25.18353],[-49.32848,-25.18354],[-49.32871,-25.1836],[-49.32894,-25.18366],[-49.32921,-25.18369],[-49.32967,-25.18362],[-49.33011,-25.1834],[-49.33041,-25.18316],[-49.33063,-25.18279],[-49.33096,-25.18245],[-49.33154,-25.18188],[-49.33196,-25.18162],[-49.33233,-25.1813],[-49.33246,-25.18106],[-49.33271,-25.18067],[-49.33299,-25.18043],[-49.33335,-25.18021],[-49.3336,-25.18],[-49.33387,-25.17969],[-49.33406,-25.17953],[-49.33459,-25.17927]]}},{"type":"Feature","properties":{"n":"Rodovia Gertrudes Manguer da Rosa","h":"secondary"},"geometry":{"type":"LineString","coordinates":[[-49.32034,-25.18491],[-49.32018,-25.1851],[-49.32014,-25.18516],[-49.32011,-25.18523],[-49.32009,-25.18528],[-49.32009,-25.18534],[-49.32011,-25.18547],[-49.32014,-25.18565],[-49.3202,-25.1858],[-49.32024,-25.18594],[-49.32033,-25.1861],[-49.32043,-25.18631],[-49.32046,-25.18636],[-49.32051,-25.18643],[-49.32057,-25.18647],[-49.3207,-25.18656],[-49.32078,-25.18662],[-49.32085,-25.18667],[-49.3209,-25.18671],[-49.32099,-25.18679],[-49.32119,-25.18701],[-49.32137,-25.18719],[-49.32156,-25.1873],[-49.3219,-25.18748]]}},{"type":"Feature","properties":{"n":"Rua Padre Ribeiro","h":"secondary"},"geometry":{"type":"LineString","coordinates":[[-49.3199,-25.18472],[-49.31995,-25.18461],[-49.31997,-25.18458],[-49.32,-25.18453]]}},{"type":"Feature","properties":{"n":"Rodovia Gertrudes Manguer da Rosa","h":"secondary"},"geometry":{"type":"LineString","coordinates":[[-49.32,-25.18453],[-49.32008,-25.18455],[-49.32021,-25.18459],[-49.32025,-25.1846],[-49.32042,-25.18464],[-49.32049,-25.18467],[-49.32054,-25.18469]]}},{"type":"Feature","properties":{"n":"Rodovia Gertrudes Manguer da Rosa","h":"secondary"},"geometry":{"type":"LineString","coordinates":[[-49.32054,-25.18469],[-49.32054,-25.18472],[-49.32054,-25.18476],[-49.32052,-25.18481],[-49.32047,-25.18487],[-49.32042,-25.1849],[-49.32034,-25.18491]]}},{"type":"Feature","properties":{"n":"Rua Abrahão Elias","h":"residential"},"geometry":{"type":"LineString","coordinates":[[-49.31332,-25.18741],[-49.31267,-25.18756]]}},{"type":"Feature","properties":{"n":"Rua Castelo Branco","h":"residential"},"geometry":{"type":"LineString","coordinates":[[-49.31786,-25.18231],[-49.31794,-25.18232],[-49.3181,-25.18238],[-49.3182,-25.18246],[-49.31823,-25.18252],[-49.31822,-25.1826],[-49.3182,-25.18268],[-49.31819,-25.1828],[-49.31818,-25.18299],[-49.31816,-25.18327],[-49.31819,-25.18333],[-49.31824,-25.18337],[-49.3183,-25.1834],[-49.3184,-25.18341]]}},{"type":"Feature","properties":{"n":"Rua Visconde Cairo","h":"residential"},"geometry":{"type":"LineString","coordinates":[[-49.31419,-25.18456],[-49.31431,-25.18443],[-49.31447,-25.18441],[-49.31472,-25.18443],[-49.31487,-25.18446],[-49.31505,-25.18452],[-49.31523,-25.1846],[-49.3154,-25.18463],[-49.31559,-25.1846],[-49.31598,-25.18448]]}},{"type":"Feature","properties":{"n":"Rua Ercília Borges dos Santos","h":"residential"},"geometry":{"type":"LineString","coordinates":[[-49.32243,-25.18641],[-49.32257,-25.18637],[-49.32271,-25.18628],[-49.32281,-25.18617],[-49.32288,-25.18601]]}},{"type":"Feature","properties":{"n":"Rua Pedro Pereira Bonfim","h":"residential"},"geometry":{"type":"LineString","coordinates":[[-49.32105,-25.18486],[-49.32116,-25.18495],[-49.32128,-25.18502],[-49.32131,-25.18505],[-49.32132,-25.1851],[-49.3213,-25.18515],[-49.32103,-25.18543],[-49.32099,-25.18549],[-49.32099,-25.18554],[-49.32103,-25.18562],[-49.32109,-25.18572],[-49.32121,-25.18587],[-49.32129,-25.18596],[-49.32138,-25.186],[-49.32159,-25.18608],[-49.32175,-25.18615],[-49.32217,-25.18632],[-49.32243,-25.18641],[-49.32312,-25.18668]]}},{"type":"Feature","properties":{"n":"Rua Antônio Elias","h":"residential"},"geometry":{"type":"LineString","coordinates":[[-49.31437,-25.17641],[-49.31485,-25.17585]]}},{"type":"Feature","properties":{"n":"Rua Sete de Abril","h":"secondary"},"geometry":{"type":"LineString","coordinates":[[-49.31652,-25.17728],[-49.31666,-25.17692],[-49.317,-25.17587],[-49.31718,-25.17549],[-49.31724,-25.17535],[-49.31727,-25.17523],[-49.3173,-25.17508],[-49.31733,-25.17491],[-49.31734,-25.17467],[-49.31735,-25.17457],[-49.31736,-25.17447],[-49.31739,-25.17437],[-49.31747,-25.17425],[-49.318,-25.17364],[-49.31804,-25.17359],[-49.31816,-25.17348],[-49.31829,-25.17337],[-49.31841,-25.17328],[-49.3186,-25.17318],[-49.31869,-25.17312],[-49.31881,-25.17308],[-49.31929,-25.17286]]}},{"type":"Feature","properties":{"n":"Rua Coelho Neto","h":"residential"},"geometry":{"type":"LineString","coordinates":[[-49.30996,-25.18457],[-49.30975,-25.18444],[-49.30945,-25.18404],[-49.3091,-25.18355]]}},{"type":"Feature","properties":{"n":"Rua Dois","h":"residential"},"geometry":{"type":"LineString","coordinates":[[-49.31897,-25.18559],[-49.31945,-25.18624]]}},{"type":"Feature","properties":{"n":"Rua Francisco Garcia de Lima","h":"residential"},"geometry":{"type":"LineString","coordinates":[[-49.31815,-25.18569],[-49.31822,-25.18598],[-49.31836,-25.18651],[-49.3184,-25.18656],[-49.31847,-25.1866],[-49.31852,-25.18661],[-49.31859,-25.18661],[-49.31867,-25.18661],[-49.31945,-25.18624],[-49.32024,-25.18594]]}},{"type":"Feature","properties":{"n":"Rua José Severino da Silva","h":"residential"},"geometry":{"type":"LineString","coordinates":[[-49.31673,-25.17815],[-49.31567,-25.17848],[-49.31494,-25.17869],[-49.31421,-25.17891],[-49.31346,-25.17914],[-49.31289,-25.1793],[-49.3126,-25.17939]]}},{"type":"Feature","properties":{"n":"Rua Natan Milder","h":"residential"},"geometry":{"type":"LineString","coordinates":[[-49.31721,-25.18557],[-49.31743,-25.18539],[-49.31785,-25.1851],[-49.31823,-25.18499],[-49.31829,-25.18494],[-49.31829,-25.1849],[-49.31822,-25.18479],[-49.31816,-25.18465],[-49.31815,-25.18456],[-49.31816,-25.18449]]}},{"type":"Feature","properties":{"n":"Rua Alice Costa","h":"residential"},"geometry":{"type":"LineString","coordinates":[[-49.31059,-25.17228],[-49.31153,-25.17194],[-49.31166,-25.17187],[-49.31203,-25.17175],[-49.31221,-25.1717],[-49.31229,-25.17165],[-49.31235,-25.17164],[-49.31244,-25.17166],[-49.31251,-25.17164],[-49.31265,-25.17157],[-49.31277,-25.17149],[-49.31286,-25.17146],[-49.31292,-25.17144],[-49.313,-25.17141],[-49.31317,-25.17136],[-49.31358,-25.17124]]}},{"type":"Feature","properties":{"n":"Rua Antônio Costa","h":"residential"},"geometry":{"type":"LineString","coordinates":[[-49.31102,-25.17353],[-49.31151,-25.17331],[-49.31157,-25.17329],[-49.3118,-25.17327],[-49.31188,-25.17323],[-49.31198,-25.17312],[-49.31205,-25.17307],[-49.3123,-25.17303],[-49.31284,-25.17281],[-49.31338,-25.17264],[-49.3137,-25.17254],[-49.31396,-25.17241],[-49.31438,-25.17223],[-49.31457,-25.17216],[-49.31467,-25.17209],[-49.31479,-25.17197],[-49.31486,-25.1719],[-49.31505,-25.17183],[-49.31521,-25.17177],[-49.31539,-25.17164],[-49.316,-25.17053]]}},{"type":"Feature","properties":{"n":"Rua Antônio de Barros Teixeira","h":"residential"},"geometry":{"type":"LineString","coordinates":[[-49.31082,-25.17289],[-49.3113,-25.17271],[-49.31191,-25.1725],[-49.31247,-25.17232],[-49.31314,-25.17207]]}},{"type":"Feature","properties":{"n":"Rua Otávio dos Santos Castro","h":"residential"},"geometry":{"type":"LineString","coordinates":[[-49.30869,-25.17077],[-49.30986,-25.17035],[-49.31225,-25.16959],[-49.31302,-25.16934],[-49.31322,-25.1693],[-49.31332,-25.16929],[-49.3134,-25.1693],[-49.31352,-25.16933],[-49.31368,-25.16938],[-49.31378,-25.16937]]}},{"type":"Feature","properties":{"n":"Rua Ernani Costa","h":"residential"},"geometry":{"type":"LineString","coordinates":[[-49.31033,-25.17165],[-49.31272,-25.17083],[-49.31379,-25.17047]]}},{"type":"Feature","properties":{"n":"Rua Manoel Muller de Siqueira","h":"tertiary"},"geometry":{"type":"LineString","coordinates":[[-49.316,-25.17053],[-49.31583,-25.17044],[-49.31565,-25.17039],[-49.31532,-25.17033],[-49.31515,-25.17029],[-49.31496,-25.17021],[-49.31485,-25.1701],[-49.31473,-25.17001],[-49.31458,-25.1699],[-49.31445,-25.16985],[-49.3143,-25.16979],[-49.31408,-25.1697],[-49.31399,-25.16964],[-49.31391,-25.16959],[-49.31385,-25.16952],[-49.3138,-25.16944],[-49.31378,-25.16937],[-49.31374,-25.16922],[-49.31372,-25.16912],[-49.31369,-25.16905],[-49.31363,-25.16899],[-49.3136,-25.16896],[-49.31354,-25.16893],[-49.31349,-25.16893],[-49.31337,-25.16893],[-49.31321,-25.16891],[-49.31282,-25.16888],[-49.31219,-25.16891],[-49.31203,-25.1689],[-49.31182,-25.16883],[-49.3116,-25.16872],[-49.31148,-25.16864],[-49.31138,-25.16858],[-49.31129,-25.16851],[-49.31113,-25.16841],[-49.31099,-25.16834],[-49.31084,-25.16827],[-49.31069,-25.16822],[-49.31058,-25.16819]]}},{"type":"Feature","properties":{"n":"Rua Marechal Candido Rondon","h":"residential"},"geometry":{"type":"LineString","coordinates":[[-49.3136,-25.17946],[-49.31362,-25.17969],[-49.31363,-25.17976],[-49.31371,-25.1804]]}},{"type":"Feature","properties":{"n":"Rua Marechal Candido Rondon","h":"residential"},"geometry":{"type":"LineString","coordinates":[[-49.31377,-25.18089],[-49.31399,-25.18123],[-49.31407,-25.18145],[-49.31418,-25.18177],[-49.31426,-25.18201],[-49.31429,-25.18205],[-49.31458,-25.18241],[-49.31498,-25.18283]]}},{"type":"Feature","properties":{"n":"Rua Martinho Fortes Barros","h":"residential"},"geometry":{"type":"LineString","coordinates":[[-49.31009,-25.17102],[-49.30887,-25.17132]]}},{"type":"Feature","properties":{"n":"Rua Martinho Portes Barros","h":"residential"},"geometry":{"type":"LineString","coordinates":[[-49.31112,-25.17065],[-49.31249,-25.17022],[-49.31372,-25.16982],[-49.31385,-25.16979],[-49.314,-25.16979],[-49.31419,-25.1698],[-49.31445,-25.16985]]}},{"type":"Feature","properties":{"n":"Rua Orquídeas","h":"residential"},"geometry":{"type":"LineString","coordinates":[[-49.31338,-25.17264],[-49.31325,-25.17233],[-49.31322,-25.17218],[-49.31314,-25.17207],[-49.3131,-25.17194],[-49.31307,-25.17178],[-49.31305,-25.17166],[-49.313,-25.17154],[-49.31292,-25.17144],[-49.31291,-25.1714],[-49.31288,-25.17133],[-49.31283,-25.1711],[-49.31272,-25.17083],[-49.31249,-25.17022],[-49.31225,-25.16959],[-49.31202,-25.16899],[-49.31203,-25.1689]]}},{"type":"Feature","properties":{"n":"Rua Dalila da Cruz Pilar","h":"residential"},"geometry":{"type":"LineString","coordinates":[[-49.30995,-25.16834],[-49.30984,-25.16827],[-49.30965,-25.1682],[-49.30913,-25.16811],[-49.30885,-25.16805],[-49.30866,-25.168],[-49.30859,-25.16797],[-49.30855,-25.16792],[-49.30853,-25.16787],[-49.30855,-25.16781],[-49.30863,-25.16742]]}},{"type":"Feature","properties":{"n":"Rua Bernardo Cruz","h":"residential"},"geometry":{"type":"LineString","coordinates":[[-49.30856,-25.17007],[-49.30963,-25.16971],[-49.3101,-25.16958],[-49.31061,-25.16943],[-49.31132,-25.1692],[-49.31202,-25.16899]]}},{"type":"Feature","properties":{"n":"Rua Manoel Muller de Siqueira","h":"tertiary"},"geometry":{"type":"LineString","coordinates":[[-49.31935,-25.17259],[-49.31939,-25.1727],[-49.31947,-25.17274],[-49.31956,-25.17275]]}},{"type":"Feature","properties":{"n":"Avenida Nossa Senhora do Amparo","h":"tertiary"},"geometry":{"type":"LineString","coordinates":[[-49.31205,-25.19593],[-49.31249,-25.19644],[-49.31264,-25.19661],[-49.31276,-25.19676],[-49.3129,-25.19694],[-49.31308,-25.19718],[-49.31321,-25.1973],[-49.3133,-25.19739],[-49.31339,-25.19747],[-49.31352,-25.19763],[-49.3136,-25.19775],[-49.31365,-25.19785],[-49.3137,-25.19794],[-49.31377,-25.19807],[-49.31382,-25.19816],[-49.31405,-25.19861],[-49.31414,-25.19878],[-49.31428,-25.19899],[-49.3144,-25.19915],[-49.31442,-25.19917],[-49.31447,-25.19925],[-49.31459,-25.19941],[-49.31466,-25.19955],[-49.31474,-25.19977],[-49.31487,-25.20011],[-49.31493,-25.20029],[-49.31498,-25.2004],[-49.31506,-25.20052],[-49.31514,-25.20061],[-49.31526,-25.20074],[-49.31541,-25.20094],[-49.31561,-25.2013],[-49.31581,-25.20163],[-49.3161,-25.20206],[-49.31621,-25.20224]]}},{"type":"Feature","properties":{"n":"Brasio Ismael da silva","h":"residential"},"geometry":{"type":"LineString","coordinates":[[-49.31764,-25.1713],[-49.31771,-25.1712],[-49.31782,-25.17103],[-49.31794,-25.17087]]}},{"type":"Feature","properties":{"n":"Rua Maria do Carmo","h":"residential"},"geometry":{"type":"LineString","coordinates":[[-49.31697,-25.20264],[-49.31757,-25.20233],[-49.31785,-25.20216]]}},{"type":"Feature","properties":{"n":"Rua Brasilino Pedroso Simão dos Santos","h":"residential"},"geometry":{"type":"LineString","coordinates":[[-49.3201,-25.17128],[-49.32001,-25.1713],[-49.31991,-25.17129],[-49.31982,-25.17132],[-49.31973,-25.17138],[-49.31964,-25.17141]]}},{"type":"Feature","properties":{"n":"Rua João Froma","h":"residential"},"geometry":{"type":"LineString","coordinates":[[-49.31774,-25.17172],[-49.31768,-25.17154],[-49.31765,-25.1714],[-49.31764,-25.1713],[-49.31762,-25.17116],[-49.31757,-25.17104],[-49.31751,-25.17094],[-49.31745,-25.17083],[-49.3174,-25.17063],[-49.31734,-25.1704],[-49.31729,-25.17018],[-49.31723,-25.17005],[-49.31719,-25.17],[-49.31705,-25.16992],[-49.3169,-25.16983],[-49.31679,-25.16973],[-49.31667,-25.16964],[-49.31654,-25.1695],[-49.31642,-25.16939],[-49.31632,-25.16933],[-49.31621,-25.16926],[-49.3161,-25.16919],[-49.31599,-25.16911],[-49.31587,-25.16906],[-49.31575,-25.16897],[-49.31567,-25.1689],[-49.31562,-25.16882],[-49.31556,-25.16878],[-49.31546,-25.16876],[-49.31532,-25.16875],[-49.3152,-25.16873],[-49.31511,-25.1687],[-49.31502,-25.16865],[-49.31491,-25.16857],[-49.31481,-25.1685],[-49.3147,-25.16845],[-49.31456,-25.16838],[-49.3145,-25.16836],[-49.31447,-25.16831],[-49.31447,-25.16826],[-49.31451,-25.1682],[-49.31459,-25.16815],[-49.3147,-25.1681],[-49.31478,-25.16805],[-49.31484,-25.16796],[-49.31491,-25.16784],[-49.31495,-25.16778],[-49.31498,-25.16768],[-49.31496,-25.16757],[-49.31487,-25.16746],[-49.31479,-25.16739],[-49.31471,-25.16732],[-49.31467,-25.16724],[-49.3146,-25.16712],[-49.31454,-25.16705],[-49.31443,-25.16698],[-49.31422,-25.16687],[-49.31412,-25.16681],[-49.31409,-25.16679]]}},{"type":"Feature","properties":{"n":"Rua Luiz Machioro","h":"tertiary"},"geometry":{"type":"LineString","coordinates":[[-49.31621,-25.20224],[-49.31649,-25.20209]]}},{"type":"Feature","properties":{"n":"Rua Manoel Borges de Macedo","h":"residential"},"geometry":{"type":"LineString","coordinates":[[-49.31314,-25.1956],[-49.31327,-25.19567],[-49.31387,-25.19603],[-49.31442,-25.19635]]}},{"type":"Feature","properties":{"n":"Rua Mário de Andrade","h":"residential"},"geometry":{"type":"LineString","coordinates":[[-49.31619,-25.20145],[-49.31583,-25.20088],[-49.31566,-25.20058]]}},{"type":"Feature","properties":{"n":"Rua Monteiro Lobato","h":"residential"},"geometry":{"type":"LineString","coordinates":[[-49.31581,-25.20163],[-49.31619,-25.20145],[-49.31684,-25.20114]]}},{"type":"Feature","properties":{"n":"Rua Osvaldo Cruz","h":"residential"},"geometry":{"type":"LineString","coordinates":[[-49.31414,-25.19878],[-49.31448,-25.19819]]}},{"type":"Feature","properties":{"n":"Rua Osvaldo Emidio","h":"residential"},"geometry":{"type":"LineString","coordinates":[[-49.31581,-25.19854],[-49.31557,-25.19867],[-49.31542,-25.19875],[-49.31531,-25.19879],[-49.31522,-25.1988],[-49.31519,-25.19881],[-49.31515,-25.19882],[-49.3151,-25.19881],[-49.31503,-25.1988],[-49.31499,-25.19878],[-49.31492,-25.19869],[-49.31461,-25.19819],[-49.31455,-25.19817],[-49.31448,-25.19819]]}},{"type":"Feature","properties":{"n":"Rua Antonio Costa Rosa","h":"residential"},"geometry":{"type":"LineString","coordinates":[[-49.31172,-25.16663],[-49.3116,-25.16656],[-49.31154,-25.16655],[-49.31144,-25.16656],[-49.31133,-25.16657],[-49.31124,-25.16657],[-49.3111,-25.16658],[-49.31101,-25.16656],[-49.31093,-25.16654],[-49.31081,-25.16653],[-49.31073,-25.16653],[-49.31067,-25.16653],[-49.31063,-25.16654],[-49.31061,-25.16657],[-49.3106,-25.1666],[-49.31057,-25.16671],[-49.31056,-25.16677],[-49.31057,-25.16682],[-49.31058,-25.16687],[-49.31061,-25.16693],[-49.31082,-25.16724],[-49.31088,-25.16731],[-49.3111,-25.16753],[-49.31138,-25.16783],[-49.31154,-25.16798],[-49.31157,-25.16801],[-49.3116,-25.16808],[-49.31163,-25.16812],[-49.31178,-25.16828]]}},{"type":"Feature","properties":{"n":"Rua Silvio dos Santos","h":"residential"},"geometry":{"type":"LineString","coordinates":[[-49.32186,-25.16933],[-49.3217,-25.16931],[-49.32151,-25.16931],[-49.32136,-25.16929],[-49.32128,-25.16926],[-49.3211,-25.16919],[-49.32102,-25.16917],[-49.32089,-25.16916],[-49.32075,-25.16914],[-49.3206,-25.1691],[-49.32051,-25.16906],[-49.32047,-25.16905],[-49.32045,-25.16905],[-49.32044,-25.16906],[-49.32039,-25.16916],[-49.32036,-25.16924],[-49.32035,-25.16929],[-49.3203,-25.16933],[-49.32023,-25.16942],[-49.32018,-25.1695],[-49.32016,-25.1696]]}},{"type":"Feature","properties":{"n":"Rua Miguel do Espírito Santo","h":"residential"},"geometry":{"type":"LineString","coordinates":[[-49.31852,-25.17194],[-49.31868,-25.17154],[-49.31871,-25.17143],[-49.31876,-25.17139],[-49.31882,-25.17137],[-49.31893,-25.17136],[-49.31903,-25.17139],[-49.31934,-25.17145]]}},{"type":"Feature","properties":{"n":"Rua Projetada 5","h":"residential"},"geometry":{"type":"LineString","coordinates":[[-49.31782,-25.17103],[-49.31868,-25.17154]]}},{"type":"Feature","properties":{"n":"Rua Projetada 8","h":"residential"},"geometry":{"type":"LineString","coordinates":[[-49.31282,-25.16888],[-49.31279,-25.16881],[-49.3127,-25.16867],[-49.31262,-25.16849],[-49.31254,-25.16849],[-49.31249,-25.16844],[-49.31241,-25.16839],[-49.31232,-25.16836],[-49.31216,-25.16827],[-49.31211,-25.16824],[-49.31199,-25.1681]]}},{"type":"Feature","properties":{"n":"Rua Projetada 9","h":"residential"},"geometry":{"type":"LineString","coordinates":[[-49.31138,-25.16858],[-49.31146,-25.16851],[-49.31161,-25.16842],[-49.31178,-25.16828],[-49.31186,-25.16821],[-49.31199,-25.1681],[-49.31203,-25.16805],[-49.31229,-25.16779],[-49.31256,-25.16755],[-49.3127,-25.16743],[-49.31277,-25.16736],[-49.31285,-25.16725],[-49.31304,-25.16693],[-49.31311,-25.16685],[-49.31325,-25.16678],[-49.31347,-25.16673],[-49.31377,-25.16672],[-49.31409,-25.16679]]}},{"type":"Feature","properties":{"n":"Rua Quinze de Novembro","h":"residential"},"geometry":{"type":"LineString","coordinates":[[-49.31308,-25.19718],[-49.31387,-25.19603],[-49.31419,-25.19561]]}},{"type":"Feature","properties":{"n":"Rua dos Ferroviários","h":"residential"},"geometry":{"type":"LineString","coordinates":[[-49.31323,-25.19913],[-49.31329,-25.19921],[-49.31335,-25.19932],[-49.31338,-25.19941],[-49.31339,-25.19956],[-49.31338,-25.19987],[-49.31339,-25.2],[-49.31341,-25.20012],[-49.31344,-25.20023],[-49.31348,-25.20031],[-49.31356,-25.20041],[-49.31365,-25.20049],[-49.31375,-25.20057],[-49.31386,-25.20063],[-49.31402,-25.20068],[-49.3142,-25.2007],[-49.31429,-25.2007],[-49.31438,-25.20069],[-49.31451,-25.20066],[-49.31475,-25.20059],[-49.31494,-25.20049],[-49.31498,-25.2004]]}},{"type":"Feature","properties":{"n":"Vila Ricobom","h":"residential"},"geometry":{"type":"LineString","coordinates":[[-49.31565,-25.19906],[-49.31574,-25.19879],[-49.31579,-25.19867],[-49.31581,-25.19854],[-49.31584,-25.19826],[-49.31581,-25.19776],[-49.31582,-25.19755],[-49.31582,-25.19755],[-49.31585,-25.19739]]}},{"type":"Feature","properties":{"n":"Avenida Nossa Senhora do Amparo","h":"tertiary"},"geometry":{"type":"LineString","coordinates":[[-49.31649,-25.20209],[-49.31697,-25.20264],[-49.31722,-25.20295],[-49.31734,-25.20309],[-49.31769,-25.20346],[-49.31775,-25.20353],[-49.31813,-25.20395],[-49.31819,-25.20402],[-49.31825,-25.20408],[-49.31837,-25.20421],[-49.3184,-25.20424]]}},{"type":"Feature","properties":{"n":"Rua Júlio Abrahan","h":"residential"},"geometry":{"type":"LineString","coordinates":[[-49.31864,-25.1747],[-49.3188,-25.17493]]}},{"type":"Feature","properties":{"n":"Rua Carlos Brandt","h":"residential"},"geometry":{"type":"LineString","coordinates":[[-49.31264,-25.19661],[-49.31327,-25.19567]]}},{"type":"Feature","properties":{"n":"Rua Antônio Souza Rosa","h":"residential"},"geometry":{"type":"LineString","coordinates":[[-49.31929,-25.17286],[-49.3195,-25.17287],[-49.31961,-25.17286],[-49.31974,-25.17278],[-49.31985,-25.17277],[-49.32002,-25.17278],[-49.32013,-25.17278],[-49.32027,-25.17282],[-49.32015,-25.17294],[-49.32005,-25.17304],[-49.3199,-25.17319],[-49.31989,-25.1732],[-49.31957,-25.17353],[-49.31919,-25.17385],[-49.31879,-25.17408],[-49.31849,-25.17429],[-49.31822,-25.17443],[-49.31793,-25.17466],[-49.31773,-25.1748],[-49.31759,-25.17497],[-49.31735,-25.17518],[-49.31724,-25.17535]]}},{"type":"Feature","properties":{"n":"Rua Júlio Abrahan","h":"residential"},"geometry":{"type":"LineString","coordinates":[[-49.31903,-25.17526],[-49.31948,-25.17579],[-49.31992,-25.17625]]}},{"type":"Feature","properties":{"n":"Rua Zacarias Cardoso de Cristo","h":"residential"},"geometry":{"type":"LineString","coordinates":[[-49.31891,-25.17661],[-49.31865,-25.17635],[-49.3182,-25.17584],[-49.31776,-25.17531]]}},{"type":"Feature","properties":{"n":"Rua Pastor Altair Elias Dos Santos","h":"residential"},"geometry":{"type":"LineString","coordinates":[[-49.31988,-25.17546],[-49.31948,-25.17579],[-49.31865,-25.17635],[-49.31793,-25.17683]]}},{"type":"Feature","properties":{"n":"Rua Altamir Abraão","h":"residential"},"geometry":{"type":"LineString","coordinates":[[-49.31666,-25.17692],[-49.3182,-25.17584],[-49.31903,-25.17526],[-49.31983,-25.1747]]}},{"type":"Feature","properties":{"n":"Rua Pedro Cordeiro","h":"residential"},"geometry":{"type":"LineString","coordinates":[[-49.317,-25.17587],[-49.31776,-25.17531],[-49.31864,-25.1747],[-49.31967,-25.17401]]}},{"type":"Feature","properties":{"n":"Rua Antonio Bonfim dos Santos","h":"residential"},"geometry":{"type":"LineString","coordinates":[[-49.31317,-25.16814],[-49.31302,-25.16809],[-49.31291,-25.16807],[-49.31281,-25.16805],[-49.3127,-25.16805],[-49.31257,-25.16805],[-49.31232,-25.16806],[-49.31225,-25.16806],[-49.31216,-25.16806],[-49.31203,-25.16805]]}},{"type":"Feature","properties":{"n":"Rua Acácia","h":"residential"},"geometry":{"type":"LineString","coordinates":[[-49.3005,-25.19499],[-49.30071,-25.1956],[-49.30072,-25.19569],[-49.30071,-25.19581],[-49.30072,-25.19591],[-49.30086,-25.19622],[-49.30097,-25.1965],[-49.3011,-25.19692],[-49.30119,-25.19711]]}},{"type":"Feature","properties":{"n":"Rua Anjico","h":"residential"},"geometry":{"type":"LineString","coordinates":[[-49.3,-25.19505],[-49.30013,-25.19535],[-49.30017,-25.19547],[-49.30035,-25.19604],[-49.30044,-25.19633],[-49.30064,-25.19695],[-49.30083,-25.19752]]}},{"type":"Feature","properties":{"n":"Rua Antônio Orlando Nodari","h":"residential"},"geometry":{"type":"LineString","coordinates":[[-49.31009,-25.19545],[-49.30982,-25.19544],[-49.30959,-25.19535],[-49.30938,-25.1952],[-49.30929,-25.19515],[-49.30913,-25.19512],[-49.30878,-25.19503],[-49.30845,-25.19494],[-49.30824,-25.19489],[-49.30814,-25.19482],[-49.30801,-25.19467],[-49.30777,-25.19448],[-49.30764,-25.19436],[-49.30707,-25.19397],[-49.30668,-25.19381]]}},{"type":"Feature","properties":{"n":"Rua Arobira","h":"residential"},"geometry":{"type":"LineString","coordinates":[[-49.30035,-25.19604],[-49.30021,-25.19603],[-49.30012,-25.19604],[-49.29937,-25.19631]]}},{"type":"Feature","properties":{"n":"Rua Belmiro Gouveia","h":"tertiary"},"geometry":{"type":"LineString","coordinates":[[-49.32582,-25.20569],[-49.32574,-25.20572],[-49.32569,-25.20573],[-49.32565,-25.20574],[-49.3253,-25.20573],[-49.32462,-25.20571],[-49.32437,-25.20571],[-49.32428,-25.20571],[-49.3241,-25.2057],[-49.32405,-25.20569],[-49.32388,-25.20567],[-49.3238,-25.20565],[-49.32373,-25.20561],[-49.32363,-25.20552],[-49.32357,-25.20542],[-49.32353,-25.20529],[-49.32352,-25.20514],[-49.32353,-25.20502],[-49.32356,-25.20493],[-49.32359,-25.20487]]}},{"type":"Feature","properties":{"n":"Rua Benjamin Constant","h":"residential"},"geometry":{"type":"LineString","coordinates":[[-49.32405,-25.20569],[-49.32405,-25.20572],[-49.32407,-25.20611],[-49.32406,-25.20643],[-49.32407,-25.20652],[-49.32408,-25.20659],[-49.32412,-25.20668],[-49.32419,-25.20673],[-49.32429,-25.20682],[-49.32437,-25.2069],[-49.32441,-25.20699],[-49.32439,-25.2071],[-49.32435,-25.20718],[-49.32426,-25.20729],[-49.32418,-25.20743],[-49.32415,-25.20749],[-49.32412,-25.20761],[-49.32411,-25.2077],[-49.32413,-25.2078],[-49.32416,-25.2079],[-49.32418,-25.20799],[-49.32419,-25.2081],[-49.32419,-25.20822],[-49.3242,-25.20831],[-49.32421,-25.20837],[-49.32427,-25.20858],[-49.32432,-25.20887],[-49.32438,-25.20903],[-49.32437,-25.20914],[-49.32433,-25.20922],[-49.32423,-25.20934]]}},{"type":"Feature","properties":{"n":"Rua Canela","h":"residential"},"geometry":{"type":"LineString","coordinates":[[-49.2997,-25.1974],[-49.29901,-25.19776]]}},{"type":"Feature","properties":{"n":"Rua Cedro","h":"residential"},"geometry":{"type":"LineString","coordinates":[[-49.29812,-25.19473],[-49.29739,-25.19527]]}},{"type":"Feature","properties":{"n":"Rua Cerejeira","h":"residential"},"geometry":{"type":"LineString","coordinates":[[-49.29951,-25.19677],[-49.29927,-25.1969],[-49.29909,-25.19701],[-49.299,-25.19705],[-49.29847,-25.19727]]}},{"type":"Feature","properties":{"n":"Rua Coqueiros","h":"residential"},"geometry":{"type":"LineString","coordinates":[[-49.29861,-25.19532],[-49.29841,-25.19547],[-49.29801,-25.1958]]}},{"type":"Feature","properties":{"n":"Rua Governador Mário Covas","h":"residential"},"geometry":{"type":"LineString","coordinates":[[-49.30845,-25.19494],[-49.30884,-25.19465]]}},{"type":"Feature","properties":{"n":"Rua Itália","h":"residential"},"geometry":{"type":"LineString","coordinates":[[-49.30878,-25.19503],[-49.30828,-25.1954],[-49.30795,-25.19577],[-49.30763,-25.19556],[-49.30749,-25.19553]]}},{"type":"Feature","properties":{"n":"Rua Jacarandá","h":"tertiary"},"geometry":{"type":"LineString","coordinates":[[-49.29857,-25.19347],[-49.29899,-25.19397]]}},{"type":"Feature","properties":{"n":"Rua Jequitibá","h":"residential"},"geometry":{"type":"LineString","coordinates":[[-49.29917,-25.19298],[-49.29947,-25.19327],[-49.2997,-25.19355],[-49.29987,-25.19373],[-49.29991,-25.1938],[-49.29994,-25.19388],[-49.29994,-25.19401]]}},{"type":"Feature","properties":{"n":"Rua Machado de Assis","h":"tertiary"},"geometry":{"type":"LineString","coordinates":[[-49.3222,-25.20365],[-49.3223,-25.20376],[-49.32269,-25.20402],[-49.32275,-25.20406],[-49.32311,-25.20431],[-49.32328,-25.20447],[-49.32359,-25.20487]]}},{"type":"Feature","properties":{"n":"Rua Orlando Nodari","h":"residential"},"geometry":{"type":"LineString","coordinates":[[-49.29927,-25.19606],[-49.29937,-25.19631],[-49.29944,-25.19656],[-49.29948,-25.19668],[-49.29951,-25.19677],[-49.29962,-25.1971],[-49.29969,-25.19732],[-49.2997,-25.1974],[-49.29977,-25.19756],[-49.29989,-25.19785],[-49.29993,-25.19788],[-49.29999,-25.19788]]}},{"type":"Feature","properties":{"n":"Rua Rodrigues Alves","h":"tertiary"},"geometry":{"type":"LineString","coordinates":[[-49.3245,-25.20439],[-49.3243,-25.20421],[-49.3242,-25.20414],[-49.32405,-25.20409],[-49.32396,-25.20407],[-49.32382,-25.20401],[-49.32355,-25.20385],[-49.32303,-25.20356],[-49.32267,-25.20332]]}},{"type":"Feature","properties":{"n":"Rua Teofilo Otoni","h":"residential"},"geometry":{"type":"LineString","coordinates":[[-49.32455,-25.20628],[-49.32406,-25.20643],[-49.32273,-25.20711],[-49.32231,-25.20733],[-49.32147,-25.20779],[-49.32069,-25.20818]]}},{"type":"Feature","properties":{"n":"Travessa Baguacu","h":"residential"},"geometry":{"type":"LineString","coordinates":[[-49.30044,-25.19633],[-49.29948,-25.19668]]}},{"type":"Feature","properties":{"n":"Travessa Bananeira","h":"residential"},"geometry":{"type":"LineString","coordinates":[[-49.29999,-25.19788],[-49.30064,-25.19769],[-49.3008,-25.19761],[-49.30082,-25.19757],[-49.30083,-25.19752]]}},{"type":"Feature","properties":{"n":"Travessa Bracatinga","h":"residential"},"geometry":{"type":"LineString","coordinates":[[-49.30064,-25.19695],[-49.29988,-25.19727],[-49.29969,-25.19732]]}},{"type":"Feature","properties":{"n":"Travessa Carnaúba","h":"residential"},"geometry":{"type":"LineString","coordinates":[[-49.29831,-25.19669],[-49.29801,-25.1958]]}},{"type":"Feature","properties":{"n":"Travessa Ipê","h":"residential"},"geometry":{"type":"LineString","coordinates":[[-49.2988,-25.19491],[-49.29924,-25.19461],[-49.29932,-25.19452],[-49.29937,-25.19443]]}},{"type":"Feature","properties":{"n":"Travessa Jatobá","h":"tertiary"},"geometry":{"type":"LineString","coordinates":[[-49.29808,-25.19468],[-49.29899,-25.19397]]}},{"type":"Feature","properties":{"n":"Travessa Jorge Coutinho","h":"residential"},"geometry":{"type":"LineString","coordinates":[[-49.32441,-25.20457],[-49.32467,-25.2047],[-49.32496,-25.20483],[-49.32525,-25.20498],[-49.32538,-25.20508],[-49.32547,-25.20516],[-49.32557,-25.20528],[-49.32562,-25.20539],[-49.32566,-25.20548],[-49.32567,-25.20557],[-49.32569,-25.20573]]}},{"type":"Feature","properties":{"n":"Rua Alo Brandt","h":"residential"},"geometry":{"type":"LineString","coordinates":[[-49.30204,-25.1944],[-49.30217,-25.19458],[-49.30224,-25.19474],[-49.3023,-25.19498],[-49.30241,-25.19537],[-49.30251,-25.19571],[-49.3026,-25.19607],[-49.30268,-25.19626],[-49.30273,-25.1963],[-49.30285,-25.19633],[-49.30294,-25.19635]]}},{"type":"Feature","properties":{"n":"Rua Antônio Fiorese","h":"residential"},"geometry":{"type":"LineString","coordinates":[[-49.29979,-25.19198],[-49.29985,-25.19183],[-49.30001,-25.19146],[-49.30008,-25.19118],[-49.30014,-25.19106],[-49.30024,-25.19099],[-49.30032,-25.19097],[-49.30041,-25.19096],[-49.30052,-25.19099],[-49.30061,-25.19106],[-49.30069,-25.19115],[-49.3008,-25.19125],[-49.30094,-25.19134],[-49.30105,-25.19138],[-49.30117,-25.1914],[-49.30131,-25.19135],[-49.30142,-25.19132],[-49.30154,-25.19131],[-49.30163,-25.19133],[-49.30173,-25.19137],[-49.30182,-25.19141],[-49.30189,-25.19149],[-49.30195,-25.19159],[-49.30198,-25.19169],[-49.30186,-25.19197],[-49.30167,-25.19239],[-49.30154,-25.1926],[-49.30141,-25.19276],[-49.30135,-25.19286],[-49.30135,-25.19291],[-49.30137,-25.19296],[-49.30139,-25.193],[-49.30144,-25.19304],[-49.30148,-25.19306],[-49.30154,-25.19306],[-49.3016,-25.19305],[-49.30167,-25.19303],[-49.30182,-25.19296],[-49.30196,-25.19287],[-49.30212,-25.19279],[-49.30229,-25.19272],[-49.30249,-25.19267],[-49.30267,-25.19265],[-49.3029,-25.19267],[-49.30311,-25.1927],[-49.30345,-25.19276],[-49.30357,-25.19278],[-49.30378,-25.19284],[-49.30399,-25.19291],[-49.30421,-25.19297]]}},{"type":"Feature","properties":{"n":"Rua João Batista Zen","h":"tertiary"},"geometry":{"type":"LineString","coordinates":[[-49.3222,-25.20365],[-49.32163,-25.20399],[-49.32145,-25.20414],[-49.32084,-25.20456],[-49.32067,-25.2046],[-49.32031,-25.20466],[-49.32008,-25.20471],[-49.31968,-25.20483],[-49.31941,-25.20489]]}},{"type":"Feature","properties":{"n":"Rua Santa Terezinha","h":"residential"},"geometry":{"type":"LineString","coordinates":[[-49.32156,-25.1873],[-49.32182,-25.18785],[-49.32191,-25.18803],[-49.32197,-25.18811],[-49.32203,-25.18814],[-49.32212,-25.18817],[-49.32224,-25.18823],[-49.3223,-25.18827],[-49.32233,-25.1883],[-49.32235,-25.18835],[-49.32239,-25.18845],[-49.32243,-25.18848],[-49.32248,-25.1885],[-49.32254,-25.18849],[-49.32262,-25.18845]]}},{"type":"Feature","properties":{"n":"Rua Alo Brandt","h":"residential"},"geometry":{"type":"LineString","coordinates":[[-49.30973,-25.20034],[-49.30944,-25.20038],[-49.30922,-25.20041],[-49.30908,-25.2004],[-49.30895,-25.2004],[-49.30887,-25.20039],[-49.30879,-25.20037],[-49.30873,-25.20037],[-49.30867,-25.20037],[-49.30861,-25.2004],[-49.30854,-25.20044],[-49.30848,-25.20048],[-49.30844,-25.20051],[-49.3084,-25.20055],[-49.30834,-25.20059],[-49.30829,-25.20063],[-49.30826,-25.20068],[-49.30822,-25.20073],[-49.30816,-25.20084],[-49.30808,-25.20093],[-49.30788,-25.20114],[-49.30783,-25.20119],[-49.30775,-25.20127],[-49.30771,-25.20131],[-49.30763,-25.20137],[-49.30753,-25.20141],[-49.30733,-25.20147],[-49.3072,-25.20151],[-49.3068,-25.20164],[-49.30635,-25.20179],[-49.30596,-25.20192],[-49.30532,-25.20211]]}},{"type":"Feature","properties":{"n":"Rua da Brascal","h":"residential"},"geometry":{"type":"LineString","coordinates":[[-49.30974,-25.21137],[-49.30962,-25.2113],[-49.30914,-25.21109],[-49.30893,-25.21099],[-49.30875,-25.21089],[-49.30852,-25.21075],[-49.30836,-25.21067],[-49.30824,-25.21062],[-49.30812,-25.21058],[-49.308,-25.21057],[-49.30775,-25.21056],[-49.30766,-25.21057],[-49.30761,-25.21058],[-49.30739,-25.2106],[-49.30731,-25.21062]]}},{"type":"Feature","properties":{"n":"Rua da Granisul","h":"residential"},"geometry":{"type":"LineString","coordinates":[[-49.30761,-25.21058],[-49.30757,-25.21036],[-49.30753,-25.21018],[-49.30752,-25.21005],[-49.3076,-25.21002],[-49.3077,-25.21],[-49.30783,-25.20999],[-49.30792,-25.20994],[-49.30799,-25.20987],[-49.30812,-25.20971]]}},{"type":"Feature","properties":{"n":"Rua Aires Kachoroski","h":"residential"},"geometry":{"type":"LineString","coordinates":[[-49.3036,-25.21618],[-49.30347,-25.2161],[-49.30297,-25.21595]]}},{"type":"Feature","properties":{"n":"Rua José Pedroso dos Santos","h":"residential"},"geometry":{"type":"LineString","coordinates":[[-49.30428,-25.21554],[-49.30418,-25.21544],[-49.30303,-25.21473],[-49.30293,-25.21471],[-49.3028,-25.21474],[-49.30264,-25.21483],[-49.30254,-25.21491],[-49.30242,-25.21502],[-49.30227,-25.21519],[-49.30212,-25.21534],[-49.30202,-25.21544],[-49.30194,-25.21552],[-49.30189,-25.21556],[-49.30183,-25.2156],[-49.30172,-25.21561],[-49.30161,-25.2156],[-49.30152,-25.2156],[-49.30144,-25.21559],[-49.30136,-25.21556],[-49.30131,-25.21551],[-49.30126,-25.21545],[-49.30118,-25.21527],[-49.30085,-25.2148],[-49.30031,-25.21402]]}},{"type":"Feature","properties":{"n":"Rua 3","h":"residential"},"geometry":{"type":"LineString","coordinates":[[-49.3034,-25.21684],[-49.3033,-25.21685],[-49.30316,-25.21687],[-49.30302,-25.2169],[-49.30279,-25.21696],[-49.3025,-25.21694],[-49.30234,-25.21691],[-49.30222,-25.21688],[-49.3021,-25.21688],[-49.30198,-25.21691],[-49.30188,-25.21693],[-49.30174,-25.2169],[-49.3015,-25.21682],[-49.30132,-25.2167],[-49.30119,-25.21658],[-49.301,-25.21645],[-49.30097,-25.21641],[-49.30097,-25.21637],[-49.30099,-25.21635],[-49.30101,-25.21634],[-49.3012,-25.21634],[-49.30154,-25.21637],[-49.30158,-25.21636],[-49.30162,-25.21633],[-49.30172,-25.21621]]}},{"type":"Feature","properties":{"n":"Rua Roberto Ferreira da Silva","h":"residential"},"geometry":{"type":"LineString","coordinates":[[-49.30429,-25.21457],[-49.30398,-25.21432],[-49.30386,-25.21422]]}},{"type":"Feature","properties":{"n":"Avenida Agrimensor Gildo Pinheiro da Luz","h":"primary"},"geometry":{"type":"LineString","coordinates":[[-49.30391,-25.21917],[-49.30375,-25.2193],[-49.30367,-25.21935],[-49.30361,-25.21938],[-49.3035,-25.21942],[-49.30336,-25.21941]]}},{"type":"Feature","properties":{"n":"Rua Borges de Medeiros","h":"tertiary"},"geometry":{"type":"LineString","coordinates":[[-49.31207,-25.18412],[-49.31307,-25.18404]]}},{"type":"Feature","properties":{"n":"Avenida Industrial","h":"primary"},"geometry":{"type":"LineString","coordinates":[[-49.32659,-25.2014],[-49.32652,-25.2013],[-49.32642,-25.2012],[-49.3263,-25.2011],[-49.32624,-25.20104]]}},{"type":"Feature","properties":{"n":"Avenida Industrial","h":"primary"},"geometry":{"type":"LineString","coordinates":[[-49.32611,-25.20078],[-49.32615,-25.20056],[-49.32619,-25.20037],[-49.32619,-25.20021],[-49.32615,-25.20004],[-49.3261,-25.19982]]}},{"type":"Feature","properties":{"n":"Rua Pedro Wosch","h":"tertiary"},"geometry":{"type":"LineString","coordinates":[[-49.31435,-25.19176],[-49.3151,-25.19225],[-49.31522,-25.1923],[-49.31561,-25.19234],[-49.3159,-25.19237],[-49.31648,-25.19242],[-49.3166,-25.19242],[-49.3167,-25.1924],[-49.31706,-25.19217],[-49.31714,-25.19213],[-49.31764,-25.19182]]}},{"type":"Feature","properties":{"n":"Rodovia Gertrudes Manguer da Rosa","h":"secondary"},"geometry":{"type":"LineString","coordinates":[[-49.32039,-25.18478],[-49.32043,-25.18473],[-49.32046,-25.1847],[-49.32049,-25.18467]]}},{"type":"Feature","properties":{"n":"Rodovia Gertrudes Manguer da Rosa","h":"secondary"},"geometry":{"type":"LineString","coordinates":[[-49.32034,-25.18491],[-49.32035,-25.18487],[-49.32037,-25.1848],[-49.32039,-25.18478]]}},{"type":"Feature","properties":{"n":"Rua Padre Ribeiro","h":"secondary"},"geometry":{"type":"LineString","coordinates":[[-49.32008,-25.18455],[-49.32007,-25.1846],[-49.32006,-25.1847],[-49.32004,-25.18474],[-49.32001,-25.18477],[-49.31996,-25.1848],[-49.3199,-25.18483],[-49.31985,-25.18483]]}},{"type":"Feature","properties":{"n":"Rua Padre Ribeiro","h":"secondary"},"geometry":{"type":"LineString","coordinates":[[-49.31587,-25.18721],[-49.31595,-25.18715],[-49.31604,-25.1871],[-49.3163,-25.18694]]}},{"type":"Feature","properties":{"n":"Rua Açungui","h":"secondary"},"geometry":{"type":"LineString","coordinates":[[-49.31257,-25.17954],[-49.3126,-25.17939],[-49.31263,-25.17925],[-49.31268,-25.17906],[-49.31272,-25.17893],[-49.3128,-25.17875],[-49.31292,-25.17856],[-49.31304,-25.17843],[-49.31323,-25.17832],[-49.31345,-25.17822],[-49.31387,-25.1781],[-49.31395,-25.17808],[-49.31466,-25.17796],[-49.31501,-25.17791],[-49.31544,-25.17786]]}},{"type":"Feature","properties":{"n":"Travessa Aidê Rocha","h":"residential"},"geometry":{"type":"LineString","coordinates":[[-49.31352,-25.18982],[-49.31304,-25.18972],[-49.3128,-25.18969],[-49.31267,-25.1897],[-49.31235,-25.18975]]}},{"type":"Feature","properties":{"n":"Rua Alo Brandt","h":"residential"},"geometry":{"type":"LineString","coordinates":[[-49.30255,-25.19495],[-49.30242,-25.19459],[-49.30235,-25.19448],[-49.3023,-25.19444],[-49.30221,-25.19442],[-49.30204,-25.1944],[-49.30179,-25.19422]]}},{"type":"Feature","properties":{"n":"Rua Mato Grosso","h":"residential"},"geometry":{"type":"LineString","coordinates":[[-49.30222,-25.18733],[-49.30239,-25.18775]]}},{"type":"Feature","properties":{"n":"Rodovia Gertrudes Manguer da Rosa","h":"secondary"},"geometry":{"type":"LineString","coordinates":[[-49.33857,-25.01035],[-49.33887,-25.01032]]}},{"type":"Feature","properties":{"n":"Rodovia Gertrudes Manguer da Rosa","h":"secondary"},"geometry":{"type":"LineString","coordinates":[[-49.34358,-25.01591],[-49.3438,-25.01603],[-49.34405,-25.01609],[-49.34658,-25.01657],[-49.34712,-25.01672],[-49.34736,-25.01686],[-49.34815,-25.01792],[-49.34851,-25.01851],[-49.34892,-25.01989],[-49.34905,-25.02013],[-49.3493,-25.02039],[-49.35058,-25.02171],[-49.35167,-25.02341],[-49.35199,-25.02375],[-49.35238,-25.0241],[-49.35284,-25.02483],[-49.35336,-25.02511],[-49.35384,-25.02543],[-49.35428,-25.02595],[-49.35498,-25.02688],[-49.35559,-25.02803],[-49.35603,-25.02862],[-49.35716,-25.02961],[-49.35749,-25.03003],[-49.35769,-25.03048],[-49.35837,-25.03283],[-49.36028,-25.03562],[-49.36045,-25.03603],[-49.36055,-25.03801],[-49.36067,-25.03838],[-49.36139,-25.03966],[-49.36155,-25.04001],[-49.36163,-25.04058],[-49.36169,-25.04083],[-49.36383,-25.0439],[-49.36394,-25.04411],[-49.36411,-25.04493],[-49.36421,-25.04514],[-49.3646,-25.04564],[-49.3649,-25.04626],[-49.36556,-25.04785],[-49.3661,-25.04934],[-49.36718,-25.05101],[-49.36744,-25.05188],[-49.36771,-25.05226],[-49.36794,-25.05249],[-49.36804,-25.05274],[-49.36808,-25.05304],[-49.36853,-25.05428],[-49.36866,-25.05452],[-49.36892,-25.05472],[-49.36911,-25.05494],[-49.36919,-25.05513],[-49.36934,-25.05618],[-49.36951,-25.05654],[-49.36966,-25.05674],[-49.36969,-25.05684],[-49.36966,-25.05706],[-49.36967,-25.05732],[-49.36981,-25.05763],[-49.37022,-25.05832],[-49.37038,-25.05869],[-49.37051,-25.05887],[-49.3707,-25.05898],[-49.37098,-25.05904],[-49.37135,-25.05907],[-49.37185,-25.05911],[-49.37282,-25.0593],[-49.37344,-25.0596],[-49.37383,-25.05983],[-49.37436,-25.06025],[-49.37446,-25.06046],[-49.37456,-25.06089],[-49.37507,-25.06214],[-49.3753,-25.0628],[-49.37558,-25.06326],[-49.37566,-25.06386],[-49.37586,-25.06443],[-49.37597,-25.06474],[-49.37598,-25.0651],[-49.37573,-25.06623],[-49.37566,-25.06644],[-49.37567,-25.06665],[-49.3767,-25.0683],[-49.37734,-25.06927],[-49.3782,-25.07034],[-49.37843,-25.07077],[-49.37903,-25.07281],[-49.37908,-25.07313],[-49.37902,-25.07348],[-49.37889,-25.07381],[-49.3782,-25.07486],[-49.37803,-25.07507],[-49.37775,-25.07519],[-49.37675,-25.07543],[-49.37638,-25.07565],[-49.37613,-25.07594],[-49.37599,-25.07649],[-49.37593,-25.07682],[-49.37586,-25.07703],[-49.37568,-25.07719],[-49.37553,-25.07726],[-49.37527,-25.07722],[-49.37511,-25.07711],[-49.37489,-25.07697],[-49.37466,-25.0769],[-49.3744,-25.07689],[-49.3742,-25.07696],[-49.37402,-25.0771],[-49.37393,-25.07725],[-49.37396,-25.07741],[-49.37398,-25.07761],[-49.37396,-25.07779],[-49.37388,-25.07796],[-49.37372,-25.07804],[-49.37356,-25.07809],[-49.37336,-25.07811],[-49.37313,-25.07814],[-49.37299,-25.0782],[-49.37288,-25.07834],[-49.37275,-25.07851],[-49.37264,-25.07868],[-49.37257,-25.0788],[-49.37239,-25.07888],[-49.37217,-25.07888],[-49.37194,-25.0788],[-49.37138,-25.07851],[-49.37115,-25.07846],[-49.37095,-25.07853],[-49.37079,-25.07868],[-49.37048,-25.07917],[-49.37038,-25.0795],[-49.37035,-25.0802],[-49.37041,-25.0804],[-49.37055,-25.08054],[-49.37084,-25.08068],[-49.37098,-25.08088],[-49.37129,-25.08142],[-49.37149,-25.08161],[-49.37168,-25.08174],[-49.37197,-25.08185],[-49.37232,-25.08196],[-49.37288,-25.08205],[-49.37316,-25.08212],[-49.37341,-25.0823],[-49.37365,-25.08256],[-49.37393,-25.08296],[-49.37461,-25.08399],[-49.37479,-25.0844],[-49.37493,-25.08478],[-49.37499,-25.08531],[-49.37514,-25.08869],[-49.37526,-25.08927],[-49.37542,-25.08953],[-49.37556,-25.08981],[-49.37565,-25.09013],[-49.37574,-25.09041],[-49.37578,-25.09059],[-49.37574,-25.09077],[-49.37555,-25.09112],[-49.37544,-25.09135],[-49.37532,-25.09158],[-49.37524,-25.09176],[-49.37508,-25.09193],[-49.37495,-25.09213],[-49.37416,-25.09365],[-49.37409,-25.09394],[-49.37411,-25.09421],[-49.37421,-25.09449],[-49.37443,-25.09485],[-49.37457,-25.09516],[-49.37468,-25.0954],[-49.37483,-25.09556],[-49.37502,-25.0957],[-49.37525,-25.0958],[-49.37551,-25.09579],[-49.37644,-25.09551],[-49.37677,-25.09551],[-49.37711,-25.09564],[-49.37726,-25.09592],[-49.37725,-25.09622],[-49.37699,-25.09707],[-49.37655,-25.09772],[-49.37653,-25.09798],[-49.37662,-25.09829],[-49.37671,-25.09844],[-49.37695,-25.09861],[-49.37716,-25.09881],[-49.37734,-25.09908],[-49.37756,-25.09929],[-49.37775,-25.09952],[-49.37783,-25.09975],[-49.37782,-25.10003],[-49.37771,-25.10028],[-49.37751,-25.10051],[-49.37723,-25.10072],[-49.37707,-25.1009],[-49.37702,-25.10113],[-49.37707,-25.10132],[-49.37753,-25.10199],[-49.37763,-25.10219],[-49.37759,-25.10243],[-49.37745,-25.10261],[-49.37725,-25.10274],[-49.3768,-25.10303],[-49.37654,-25.10319],[-49.37637,-25.10324],[-49.37608,-25.10324],[-49.37572,-25.10327],[-49.3747,-25.10347],[-49.37436,-25.1036],[-49.3742,-25.10372],[-49.37411,-25.10382],[-49.37392,-25.1039],[-49.37372,-25.10389],[-49.37353,-25.10383],[-49.37335,-25.10366],[-49.37302,-25.10336],[-49.37261,-25.10314],[-49.372,-25.10287],[-49.37173,-25.10281],[-49.37154,-25.10287],[-49.37142,-25.10299],[-49.3713,-25.10322],[-49.37125,-25.10342],[-49.37124,-25.10373],[-49.37117,-25.10398],[-49.37105,-25.1041],[-49.37091,-25.10412],[-49.37075,-25.1041],[-49.37056,-25.10415],[-49.3704,-25.10424],[-49.37029,-25.10435],[-49.37024,-25.10451],[-49.3702,-25.10466],[-49.37014,-25.10481],[-49.36995,-25.10496],[-49.36982,-25.10508],[-49.36981,-25.10525],[-49.36986,-25.10542],[-49.36994,-25.10562],[-49.36987,-25.10581],[-49.36971,-25.10592],[-49.36952,-25.10598],[-49.36922,-25.10593],[-49.36896,-25.10593],[-49.36878,-25.10598],[-49.36862,-25.10611],[-49.36857,-25.10632],[-49.36849,-25.10649],[-49.36826,-25.10664],[-49.36795,-25.10674],[-49.36763,-25.10679],[-49.36727,-25.10694],[-49.36655,-25.10752],[-49.36581,-25.10814],[-49.36564,-25.10831],[-49.36512,-25.10962],[-49.3651,-25.10988],[-49.36516,-25.11018],[-49.36528,-25.11036],[-49.36533,-25.11064],[-49.36535,-25.1109],[-49.36524,-25.11161],[-49.36523,-25.11177],[-49.36518,-25.11188],[-49.36505,-25.11196],[-49.36475,-25.11203],[-49.36454,-25.11214],[-49.36441,-25.11225],[-49.3643,-25.11242],[-49.3642,-25.11261],[-49.36406,-25.11275],[-49.36387,-25.11286],[-49.36359,-25.11297],[-49.36337,-25.11312],[-49.36327,-25.11329],[-49.3632,-25.11354],[-49.3631,-25.11372],[-49.363,-25.11384],[-49.36284,-25.11389],[-49.36265,-25.114],[-49.36257,-25.11416],[-49.36231,-25.1148],[-49.36213,-25.11496],[-49.36177,-25.11515],[-49.36147,-25.1154],[-49.36133,-25.1156],[-49.36127,-25.11592],[-49.36127,-25.11619],[-49.36135,-25.11659],[-49.36135,-25.11686],[-49.36126,-25.11713],[-49.36102,-25.11735],[-49.36034,-25.11774],[-49.36016,-25.11788],[-49.35989,-25.11805],[-49.35965,-25.11816],[-49.35904,-25.11836],[-49.35886,-25.11845],[-49.35873,-25.11857],[-49.35825,-25.11916],[-49.35752,-25.11996],[-49.35647,-25.12064],[-49.35611,-25.12098],[-49.35549,-25.12177],[-49.35523,-25.12267],[-49.35488,-25.12411],[-49.35476,-25.12447],[-49.3545,-25.12468],[-49.35409,-25.12482],[-49.3531,-25.12492],[-49.35284,-25.12498],[-49.3526,-25.12511],[-49.35247,-25.12533],[-49.35232,-25.1266],[-49.35268,-25.12794],[-49.35287,-25.12822],[-49.35297,-25.12842],[-49.35298,-25.12874],[-49.35259,-25.13013],[-49.35242,-25.13135],[-49.35229,-25.13159],[-49.35136,-25.13248],[-49.3511,-25.13266],[-49.34966,-25.1331],[-49.34922,-25.13321],[-49.34841,-25.13361],[-49.3476,-25.13405],[-49.34696,-25.1342],[-49.34532,-25.13564],[-49.34502,-25.13606],[-49.34493,-25.13655],[-49.3447,-25.13733],[-49.34454,-25.13757],[-49.34429,-25.13778],[-49.34354,-25.13824],[-49.3432,-25.13837],[-49.34283,-25.13843],[-49.34119,-25.13873],[-49.34056,-25.13892],[-49.34,-25.13918],[-49.33915,-25.13994],[-49.33762,-25.14138],[-49.33728,-25.14182],[-49.33707,-25.14219],[-49.33695,-25.14266],[-49.33656,-25.14503],[-49.33644,-25.14555],[-49.33633,-25.14573],[-49.33624,-25.14589],[-49.33578,-25.14637],[-49.33533,-25.14671],[-49.33452,-25.14705],[-49.33377,-25.14731],[-49.33336,-25.14751],[-49.33239,-25.14816],[-49.33202,-25.1484],[-49.33192,-25.14864],[-49.33193,-25.14888],[-49.33201,-25.14907],[-49.33252,-25.14949],[-49.33264,-25.14965],[-49.33269,-25.14986],[-49.33263,-25.15009],[-49.33182,-25.15084],[-49.33157,-25.15096],[-49.33127,-25.15104],[-49.33014,-25.15114],[-49.32983,-25.15121],[-49.32959,-25.15137],[-49.32945,-25.15171],[-49.32912,-25.15292],[-49.32895,-25.15311],[-49.32866,-25.15323],[-49.32763,-25.15332],[-49.32718,-25.15335],[-49.32687,-25.15342],[-49.3266,-25.15359],[-49.32641,-25.15383],[-49.32631,-25.15418],[-49.32637,-25.15456],[-49.32692,-25.15555],[-49.32751,-25.15671],[-49.32839,-25.15791],[-49.32854,-25.15812],[-49.32865,-25.15845],[-49.32868,-25.15876],[-49.32862,-25.15984],[-49.32855,-25.16004],[-49.32846,-25.16019],[-49.32839,-25.1603],[-49.32825,-25.16046],[-49.32818,-25.16052],[-49.32804,-25.16062],[-49.32789,-25.16069],[-49.32781,-25.16071],[-49.3277,-25.16072],[-49.32753,-25.16072],[-49.32734,-25.16068],[-49.32699,-25.16056],[-49.3268,-25.16052],[-49.32669,-25.1605],[-49.32657,-25.16052],[-49.32647,-25.16056],[-49.3262,-25.16067],[-49.32587,-25.16084],[-49.32565,-25.16098],[-49.32541,-25.16109],[-49.32528,-25.16111],[-49.3252,-25.1611],[-49.32509,-25.16107],[-49.32493,-25.16103],[-49.32473,-25.16096],[-49.32464,-25.16093],[-49.3245,-25.16093],[-49.32438,-25.16092],[-49.32422,-25.16094],[-49.3235,-25.16105],[-49.32266,-25.16116],[-49.32247,-25.16119],[-49.32235,-25.16124],[-49.32225,-25.16131],[-49.32217,-25.16139],[-49.322,-25.16167],[-49.32163,-25.16228],[-49.32143,-25.16267],[-49.32137,-25.1628],[-49.32133,-25.16294],[-49.32131,-25.16319],[-49.32129,-25.16338],[-49.32126,-25.16352],[-49.32122,-25.16363],[-49.32115,-25.16379],[-49.32102,-25.16407],[-49.32077,-25.16465],[-49.32045,-25.16518],[-49.32034,-25.16547]]}},{"type":"Feature","properties":{"n":"Estrada Santiago","h":"unclassified"},"geometry":{"type":"LineString","coordinates":[[-49.3438,-25.19212],[-49.34401,-25.19212],[-49.34421,-25.19208],[-49.3444,-25.19204],[-49.34459,-25.19203],[-49.34481,-25.19205],[-49.34496,-25.19208],[-49.34511,-25.19215],[-49.34528,-25.19229],[-49.34546,-25.1924],[-49.34565,-25.19247],[-49.34584,-25.19261],[-49.34605,-25.19286],[-49.34618,-25.19302],[-49.34634,-25.19322],[-49.34648,-25.19352],[-49.34652,-25.19362],[-49.34656,-25.19378],[-49.34652,-25.19398],[-49.34645,-25.19421],[-49.34643,-25.19435],[-49.34646,-25.19452],[-49.34648,-25.19458],[-49.34654,-25.1947],[-49.34655,-25.1949],[-49.34656,-25.19503],[-49.34659,-25.19517]]}},{"type":"Feature","properties":{"n":"Estrada Santiago","h":"unclassified"},"geometry":{"type":"LineString","coordinates":[[-49.34659,-25.19517],[-49.34663,-25.19523],[-49.34666,-25.19533],[-49.34666,-25.19553],[-49.34663,-25.19567],[-49.34656,-25.19608],[-49.34645,-25.19633],[-49.34637,-25.1965],[-49.34637,-25.19664],[-49.34648,-25.19677],[-49.34661,-25.19688],[-49.34665,-25.19695],[-49.34667,-25.19707],[-49.34664,-25.19718],[-49.34656,-25.19734],[-49.34651,-25.19744],[-49.34645,-25.19762],[-49.34641,-25.19774],[-49.3464,-25.19784],[-49.34639,-25.19792],[-49.34641,-25.19803],[-49.34646,-25.1981],[-49.34658,-25.19818],[-49.34663,-25.19823],[-49.34665,-25.19832],[-49.34664,-25.1984],[-49.34664,-25.19847],[-49.34665,-25.19856],[-49.34667,-25.19862],[-49.34676,-25.19874],[-49.34685,-25.19888],[-49.34688,-25.19897],[-49.3469,-25.19911],[-49.34692,-25.19924],[-49.34691,-25.19934],[-49.34688,-25.1994],[-49.34683,-25.19945],[-49.34674,-25.19948],[-49.34667,-25.19951],[-49.34661,-25.19956],[-49.34659,-25.19963],[-49.34663,-25.19971],[-49.34672,-25.19981],[-49.34677,-25.1999],[-49.34678,-25.2],[-49.34672,-25.20012],[-49.34668,-25.20024],[-49.34665,-25.20034],[-49.34663,-25.20044],[-49.34663,-25.20054],[-49.34663,-25.2007],[-49.3466,-25.20086],[-49.34657,-25.20094],[-49.34649,-25.20107],[-49.3464,-25.20129],[-49.34635,-25.20144],[-49.34624,-25.20163],[-49.34605,-25.20197],[-49.3459,-25.2022],[-49.34574,-25.20244],[-49.34557,-25.20259],[-49.34542,-25.20269],[-49.34528,-25.20273]]}},{"type":"Feature","properties":{"n":"Avenida Industrial","h":"primary"},"geometry":{"type":"LineString","coordinates":[[-49.32659,-25.2014],[-49.32662,-25.20158],[-49.32684,-25.20207],[-49.32709,-25.20256],[-49.3273,-25.20281],[-49.32758,-25.20303],[-49.32816,-25.20338],[-49.32826,-25.20343],[-49.32837,-25.20353],[-49.32845,-25.20366],[-49.32851,-25.20378],[-49.32852,-25.20386]]}},{"type":"Feature","properties":{"n":"Avenida Industrial","h":"primary"},"geometry":{"type":"LineString","coordinates":[[-49.3261,-25.19982],[-49.32621,-25.19998],[-49.3263,-25.20015],[-49.32643,-25.2005],[-49.32646,-25.20078]]}},{"type":"Feature","properties":{"n":"Rua dos Ferroviários","h":"residential"},"geometry":{"type":"LineString","coordinates":[[-49.31498,-25.2004],[-49.31502,-25.20029],[-49.31508,-25.20015],[-49.31513,-25.19997],[-49.31516,-25.19975],[-49.31517,-25.19957],[-49.31519,-25.19945],[-49.31522,-25.19936],[-49.31537,-25.19911]]}},{"type":"Feature","properties":{"n":"Rua dos Ferroviários","h":"residential"},"geometry":{"type":"LineString","coordinates":[[-49.31537,-25.19911],[-49.3154,-25.19905],[-49.31541,-25.199],[-49.31541,-25.19896],[-49.3154,-25.19893],[-49.31537,-25.1989],[-49.31533,-25.19888],[-49.31527,-25.19886],[-49.31515,-25.19882]]}},{"type":"Feature","properties":{"n":"Rodovia dos Minérios","h":"primary"},"geometry":{"type":"LineString","coordinates":[[-49.30342,-25.21891],[-49.30345,-25.21873]]}},{"type":"Feature","properties":{"n":"Rodovia dos Minérios","h":"primary"},"geometry":{"type":"LineString","coordinates":[[-49.30339,-25.21918],[-49.30342,-25.21891]]}},{"type":"Feature","properties":{"n":"Rodovia dos Minérios","h":"primary"},"geometry":{"type":"LineString","coordinates":[[-49.30336,-25.21941],[-49.30339,-25.21918]]}},{"type":"Feature","properties":{"n":"Rodovia dos Minérios","h":"primary"},"geometry":{"type":"LineString","coordinates":[[-49.30332,-25.21966],[-49.30336,-25.21941]]}},{"type":"Feature","properties":{"n":"Rodovia dos Minérios","h":"primary"},"geometry":{"type":"LineString","coordinates":[[-49.30324,-25.22023],[-49.30332,-25.21966]]}},{"type":"Feature","properties":{"n":"Avenida Agrimensor Gildo Pinheiro da Luz","h":"primary"},"geometry":{"type":"LineString","coordinates":[[-49.30339,-25.21918],[-49.30357,-25.21921],[-49.30374,-25.21922],[-49.30385,-25.2192],[-49.30391,-25.21917]]}},{"type":"Feature","properties":{"n":"Avenida Agrimensor Gildo Pinheiro da Luz","h":"primary_link"},"geometry":{"type":"LineString","coordinates":[[-49.30336,-25.21941],[-49.30335,-25.21941],[-49.30329,-25.21938],[-49.30319,-25.21934],[-49.3032,-25.21928],[-49.30322,-25.21924],[-49.30328,-25.21921],[-49.30331,-25.2192],[-49.30333,-25.21919],[-49.30336,-25.21918],[-49.30338,-25.21918],[-49.30339,-25.21918]]}},{"type":"Feature","properties":{"n":"Rua Manoel Muller de Siqueira","h":"tertiary"},"geometry":{"type":"LineString","coordinates":[[-49.31929,-25.17286],[-49.31932,-25.17274],[-49.31935,-25.17259]]}},{"type":"Feature","properties":{"n":"Rua Generoso Marques","h":"tertiary"},"geometry":{"type":"LineString","coordinates":[[-49.31023,-25.19108],[-49.30986,-25.19116],[-49.3096,-25.19122],[-49.30944,-25.1913],[-49.30932,-25.1914],[-49.30912,-25.19158],[-49.30894,-25.1917],[-49.30886,-25.19172],[-49.30851,-25.19169],[-49.30824,-25.19164],[-49.30793,-25.19157]]}},{"type":"Feature","properties":{"n":"Avenida Brasil","h":"tertiary"},"geometry":{"type":"LineString","coordinates":[[-49.29798,-25.18613],[-49.2975,-25.1858],[-49.2973,-25.18572],[-49.29711,-25.18566],[-49.29695,-25.18562],[-49.29671,-25.18558],[-49.29662,-25.18554],[-49.29651,-25.1855],[-49.29628,-25.18536]]}},{"type":"Feature","properties":{"n":"Rua das Andorinhas","h":"tertiary"},"geometry":{"type":"LineString","coordinates":[[-49.31313,-25.1765],[-49.31294,-25.1764],[-49.31275,-25.17632],[-49.31245,-25.17614],[-49.31216,-25.17599],[-49.31199,-25.17587],[-49.31182,-25.17579],[-49.31157,-25.17572],[-49.31146,-25.17565],[-49.31137,-25.17559]]}},{"type":"Feature","properties":{"n":"Rua Flamingo","h":"residential"},"geometry":{"type":"LineString","coordinates":[[-49.30425,-25.1847],[-49.30333,-25.18341]]}},{"type":"Feature","properties":{"n":"Rua Padre Antônio Vieira","h":"residential"},"geometry":{"type":"LineString","coordinates":[[-49.3148,-25.17624],[-49.31505,-25.17681],[-49.31534,-25.17746]]}},{"type":"Feature","properties":{"n":"Rua Evangelizador Augusto E Santos","h":"residential"},"geometry":{"type":"LineString","coordinates":[[-49.31676,-25.1788],[-49.31694,-25.17893],[-49.31735,-25.1792],[-49.31745,-25.17924]]}},{"type":"Feature","properties":{"n":"Rua Belmiro Gouveia","h":"tertiary"},"geometry":{"type":"LineString","coordinates":[[-49.32456,-25.20385],[-49.32466,-25.20361],[-49.3247,-25.20342],[-49.3247,-25.20318],[-49.32468,-25.20293],[-49.32458,-25.20267],[-49.32445,-25.20242],[-49.32435,-25.20221],[-49.32424,-25.20201],[-49.32423,-25.20193],[-49.32422,-25.20182],[-49.32423,-25.20166],[-49.32423,-25.20153],[-49.32424,-25.20142],[-49.32429,-25.20131]]}},{"type":"Feature","properties":{"n":"Rua Guanabara","h":"residential"},"geometry":{"type":"LineString","coordinates":[[-49.3242,-25.20077],[-49.32416,-25.20062],[-49.32413,-25.20051],[-49.32411,-25.20035],[-49.32414,-25.20021],[-49.32421,-25.20012],[-49.32432,-25.20005],[-49.32452,-25.20002],[-49.32464,-25.19996],[-49.3247,-25.1999],[-49.32472,-25.19983],[-49.32476,-25.19969],[-49.32483,-25.19956],[-49.32522,-25.19907],[-49.3253,-25.19897],[-49.32537,-25.19889]]}},{"type":"Feature","properties":{"n":"Rodovia Gertrudes Manguer da Rosa","h":"secondary"},"geometry":{"type":"LineString","coordinates":[[-49.32147,-25.17139],[-49.32143,-25.17159],[-49.32136,-25.17177]]}},{"type":"Feature","properties":{"n":"Rodovia Gertrudes Manguer da Rosa","h":"secondary"},"geometry":{"type":"LineString","coordinates":[[-49.32117,-25.1717],[-49.3213,-25.17154],[-49.32136,-25.1715],[-49.32147,-25.17139]]}},{"type":"Feature","properties":{"n":"Rua Antônio de Freitas","h":"residential"},"geometry":{"type":"LineString","coordinates":[[-49.31188,-25.18045],[-49.31173,-25.1809]]}},{"type":"Feature","properties":{"n":"Rua Professora Aline Miranda Porfírio","h":"residential"},"geometry":{"type":"LineString","coordinates":[[-49.31656,-25.17405],[-49.3166,-25.1739],[-49.31664,-25.17372],[-49.3167,-25.17347]]}},{"type":"Feature","properties":{"n":"Rua Professora Aline Miranda Porfírio","h":"path"},"geometry":{"type":"LineString","coordinates":[[-49.31654,-25.17434],[-49.31656,-25.17405]]}},{"type":"Feature","properties":{"n":"Rua Manoel Muller de Siqueira","h":"residential"},"geometry":{"type":"LineString","coordinates":[[-49.30929,-25.16888],[-49.30909,-25.1689],[-49.30887,-25.16889],[-49.30865,-25.16886],[-49.30855,-25.16886],[-49.30842,-25.16893],[-49.30837,-25.16898],[-49.30833,-25.16908],[-49.30823,-25.16937],[-49.30818,-25.16951],[-49.30813,-25.16962],[-49.30807,-25.16975],[-49.30752,-25.17058],[-49.30729,-25.17095],[-49.30718,-25.1712],[-49.30716,-25.1714],[-49.30719,-25.17152],[-49.30725,-25.17163],[-49.30732,-25.17168],[-49.30741,-25.17174],[-49.30752,-25.17176],[-49.30766,-25.17173],[-49.30779,-25.1717],[-49.30788,-25.17169],[-49.30797,-25.17172],[-49.30802,-25.17174],[-49.30825,-25.17184]]}},{"type":"Feature","properties":{"n":"Avenida Industrial","h":"primary"},"geometry":{"type":"LineString","coordinates":[[-49.32648,-25.20084],[-49.32659,-25.2014]]}},{"type":"Feature","properties":{"n":"Rua José Bonifácio","h":"residential"},"geometry":{"type":"LineString","coordinates":[[-49.31305,-25.18346],[-49.31306,-25.18335]]}},{"type":"Feature","properties":{"n":"Avenida Ermirio de Moraes","h":"primary"},"geometry":{"type":"LineString","coordinates":[[-49.32041,-25.19021],[-49.32025,-25.19043],[-49.32009,-25.19061],[-49.31987,-25.19077],[-49.3197,-25.19092]]}},{"type":"Feature","properties":{"n":"Avenida Ermirio de Moraes","h":"primary"},"geometry":{"type":"LineString","coordinates":[[-49.32314,-25.19053],[-49.32304,-25.19043],[-49.32289,-25.1903],[-49.3227,-25.19012],[-49.32251,-25.19001],[-49.32246,-25.18999],[-49.32225,-25.1899],[-49.32186,-25.18981]]}},{"type":"Feature","properties":{"n":"Rua Dulcília de Cristo Rocha","h":"residential"},"geometry":{"type":"LineString","coordinates":[[-49.30433,-25.19177],[-49.30394,-25.19222],[-49.30363,-25.19248],[-49.30355,-25.19259],[-49.30345,-25.19276]]}},{"type":"Feature","properties":{"n":"Avenida Brasil","h":"tertiary"},"geometry":{"type":"LineString","coordinates":[[-49.30079,-25.18796],[-49.30095,-25.18794],[-49.30117,-25.1879],[-49.30168,-25.18779],[-49.30201,-25.18777],[-49.30239,-25.18775],[-49.30288,-25.18774],[-49.30315,-25.18777],[-49.3032,-25.1878],[-49.30332,-25.18789],[-49.30355,-25.18808],[-49.30366,-25.18814],[-49.30375,-25.18819],[-49.30406,-25.1883],[-49.30429,-25.18838],[-49.30439,-25.18842],[-49.30446,-25.18846],[-49.30459,-25.18855],[-49.30471,-25.18866],[-49.30487,-25.1888],[-49.30513,-25.18901],[-49.30552,-25.1893],[-49.30576,-25.18947],[-49.30595,-25.18958],[-49.30655,-25.18998],[-49.30672,-25.19009],[-49.30692,-25.19023],[-49.30702,-25.19033],[-49.30711,-25.19042],[-49.3074,-25.19091],[-49.30745,-25.19102],[-49.3076,-25.19135],[-49.30766,-25.1915]]}},{"type":"Feature","properties":{"n":"Avenida Brasil","h":"tertiary"},"geometry":{"type":"LineString","coordinates":[[-49.30079,-25.18796],[-49.30063,-25.18789],[-49.30056,-25.18785],[-49.30047,-25.18777],[-49.3004,-25.18771],[-49.30032,-25.18758],[-49.30027,-25.18742],[-49.30023,-25.18733],[-49.30005,-25.18683],[-49.29999,-25.18669],[-49.29989,-25.18655],[-49.29976,-25.18641],[-49.29959,-25.18628],[-49.2994,-25.18621],[-49.29926,-25.18616],[-49.29905,-25.18613],[-49.2989,-25.18614],[-49.29867,-25.1862],[-49.29855,-25.18625]]}},{"type":"Feature","properties":{"n":"Rua Generoso Marques","h":"tertiary"},"geometry":{"type":"LineString","coordinates":[[-49.30767,-25.19151],[-49.30793,-25.19157]]}},{"type":"Feature","properties":{"n":"Rua Prefeito Octávio Furquim","h":"tertiary"},"geometry":{"type":"LineString","coordinates":[[-49.30759,-25.19182],[-49.30756,-25.19162]]}},{"type":"Feature","properties":{"n":"Rua Generoso Marques","h":"tertiary"},"geometry":{"type":"LineString","coordinates":[[-49.30731,-25.19161],[-49.30754,-25.19153]]}},{"type":"Feature","properties":{"n":"Rua Generoso Marques","h":"tertiary"},"geometry":{"type":"LineString","coordinates":[[-49.30755,-25.19161],[-49.30731,-25.19161]]}},{"type":"Feature","properties":{"n":"Rua Prefeito Octávio Furquim","h":"tertiary"},"geometry":{"type":"LineString","coordinates":[[-49.30767,-25.19161],[-49.30759,-25.19182]]}},{"type":"Feature","properties":{"n":"Rua Generoso Marques","h":"tertiary"},"geometry":{"type":"LineString","coordinates":[[-49.30793,-25.19157],[-49.30768,-25.19159]]}},{"type":"Feature","properties":{"n":"Rua Manoel Bandeira","h":"residential"},"geometry":{"type":"LineString","coordinates":[[-49.31549,-25.18158],[-49.31553,-25.18164],[-49.31564,-25.18161],[-49.31588,-25.18155],[-49.31597,-25.18158],[-49.31603,-25.18162],[-49.31616,-25.18182],[-49.31638,-25.18259],[-49.31651,-25.18292],[-49.31651,-25.18305],[-49.31646,-25.18325],[-49.31635,-25.18349]]}},{"type":"Feature","properties":{"n":"Rua Coronel Carlos Pioli","h":"secondary"},"geometry":{"type":"LineString","coordinates":[[-49.31293,-25.19219],[-49.31291,-25.1923]]}},{"type":"Feature","properties":{"n":"Rua Coronel Carlos Pioli","h":"secondary"},"geometry":{"type":"LineString","coordinates":[[-49.31286,-25.19226],[-49.31293,-25.19219]]}},{"type":"Feature","properties":{"n":"Rua Padre Ribeiro","h":"secondary"},"geometry":{"type":"LineString","coordinates":[[-49.31985,-25.18483],[-49.31988,-25.18477],[-49.3199,-25.18472]]}},{"type":"Feature","properties":{"n":"Rua Eduardo Alves Ribeiro","h":"residential"},"geometry":{"type":"LineString","coordinates":[[-49.3127,-25.18769],[-49.3125,-25.18773],[-49.3123,-25.18774],[-49.31217,-25.18771],[-49.31205,-25.18763],[-49.31189,-25.18748],[-49.31168,-25.18729],[-49.31145,-25.18716],[-49.31126,-25.18711]]}},{"type":"Feature","properties":{"n":"Rua 7 de Setembro","h":"tertiary"},"geometry":{"type":"LineString","coordinates":[[-49.31275,-25.18544],[-49.31252,-25.18544]]}},{"type":"Feature","properties":{"n":"Rua 7 de Setembro","h":"tertiary"},"geometry":{"type":"LineString","coordinates":[[-49.31249,-25.18533],[-49.31275,-25.18544]]}},{"type":"Feature","properties":{"n":"Rua 7 de Setembro","h":"tertiary"},"geometry":{"type":"LineString","coordinates":[[-49.31275,-25.18544],[-49.31298,-25.18553],[-49.31336,-25.18568]]}},{"type":"Feature","properties":{"n":"Rua da Brascal","h":"service"},"geometry":{"type":"LineString","coordinates":[[-49.30731,-25.21062],[-49.30699,-25.21067],[-49.30676,-25.21072],[-49.30638,-25.21078],[-49.30614,-25.21081]]}},{"type":"Feature","properties":{"n":"Rua João Batista Zen","h":"tertiary"},"geometry":{"type":"LineString","coordinates":[[-49.32267,-25.20332],[-49.32237,-25.20355],[-49.3222,-25.20365]]}},{"type":"Feature","properties":{"n":"Rua Generoso Marques","h":"tertiary"},"geometry":{"type":"LineString","coordinates":[[-49.30731,-25.19161],[-49.30688,-25.19169],[-49.30617,-25.19181],[-49.30596,-25.19187],[-49.30582,-25.19191],[-49.30569,-25.19198],[-49.3054,-25.19216],[-49.30514,-25.1923],[-49.30459,-25.19269],[-49.30437,-25.19286],[-49.30421,-25.19297]]}},{"type":"Feature","properties":{"n":"Rodovia Gertrudes Manguer da Rosa","h":"secondary"},"geometry":{"type":"LineString","coordinates":[[-49.31969,-25.18446],[-49.31981,-25.18449],[-49.31989,-25.1845],[-49.32,-25.18453]]}},{"type":"Feature","properties":{"n":"Rodovia Gertrudes Manguer da Rosa","h":"secondary"},"geometry":{"type":"LineString","coordinates":[[-49.31959,-25.18444],[-49.31964,-25.18445]]}},{"type":"Feature","properties":{"n":"Rodovia Gertrudes Manguer da Rosa","h":"secondary"},"geometry":{"type":"LineString","coordinates":[[-49.33887,-25.01032],[-49.33942,-25.01028],[-49.33977,-25.01033],[-49.34019,-25.01047],[-49.34124,-25.01095],[-49.34263,-25.01158],[-49.34288,-25.01175],[-49.34304,-25.01203],[-49.34308,-25.0123],[-49.34301,-25.01256],[-49.34226,-25.01397],[-49.34213,-25.0142],[-49.34213,-25.01439],[-49.34225,-25.01456],[-49.34245,-25.01473],[-49.34268,-25.01488],[-49.34293,-25.01509],[-49.34345,-25.01572],[-49.34358,-25.01591]]}},{"type":"Feature","properties":{"n":"Avenida Agrimensor Gildo Pinheiro da Luz","h":"primary"},"geometry":{"type":"LineString","coordinates":[[-49.31632,-25.22235],[-49.31603,-25.22236],[-49.3157,-25.22235],[-49.31547,-25.2223],[-49.31527,-25.22223],[-49.31511,-25.22215],[-49.31497,-25.22203],[-49.31483,-25.22188],[-49.31472,-25.22173],[-49.31457,-25.22146],[-49.31439,-25.22108],[-49.31428,-25.22086],[-49.31405,-25.2204],[-49.31391,-25.22019],[-49.31369,-25.21988],[-49.31352,-25.21964],[-49.31341,-25.21948],[-49.31323,-25.21927],[-49.31302,-25.21903],[-49.3129,-25.21892],[-49.31269,-25.21878],[-49.31245,-25.21865],[-49.3122,-25.21856],[-49.31186,-25.21848],[-49.3111,-25.21836],[-49.31037,-25.21823],[-49.3093,-25.21805],[-49.30827,-25.21787],[-49.30732,-25.21771],[-49.3064,-25.21756],[-49.3061,-25.21752],[-49.30593,-25.21752],[-49.30575,-25.21755],[-49.3056,-25.2176],[-49.30549,-25.21764],[-49.30537,-25.21771],[-49.30526,-25.21779],[-49.3051,-25.21796],[-49.30473,-25.21843],[-49.3046,-25.21858],[-49.30442,-25.21876],[-49.30431,-25.21886],[-49.30411,-25.21902],[-49.30396,-25.21914],[-49.30391,-25.21917]]}},{"type":"Feature","properties":{"n":"Avenida Derson Costa","h":"secondary"},"geometry":{"type":"LineString","coordinates":[[-49.31143,-25.19422],[-49.3115,-25.19405],[-49.31165,-25.19379],[-49.3119,-25.19357],[-49.312,-25.19349],[-49.3121,-25.19341],[-49.31225,-25.19324],[-49.31233,-25.19309],[-49.31244,-25.19292],[-49.31271,-25.19248],[-49.31286,-25.19226]]}},{"type":"Feature","properties":{"n":"Rua Manoel Muller de Siqueira","h":"tertiary"},"geometry":{"type":"LineString","coordinates":[[-49.30995,-25.16834],[-49.30985,-25.16844],[-49.30964,-25.16865],[-49.30929,-25.16888]]}},{"type":"Feature","properties":{"n":"Rua Sete de Abril","h":"secondary"},"geometry":{"type":"LineString","coordinates":[[-49.31956,-25.17275],[-49.3207,-25.17199],[-49.32078,-25.17193]]}},{"type":"Feature","properties":{"n":"Rua Padre Ribeiro","h":"secondary"},"geometry":{"type":"LineString","coordinates":[[-49.31797,-25.18584],[-49.31815,-25.18569],[-49.31819,-25.18566],[-49.31854,-25.18541],[-49.31896,-25.18523],[-49.31927,-25.1851],[-49.31985,-25.18483]]}},{"type":"Feature","properties":{"n":"Rua Carlos Cavalcante","h":"tertiary"},"geometry":{"type":"LineString","coordinates":[[-49.31259,-25.19533],[-49.31252,-25.19558],[-49.31237,-25.19575],[-49.31221,-25.1959]]}},{"type":"Feature","properties":{"n":"Rua Manoel Borges de Macedo","h":"residential"},"geometry":{"type":"LineString","coordinates":[[-49.31259,-25.19533],[-49.31314,-25.1956]]}},{"type":"Feature","properties":{"n":"Avenida Ermirio de Moraes","h":"primary"},"geometry":{"type":"LineString","coordinates":[[-49.31314,-25.1956],[-49.31297,-25.19569],[-49.31221,-25.1959],[-49.31205,-25.19593],[-49.31188,-25.19602],[-49.31161,-25.19613],[-49.31128,-25.1963]]}},{"type":"Feature","properties":{"n":"Avenida Derson Costa","h":"secondary"},"geometry":{"type":"LineString","coordinates":[[-49.31291,-25.1923],[-49.31282,-25.19247],[-49.31258,-25.19293]]}},{"type":"Feature","properties":{"n":"Rua Sete de Abril","h":"secondary"},"geometry":{"type":"LineString","coordinates":[[-49.31929,-25.17286],[-49.31942,-25.1728]]}},{"type":"Feature","properties":{"n":"Rodovia dos Minérios","h":"primary"},"geometry":{"type":"LineString","coordinates":[[-49.30955,-25.21261],[-49.30956,-25.21256],[-49.30959,-25.2124],[-49.30972,-25.21152],[-49.30974,-25.21137],[-49.30991,-25.21091],[-49.31023,-25.21037],[-49.31083,-25.20955],[-49.31125,-25.20898],[-49.31139,-25.20875],[-49.31146,-25.20859],[-49.31152,-25.20843]]}},{"type":"Feature","properties":{"n":"Rodovia dos Minérios","h":"primary"},"geometry":{"type":"LineString","coordinates":[[-49.31152,-25.20843],[-49.31157,-25.20827],[-49.31163,-25.20795],[-49.31169,-25.20753],[-49.31173,-25.2071],[-49.31175,-25.20688],[-49.31173,-25.20667],[-49.3117,-25.20646],[-49.31163,-25.20623],[-49.3116,-25.20614],[-49.31156,-25.20603],[-49.3114,-25.20574],[-49.31077,-25.20479],[-49.31021,-25.20392],[-49.31008,-25.2037],[-49.30999,-25.20351],[-49.30988,-25.20328],[-49.30982,-25.20299],[-49.3098,-25.20279],[-49.30974,-25.20212],[-49.3097,-25.20168],[-49.30969,-25.20141],[-49.30969,-25.20119],[-49.30973,-25.20034],[-49.30974,-25.20021],[-49.30996,-25.19899],[-49.31006,-25.19831],[-49.3101,-25.1981],[-49.31012,-25.19793],[-49.31019,-25.19763],[-49.31025,-25.19741]]}},{"type":"Feature","properties":{"n":"Avenida Ermirio de Moraes","h":"primary"},"geometry":{"type":"LineString","coordinates":[[-49.32348,-25.19262],[-49.32347,-25.19308],[-49.32357,-25.19376],[-49.32361,-25.19395],[-49.32369,-25.1943]]}},{"type":"Feature","properties":{"n":"Avenida Ermirio de Moraes","h":"primary"},"geometry":{"type":"LineString","coordinates":[[-49.31465,-25.19503],[-49.31442,-25.19513],[-49.3143,-25.19515],[-49.314,-25.19524],[-49.31361,-25.19537],[-49.31314,-25.1956]]}},{"type":"Feature","properties":{"n":"Avenida Industrial","h":"primary"},"geometry":{"type":"LineString","coordinates":[[-49.32314,-25.19053],[-49.32333,-25.19068],[-49.32357,-25.19094],[-49.32373,-25.1913],[-49.32379,-25.1915],[-49.32381,-25.19171],[-49.32377,-25.19201],[-49.32348,-25.19262]]}},{"type":"Feature","properties":{"n":"Rodovia Gertrudes Manguer da Rosa","h":"secondary"},"geometry":{"type":"LineString","coordinates":[[-49.31964,-25.18445],[-49.31969,-25.18446]]}},{"type":"Feature","properties":{"n":"Rodovia Gertrudes Manguer da Rosa","h":"secondary"},"geometry":{"type":"LineString","coordinates":[[-49.3219,-25.18748],[-49.32227,-25.18765],[-49.32269,-25.18782],[-49.32311,-25.18797],[-49.32338,-25.18809],[-49.32344,-25.18814],[-49.32349,-25.18823],[-49.3235,-25.18831],[-49.32348,-25.18838],[-49.32346,-25.18845],[-49.32342,-25.18854],[-49.32336,-25.18866],[-49.32326,-25.18886],[-49.32317,-25.18907],[-49.32317,-25.1892],[-49.32318,-25.18929],[-49.32322,-25.18946],[-49.32325,-25.18959],[-49.32331,-25.18977],[-49.32331,-25.18994],[-49.32328,-25.19013],[-49.32321,-25.19038],[-49.32314,-25.19053]]}},{"type":"Feature","properties":{"n":"Avenida Ermirio de Moraes","h":"primary"},"geometry":{"type":"LineString","coordinates":[[-49.32186,-25.18981],[-49.32147,-25.18974],[-49.32111,-25.18978],[-49.32085,-25.18987],[-49.32059,-25.19003],[-49.32041,-25.19021]]}},{"type":"Feature","properties":{"n":"Rodovia Gertrudes Manguer da Rosa","h":"secondary"},"geometry":{"type":"LineString","coordinates":[[-49.32034,-25.16547],[-49.32034,-25.16565],[-49.32045,-25.16601],[-49.32102,-25.16768],[-49.32108,-25.16787],[-49.32117,-25.16808],[-49.32123,-25.16819],[-49.32129,-25.16827],[-49.32162,-25.16858],[-49.32168,-25.16865],[-49.32176,-25.16878],[-49.32179,-25.16884],[-49.32183,-25.16893],[-49.32185,-25.16905],[-49.32186,-25.16915],[-49.32186,-25.16933],[-49.32182,-25.1696],[-49.32179,-25.17006],[-49.32175,-25.17031],[-49.32172,-25.17052],[-49.32168,-25.17083],[-49.32161,-25.17113],[-49.32147,-25.17139]]}},{"type":"Feature","properties":{"n":"Rua Manoel Muller de Siqueira","h":"tertiary"},"geometry":{"type":"LineString","coordinates":[[-49.31058,-25.16819],[-49.31035,-25.16818]]}},{"type":"Feature","properties":{"n":"Rua Manoel Muller de Siqueira","h":"tertiary"},"geometry":{"type":"LineString","coordinates":[[-49.31035,-25.16818],[-49.31027,-25.16819],[-49.31018,-25.16821],[-49.30995,-25.16834]]}},{"type":"Feature","properties":{"n":"Rua Sete de Abril","h":"secondary"},"geometry":{"type":"LineString","coordinates":[[-49.31942,-25.1728],[-49.31956,-25.17275]]}},{"type":"Feature","properties":{"n":"Rua Manoel Muller de Siqueira","h":"tertiary"},"geometry":{"type":"LineString","coordinates":[[-49.31935,-25.17259],[-49.31909,-25.1723],[-49.3189,-25.17211],[-49.31878,-25.17204],[-49.31865,-25.17199],[-49.31857,-25.17196],[-49.31852,-25.17194],[-49.31832,-25.17189],[-49.31813,-25.17185],[-49.31796,-25.17182],[-49.31785,-25.17178],[-49.31774,-25.17172],[-49.31767,-25.17167],[-49.31764,-25.17164],[-49.31757,-25.17158],[-49.31749,-25.17152],[-49.3174,-25.17145],[-49.3173,-25.17137],[-49.31719,-25.17131],[-49.31712,-25.17124],[-49.31703,-25.17116],[-49.31694,-25.17105],[-49.31682,-25.17095],[-49.31666,-25.17086],[-49.31654,-25.17082],[-49.31641,-25.17075],[-49.31621,-25.17064],[-49.316,-25.17053]]}},{"type":"Feature","properties":{"n":"Rua Sete de Abril","h":"secondary"},"geometry":{"type":"LineString","coordinates":[[-49.31238,-25.1832],[-49.31243,-25.18303],[-49.31255,-25.1826],[-49.31253,-25.18246],[-49.31248,-25.18188],[-49.31252,-25.18153],[-49.3127,-25.18111],[-49.31282,-25.18096],[-49.31315,-25.18064],[-49.3132,-25.18053]]}},{"type":"Feature","properties":{"n":"Rua Sete de Abril","h":"secondary"},"geometry":{"type":"LineString","coordinates":[[-49.3132,-25.18053],[-49.31308,-25.18027],[-49.31296,-25.18012],[-49.31259,-25.17962],[-49.31257,-25.17957],[-49.31257,-25.17954]]}},{"type":"Feature","properties":{"n":"Rua Sete de Abril","h":"residential"},"geometry":{"type":"LineString","coordinates":[[-49.3132,-25.18053],[-49.31329,-25.18052],[-49.31371,-25.1804],[-49.31419,-25.18036],[-49.3146,-25.18039],[-49.3148,-25.18037],[-49.31549,-25.18021],[-49.3158,-25.18015],[-49.31628,-25.18006]]}},{"type":"Feature","properties":{"n":"Rua Padre Antônio Vieira","h":"residential"},"geometry":{"type":"LineString","coordinates":[[-49.31544,-25.17786],[-49.31567,-25.17848],[-49.31595,-25.17925],[-49.31628,-25.18006]]}},{"type":"Feature","properties":{"n":"Rua Açungui","h":"secondary"},"geometry":{"type":"LineString","coordinates":[[-49.31544,-25.17786],[-49.31565,-25.17783],[-49.31585,-25.17778],[-49.31601,-25.17772],[-49.31616,-25.17763],[-49.31628,-25.17752],[-49.31637,-25.17741],[-49.31652,-25.17728]]}},{"type":"Feature","properties":{"n":"Rodovia Gertrudes Manguer da Rosa","h":"secondary"},"geometry":{"type":"LineString","coordinates":[[-49.3184,-25.18341],[-49.31842,-25.18353],[-49.31851,-25.1837],[-49.31858,-25.18385],[-49.31868,-25.18399],[-49.31875,-25.18409],[-49.3189,-25.18421],[-49.31911,-25.18431],[-49.31931,-25.18437],[-49.31951,-25.18442],[-49.31959,-25.18444]]}},{"type":"Feature","properties":{"n":"Rua Padre Ribeiro","h":"secondary"},"geometry":{"type":"LineString","coordinates":[[-49.31766,-25.18609],[-49.31797,-25.18584]]}},{"type":"Feature","properties":{"n":"Rua Duque de Caxias","h":"tertiary"},"geometry":{"type":"LineString","coordinates":[[-49.31592,-25.18442],[-49.31598,-25.18448],[-49.3161,-25.18446],[-49.31657,-25.18431],[-49.31662,-25.18431],[-49.31666,-25.18433],[-49.31683,-25.18455],[-49.31707,-25.18483],[-49.31725,-25.18504],[-49.31737,-25.18523],[-49.31743,-25.18539],[-49.31747,-25.1855],[-49.31756,-25.18582],[-49.31766,-25.18609]]}},{"type":"Feature","properties":{"n":"Rua Venâncio da Silva","h":"residential"},"geometry":{"type":"LineString","coordinates":[[-49.31592,-25.18442],[-49.3161,-25.18394],[-49.31621,-25.18373]]}},{"type":"Feature","properties":{"n":"Rua Eduardo Alves Ribeiro","h":"residential"},"geometry":{"type":"LineString","coordinates":[[-49.30805,-25.18752],[-49.30776,-25.18746],[-49.30733,-25.18742]]}},{"type":"Feature","properties":{"n":"Avenida Brasil","h":"tertiary"},"geometry":{"type":"LineString","coordinates":[[-49.29855,-25.18625],[-49.29835,-25.18627],[-49.29822,-25.18625],[-49.29798,-25.18613]]}},{"type":"Feature","properties":{"n":"Estrada Antônio Fiorese","h":"tertiary"},"geometry":{"type":"LineString","coordinates":[[-49.28705,-25.20412],[-49.28703,-25.20378],[-49.28706,-25.20343],[-49.28712,-25.20324],[-49.2873,-25.20286],[-49.28731,-25.2027],[-49.28723,-25.20239],[-49.2872,-25.20224],[-49.28725,-25.20202],[-49.2874,-25.20155],[-49.28753,-25.20133],[-49.28761,-25.20121],[-49.28764,-25.20111],[-49.28763,-25.20096],[-49.28765,-25.20066],[-49.2877,-25.20047],[-49.28778,-25.20035],[-49.28787,-25.20027],[-49.28821,-25.20006],[-49.28851,-25.19982],[-49.28864,-25.19971],[-49.28896,-25.19942],[-49.28983,-25.19892],[-49.2906,-25.19844],[-49.29076,-25.19837],[-49.29092,-25.19833],[-49.29151,-25.19831],[-49.29207,-25.19834],[-49.29229,-25.1983],[-49.29237,-25.19827],[-49.29273,-25.19807],[-49.29286,-25.19794],[-49.29291,-25.19786],[-49.29298,-25.19768],[-49.29305,-25.19732],[-49.2931,-25.19719],[-49.29314,-25.19714],[-49.29325,-25.19703],[-49.29348,-25.1969],[-49.2936,-25.1968],[-49.29367,-25.19668],[-49.29368,-25.19661],[-49.29364,-25.19632],[-49.29363,-25.19613],[-49.29365,-25.19602],[-49.29373,-25.19592],[-49.294,-25.19577],[-49.29424,-25.19567],[-49.29464,-25.19554],[-49.29527,-25.19529],[-49.29547,-25.19521],[-49.29566,-25.19508],[-49.29603,-25.1948],[-49.29626,-25.1947],[-49.29642,-25.19465],[-49.2965,-25.19459],[-49.29668,-25.19429],[-49.2968,-25.19418],[-49.29695,-25.19413],[-49.29711,-25.19414],[-49.29733,-25.19418],[-49.29745,-25.19418],[-49.29757,-25.19416],[-49.29767,-25.19413],[-49.29783,-25.19404],[-49.29796,-25.19393],[-49.29827,-25.19366],[-49.29857,-25.19347]]}},{"type":"Feature","properties":{"n":"Rua Araça","h":"residential"},"geometry":{"type":"LineString","coordinates":[[-49.30358,-25.19649],[-49.30354,-25.19648],[-49.30351,-25.19645],[-49.30349,-25.19638]]}},{"type":"Feature","properties":{"n":"Rodovia dos Minérios","h":"primary"},"geometry":{"type":"LineString","coordinates":[[-49.31025,-25.19741],[-49.31031,-25.19723],[-49.31039,-25.19709],[-49.3105,-25.19696],[-49.31101,-25.19649]]}},{"type":"Feature","properties":{"n":"Rua Amazonas","h":"residential"},"geometry":{"type":"LineString","coordinates":[[-49.30329,-25.18791],[-49.30327,-25.18794]]}},{"type":"Feature","properties":{"n":"Rua Generoso Marques","h":"tertiary"},"geometry":{"type":"LineString","coordinates":[[-49.31286,-25.19226],[-49.31215,-25.19189],[-49.3119,-25.19176],[-49.31069,-25.19114]]}},{"type":"Feature","properties":{"n":"Rua Eduardo Alves Ribeiro","h":"residential"},"geometry":{"type":"LineString","coordinates":[[-49.30733,-25.18742],[-49.30708,-25.18751],[-49.30698,-25.18758],[-49.30693,-25.18767],[-49.30694,-25.18776],[-49.30699,-25.18786],[-49.30717,-25.18804],[-49.30729,-25.18818],[-49.30744,-25.18838]]}},{"type":"Feature","properties":{"n":"Rua Olavo Bilac","h":"residential"},"geometry":{"type":"LineString","coordinates":[[-49.31168,-25.18618],[-49.31121,-25.18664],[-49.31096,-25.18691]]}},{"type":"Feature","properties":{"n":"Rua Olavo Bilac","h":"residential"},"geometry":{"type":"LineString","coordinates":[[-49.31231,-25.1855],[-49.31226,-25.18555],[-49.31209,-25.18576],[-49.31181,-25.18605],[-49.31168,-25.18618]]}},{"type":"Feature","properties":{"n":"Rodovia dos Minérios","h":"primary"},"geometry":{"type":"LineString","coordinates":[[-49.31101,-25.19649],[-49.31113,-25.19639],[-49.31128,-25.1963]]}},{"type":"Feature","properties":{"n":"Rua Prefeito Octávio Furquim","h":"tertiary"},"geometry":{"type":"LineString","coordinates":[[-49.31101,-25.19649],[-49.31095,-25.19635],[-49.31091,-25.19625],[-49.3108,-25.19603],[-49.31071,-25.19589],[-49.31059,-25.19577],[-49.31034,-25.19559]]}},{"type":"Feature","properties":{"n":"Rua Prefeito José Pedroso de Moraes","h":"residential"},"geometry":{"type":"LineString","coordinates":[[-49.31043,-25.19],[-49.3099,-25.18999]]}},{"type":"Feature","properties":{"n":"Rua Prefeito José Pedroso de Moraes","h":"residential"},"geometry":{"type":"LineString","coordinates":[[-49.31129,-25.18587],[-49.31168,-25.18618]]}},{"type":"Feature","properties":{"n":"Rua Domingos Alessandro Nodari","h":"tertiary"},"geometry":{"type":"LineString","coordinates":[[-49.31246,-25.18531],[-49.3127,-25.18514],[-49.31309,-25.18483]]}},{"type":"Feature","properties":{"n":"Rua Padre Ribeiro","h":"secondary"},"geometry":{"type":"LineString","coordinates":[[-49.31561,-25.18735],[-49.31571,-25.1873],[-49.31587,-25.18721]]}},{"type":"Feature","properties":{"n":"Rua Padre Ribeiro","h":"secondary"},"geometry":{"type":"LineString","coordinates":[[-49.3163,-25.18694],[-49.31647,-25.18683],[-49.31689,-25.18659],[-49.31729,-25.18635],[-49.31766,-25.18609]]}},{"type":"Feature","properties":{"n":"Rua Benjamin Bontorin","h":"tertiary"},"geometry":{"type":"LineString","coordinates":[[-49.31621,-25.18804],[-49.31617,-25.18799]]}},{"type":"Feature","properties":{"n":"Avenida Ermirio de Moraes","h":"primary"},"geometry":{"type":"LineString","coordinates":[[-49.3197,-25.19092],[-49.31929,-25.19103],[-49.31872,-25.19117]]}},{"type":"Feature","properties":{"n":"Avenida Ermirio de Moraes","h":"primary"},"geometry":{"type":"LineString","coordinates":[[-49.3158,-25.19421],[-49.31538,-25.19455]]}},{"type":"Feature","properties":{"n":"Rua Parigot de Souza","h":"tertiary"},"geometry":{"type":"LineString","coordinates":[[-49.3158,-25.19421],[-49.31561,-25.1942],[-49.31538,-25.19415]]}},{"type":"Feature","properties":{"n":"Rua Flávio Johnsson","h":"residential"},"geometry":{"type":"LineString","coordinates":[[-49.31577,-25.1885],[-49.31568,-25.18847],[-49.31555,-25.18849],[-49.31528,-25.18861],[-49.31499,-25.18873]]}},{"type":"Feature","properties":{"n":"Avenida Ermirio de Moraes","h":"primary"},"geometry":{"type":"LineString","coordinates":[[-49.31538,-25.19455],[-49.31521,-25.19468],[-49.31505,-25.1948],[-49.31481,-25.19495],[-49.31465,-25.19503]]}},{"type":"Feature","properties":{"n":"Rua Carolina B. Zen de Cristo","h":"residential"},"geometry":{"type":"LineString","coordinates":[[-49.31522,-25.1923],[-49.31527,-25.192],[-49.3153,-25.19155],[-49.31537,-25.19082]]}},{"type":"Feature","properties":{"n":"Rua Parigot de Souza","h":"tertiary"},"geometry":{"type":"LineString","coordinates":[[-49.31522,-25.19252],[-49.31555,-25.19238],[-49.31561,-25.19234]]}},{"type":"Feature","properties":{"n":"Rua Elias Antônio","h":"residential"},"geometry":{"type":"LineString","coordinates":[[-49.31589,-25.19272],[-49.31529,-25.19313]]}},{"type":"Feature","properties":{"n":"Estrada Antônio Fiorese","h":"tertiary"},"geometry":{"type":"LineString","coordinates":[[-49.28103,-25.20608],[-49.28108,-25.206],[-49.28116,-25.20593],[-49.28129,-25.20584],[-49.28152,-25.20571],[-49.28195,-25.2055],[-49.28224,-25.20539],[-49.28247,-25.20535],[-49.28304,-25.20537],[-49.28337,-25.20533],[-49.28426,-25.20515],[-49.2843,-25.20514],[-49.28498,-25.2049],[-49.28518,-25.2048],[-49.28531,-25.20469],[-49.28559,-25.20441],[-49.28569,-25.20433],[-49.2861,-25.20414],[-49.28624,-25.2041],[-49.28634,-25.2041],[-49.28675,-25.20413],[-49.28705,-25.20412]]}},{"type":"Feature","properties":{"n":"Estrada Antônio Fiorese","h":"unclassified"},"geometry":{"type":"LineString","coordinates":[[-49.28103,-25.20608],[-49.28072,-25.20615],[-49.28017,-25.20621],[-49.27987,-25.20624],[-49.27972,-25.20626],[-49.27955,-25.20632],[-49.27931,-25.20643],[-49.27863,-25.20672],[-49.27848,-25.20675],[-49.27832,-25.20676],[-49.27813,-25.20677],[-49.2779,-25.20677],[-49.2777,-25.20679],[-49.27731,-25.20686],[-49.27668,-25.20699],[-49.27646,-25.207],[-49.27633,-25.20699],[-49.27624,-25.20693],[-49.27618,-25.20685],[-49.27575,-25.20606],[-49.2756,-25.20578],[-49.27551,-25.20569],[-49.2754,-25.20564],[-49.27529,-25.20559],[-49.27503,-25.20556],[-49.2747,-25.20554],[-49.27447,-25.20557],[-49.27417,-25.20566],[-49.27395,-25.2057],[-49.27346,-25.20575],[-49.27306,-25.20579],[-49.2729,-25.20584],[-49.27263,-25.20596],[-49.27242,-25.20617],[-49.27223,-25.20635],[-49.27201,-25.20656],[-49.27193,-25.20663],[-49.27183,-25.20667],[-49.27171,-25.20669],[-49.2716,-25.20668],[-49.27148,-25.20665],[-49.27137,-25.20656],[-49.2711,-25.20621],[-49.27062,-25.20568],[-49.27049,-25.20552],[-49.27012,-25.20479],[-49.26963,-25.20378],[-49.26953,-25.20365],[-49.26942,-25.20355],[-49.26925,-25.20344],[-49.26916,-25.20335],[-49.26887,-25.203],[-49.26878,-25.20287],[-49.26863,-25.2025],[-49.26845,-25.20211],[-49.26839,-25.20195],[-49.26832,-25.20152],[-49.26826,-25.20137],[-49.26812,-25.20112],[-49.26797,-25.20089],[-49.26761,-25.20053],[-49.26726,-25.20018],[-49.26707,-25.20001],[-49.26688,-25.19989],[-49.26655,-25.19966],[-49.26635,-25.19947],[-49.26628,-25.19937],[-49.26626,-25.19935],[-49.26602,-25.19875],[-49.26589,-25.19852],[-49.26569,-25.1982],[-49.26561,-25.19809],[-49.26547,-25.19793],[-49.26522,-25.19774],[-49.26506,-25.19763],[-49.26476,-25.1975],[-49.26463,-25.19746],[-49.26435,-25.19735],[-49.26397,-25.19715],[-49.26386,-25.1971],[-49.26373,-25.19707],[-49.26355,-25.19705],[-49.26332,-25.19705],[-49.26315,-25.197],[-49.26269,-25.19674],[-49.26241,-25.19661],[-49.26226,-25.19657],[-49.26201,-25.19656],[-49.2617,-25.19656],[-49.26153,-25.19654],[-49.26137,-25.19652],[-49.26121,-25.19644],[-49.26092,-25.19616],[-49.2608,-25.19612],[-49.26065,-25.19611],[-49.2605,-25.19612],[-49.26036,-25.19614],[-49.26023,-25.19614],[-49.26013,-25.1961],[-49.26005,-25.19598],[-49.25999,-25.19578],[-49.25994,-25.19555],[-49.25984,-25.19502],[-49.25982,-25.1949],[-49.25983,-25.1948],[-49.25996,-25.19442],[-49.2601,-25.194],[-49.26023,-25.1937],[-49.26027,-25.19358],[-49.2603,-25.19318],[-49.26033,-25.19302],[-49.26033,-25.19285],[-49.26031,-25.19273],[-49.26027,-25.19264],[-49.26016,-25.19248],[-49.25998,-25.19227],[-49.25969,-25.19199],[-49.25939,-25.19175],[-49.25872,-25.19127],[-49.25825,-25.19096],[-49.25795,-25.19071],[-49.25746,-25.19021],[-49.25731,-25.19005],[-49.25718,-25.18996],[-49.25699,-25.18987],[-49.2568,-25.18977],[-49.2565,-25.18948],[-49.25633,-25.18934],[-49.25619,-25.18926],[-49.25601,-25.18918],[-49.25585,-25.18908],[-49.25555,-25.18881],[-49.2554,-25.18865],[-49.25534,-25.18853],[-49.25532,-25.18841],[-49.25529,-25.18824],[-49.25532,-25.18777],[-49.25531,-25.18766],[-49.25528,-25.18753],[-49.25513,-25.18716],[-49.25502,-25.18699],[-49.25482,-25.18682],[-49.25449,-25.18653],[-49.25436,-25.18632],[-49.25424,-25.18608],[-49.25417,-25.18583],[-49.25414,-25.18566],[-49.25422,-25.18513],[-49.25427,-25.18494],[-49.25429,-25.18485],[-49.25428,-25.18477],[-49.25424,-25.1847],[-49.2541,-25.18454],[-49.25371,-25.18415],[-49.25354,-25.18392],[-49.25351,-25.18381],[-49.25351,-25.18372],[-49.25352,-25.18362],[-49.25352,-25.18354],[-49.25351,-25.18329],[-49.2535,-25.18315],[-49.25351,-25.18305],[-49.25356,-25.18292],[-49.25358,-25.1828],[-49.25356,-25.18266],[-49.25349,-25.18226],[-49.25348,-25.18188],[-49.25346,-25.18176],[-49.25341,-25.1816],[-49.25326,-25.18128],[-49.25303,-25.18043],[-49.25297,-25.18027],[-49.25285,-25.18006],[-49.25272,-25.17989],[-49.25263,-25.17977],[-49.25245,-25.17947],[-49.2523,-25.17925],[-49.25209,-25.1789],[-49.25203,-25.17876],[-49.25195,-25.17829],[-49.25191,-25.17821],[-49.2518,-25.17806],[-49.25175,-25.17794],[-49.25175,-25.17782],[-49.2518,-25.1776],[-49.25182,-25.17743],[-49.25181,-25.17711]]}},{"type":"Feature","properties":{"n":"Rua Araras","h":"unclassified"},"geometry":{"type":"LineString","coordinates":[[-49.26477,-25.21984],[-49.2645,-25.21997],[-49.26408,-25.22014],[-49.26345,-25.22065],[-49.26254,-25.22125],[-49.26241,-25.22142],[-49.26243,-25.22163],[-49.2627,-25.22202],[-49.26281,-25.2223],[-49.26298,-25.22366],[-49.26291,-25.22417],[-49.26261,-25.22462],[-49.26223,-25.22489],[-49.26173,-25.22511],[-49.26141,-25.22544],[-49.26123,-25.22598],[-49.2611,-25.2268],[-49.26095,-25.22708],[-49.26037,-25.22771],[-49.25983,-25.22797],[-49.25932,-25.22835],[-49.25917,-25.22857],[-49.25916,-25.22877],[-49.25938,-25.22925],[-49.25938,-25.22961],[-49.25925,-25.23],[-49.25878,-25.23086],[-49.25857,-25.23102],[-49.25779,-25.23137],[-49.25719,-25.23198],[-49.2569,-25.23233],[-49.25662,-25.23252],[-49.25631,-25.23259],[-49.25607,-25.23262],[-49.25583,-25.23266]]}},{"type":"Feature","properties":{"n":"Rua Antônio Fiorese","h":"residential"},"geometry":{"type":"LineString","coordinates":[[-49.29857,-25.19347],[-49.29897,-25.19317],[-49.29908,-25.19309],[-49.29917,-25.19298],[-49.29929,-25.19276],[-49.29943,-25.19249],[-49.29956,-25.19228],[-49.29979,-25.19198]]}},{"type":"Feature","properties":{"n":"Rua Jacarandá","h":"residential"},"geometry":{"type":"LineString","coordinates":[[-49.29899,-25.19397],[-49.29937,-25.19443]]}},{"type":"Feature","properties":{"n":"Rua Orlando Nodari","h":"residential"},"geometry":{"type":"LineString","coordinates":[[-49.29781,-25.1944],[-49.29808,-25.19468]]}},{"type":"Feature","properties":{"n":"Rua Orlando Nodari","h":"tertiary"},"geometry":{"type":"LineString","coordinates":[[-49.29808,-25.19468],[-49.29812,-25.19473],[-49.29828,-25.19493],[-49.29846,-25.19512],[-49.29861,-25.19532],[-49.29877,-25.1955],[-49.29916,-25.19591],[-49.29927,-25.19606]]}},{"type":"Feature","properties":{"n":"Rua Generoso Marques","h":"residential"},"geometry":{"type":"LineString","coordinates":[[-49.29927,-25.19606],[-49.29917,-25.19617],[-49.29905,-25.19626],[-49.29892,-25.19635],[-49.29889,-25.19637],[-49.29848,-25.1966],[-49.29831,-25.19669],[-49.29802,-25.19685]]}},{"type":"Feature","properties":{"n":"Estrada do Rio Abaixo","h":"tertiary"},"geometry":{"type":"LineString","coordinates":[[-49.36627,-25.16106],[-49.36635,-25.16123],[-49.36663,-25.16156],[-49.36673,-25.16197],[-49.36663,-25.16214],[-49.3663,-25.16237],[-49.36627,-25.16241],[-49.36626,-25.16249],[-49.36632,-25.16275],[-49.36634,-25.16288],[-49.36629,-25.16302],[-49.36616,-25.16311],[-49.36578,-25.16338],[-49.36525,-25.16377],[-49.36497,-25.16397],[-49.3647,-25.16408],[-49.3643,-25.16411],[-49.36388,-25.16415],[-49.36366,-25.16413],[-49.36353,-25.16408],[-49.36345,-25.16399],[-49.36323,-25.16377],[-49.36305,-25.1637],[-49.36287,-25.16369],[-49.36257,-25.16376],[-49.36213,-25.16398],[-49.36192,-25.16434],[-49.3619,-25.16456],[-49.36193,-25.16478],[-49.36206,-25.16521],[-49.36217,-25.16547],[-49.36237,-25.16569],[-49.36259,-25.16583],[-49.36262,-25.16592],[-49.36257,-25.16607],[-49.36253,-25.16613],[-49.36243,-25.1662],[-49.36189,-25.16642],[-49.36147,-25.16655],[-49.36111,-25.1668],[-49.36086,-25.16702],[-49.36032,-25.16731],[-49.35985,-25.16751],[-49.35957,-25.16765],[-49.35933,-25.1679],[-49.3589,-25.16849],[-49.35874,-25.16878],[-49.35869,-25.16984],[-49.3587,-25.17054],[-49.35871,-25.17104],[-49.3586,-25.17137],[-49.35838,-25.17163],[-49.35818,-25.1718],[-49.35792,-25.17192],[-49.35763,-25.17199],[-49.35731,-25.1719],[-49.35696,-25.17177],[-49.35639,-25.17174],[-49.35594,-25.17155],[-49.35538,-25.17154],[-49.35495,-25.17151],[-49.35455,-25.17142],[-49.35379,-25.1711],[-49.3533,-25.17109],[-49.35291,-25.17118],[-49.35248,-25.17135],[-49.3519,-25.17149],[-49.35175,-25.1715],[-49.35158,-25.17147],[-49.35143,-25.17132],[-49.35126,-25.17114],[-49.35115,-25.17093],[-49.35104,-25.17066],[-49.35082,-25.17053],[-49.35053,-25.17051],[-49.35028,-25.17058],[-49.34908,-25.17174],[-49.34863,-25.17223],[-49.34857,-25.17243],[-49.34854,-25.17271],[-49.34876,-25.1734],[-49.34897,-25.17397],[-49.34902,-25.17431],[-49.34897,-25.17463],[-49.34879,-25.17476],[-49.34854,-25.1749],[-49.34831,-25.17498],[-49.3474,-25.17509],[-49.34678,-25.17517],[-49.3462,-25.17523],[-49.3457,-25.17531],[-49.34553,-25.17537],[-49.34508,-25.17574],[-49.34431,-25.1763],[-49.34351,-25.17688],[-49.34313,-25.17719],[-49.34267,-25.1775],[-49.34229,-25.17769],[-49.34188,-25.17782],[-49.34118,-25.1781],[-49.34015,-25.17833],[-49.33872,-25.17861],[-49.33769,-25.17895],[-49.33729,-25.17942],[-49.33709,-25.17966],[-49.3364,-25.18023],[-49.33564,-25.18025],[-49.33537,-25.17969],[-49.33478,-25.1794],[-49.33459,-25.17927]]}},{"type":"Feature","properties":{"n":"Rodovia dos Minérios","h":"primary"},"geometry":{"type":"LineString","coordinates":[[-49.29692,-25.23354],[-49.29679,-25.23311],[-49.2967,-25.23274],[-49.29672,-25.23235],[-49.29681,-25.23195],[-49.29696,-25.23162],[-49.29721,-25.23117],[-49.2974,-25.23094],[-49.29762,-25.23073],[-49.29787,-25.23053],[-49.29826,-25.23023],[-49.29854,-25.23001],[-49.29883,-25.22975],[-49.29933,-25.2292],[-49.29948,-25.22898],[-49.2996,-25.2288],[-49.29987,-25.22837],[-49.30016,-25.22795],[-49.30049,-25.22746],[-49.30075,-25.22714],[-49.30105,-25.22673],[-49.3014,-25.22619],[-49.30192,-25.22544],[-49.3021,-25.22518],[-49.30247,-25.22451],[-49.30261,-25.22415],[-49.30275,-25.22362],[-49.30286,-25.22307],[-49.30298,-25.22212],[-49.30307,-25.22156],[-49.30313,-25.22115],[-49.30323,-25.22041],[-49.30324,-25.22023]]}},{"type":"Feature","properties":{"n":"Estrada da Ribeira","h":"primary"},"geometry":{"type":"LineString","coordinates":[[-49.09696,-24.95907],[-49.09698,-24.95919],[-49.09699,-24.95929],[-49.09694,-24.95943],[-49.09684,-24.9596],[-49.09669,-24.95973],[-49.09654,-24.95987],[-49.09637,-24.96002],[-49.09624,-24.96016],[-49.09617,-24.96035],[-49.09617,-24.96059],[-49.0962,-24.96083],[-49.09616,-24.96105],[-49.09605,-24.9612],[-49.09586,-24.96132],[-49.09558,-24.96133],[-49.0954,-24.96129],[-49.09522,-24.9612],[-49.09474,-24.96091],[-49.09454,-24.9608],[-49.09436,-24.96073],[-49.09423,-24.96071],[-49.09403,-24.96071],[-49.09385,-24.96078],[-49.09368,-24.96092],[-49.09353,-24.96112],[-49.09345,-24.96123],[-49.09334,-24.96132],[-49.09319,-24.96137],[-49.09272,-24.9615],[-49.09255,-24.96157],[-49.09239,-24.96165],[-49.09211,-24.96185],[-49.09196,-24.96193],[-49.09182,-24.96196],[-49.09159,-24.96196],[-49.09111,-24.96192],[-49.09097,-24.96191],[-49.09079,-24.96194],[-49.09061,-24.962],[-49.09047,-24.9621],[-49.09038,-24.96221],[-49.09029,-24.96237],[-49.09026,-24.96253],[-49.0903,-24.96293],[-49.09031,-24.96302],[-49.09032,-24.96326],[-49.09027,-24.96343],[-49.09015,-24.9636],[-49.08998,-24.9637],[-49.08952,-24.96388],[-49.08938,-24.96394],[-49.0893,-24.96402],[-49.08919,-24.96417],[-49.08899,-24.96461],[-49.08894,-24.96469],[-49.08888,-24.96474],[-49.08874,-24.96483],[-49.08817,-24.96495],[-49.0879,-24.965],[-49.08775,-24.96509],[-49.08766,-24.96518],[-49.0876,-24.96533],[-49.08757,-24.96563],[-49.08754,-24.96599],[-49.08747,-24.96622],[-49.08733,-24.96637],[-49.0871,-24.9665],[-49.08693,-24.96656],[-49.08675,-24.96656],[-49.08656,-24.96655],[-49.08617,-24.9665],[-49.08603,-24.96651],[-49.08582,-24.96658],[-49.08566,-24.96674],[-49.08557,-24.96691],[-49.08553,-24.96708],[-49.08561,-24.96734],[-49.08569,-24.96771],[-49.08575,-24.9679],[-49.08577,-24.96808],[-49.08578,-24.9683],[-49.08569,-24.96866],[-49.08568,-24.96882],[-49.08572,-24.96896],[-49.08598,-24.9693],[-49.08609,-24.96949],[-49.08614,-24.96965],[-49.08612,-24.96981],[-49.08575,-24.97072],[-49.08566,-24.971],[-49.08562,-24.9713],[-49.0856,-24.97149],[-49.08553,-24.97199],[-49.08552,-24.97207],[-49.08541,-24.97282],[-49.08539,-24.97294],[-49.08538,-24.97309],[-49.08539,-24.97318],[-49.08539,-24.9733],[-49.08548,-24.97353],[-49.08576,-24.97427],[-49.08582,-24.97452],[-49.08578,-24.97476],[-49.08566,-24.97493],[-49.08553,-24.97502],[-49.08512,-24.97514],[-49.08469,-24.97519],[-49.08456,-24.97527],[-49.08446,-24.97539],[-49.08444,-24.97548],[-49.08444,-24.97567],[-49.0845,-24.97596],[-49.0846,-24.97631],[-49.08459,-24.97645],[-49.08457,-24.97664],[-49.08448,-24.97689],[-49.08435,-24.97706],[-49.08423,-24.97722],[-49.08407,-24.97735],[-49.08388,-24.97748],[-49.08374,-24.97757],[-49.08365,-24.97763],[-49.08357,-24.97772],[-49.08355,-24.97779],[-49.08356,-24.97784],[-49.08358,-24.97794],[-49.08372,-24.97817],[-49.08383,-24.97827],[-49.08404,-24.97836],[-49.08435,-24.97847],[-49.08439,-24.97848],[-49.08456,-24.97855],[-49.08476,-24.97858],[-49.08501,-24.97866],[-49.08507,-24.97868],[-49.08556,-24.97879],[-49.08567,-24.97885],[-49.08594,-24.97899],[-49.08611,-24.97913],[-49.08626,-24.97927],[-49.08668,-24.97981],[-49.08689,-24.98015],[-49.08741,-24.98116],[-49.08747,-24.98138],[-49.08741,-24.98162],[-49.08725,-24.98188],[-49.08716,-24.98209],[-49.08713,-24.9823],[-49.08717,-24.98297],[-49.08712,-24.98337],[-49.08709,-24.98366],[-49.08702,-24.98397],[-49.08689,-24.98423],[-49.08684,-24.98433],[-49.08658,-24.98479],[-49.08649,-24.98501],[-49.08652,-24.98535],[-49.08684,-24.98682],[-49.08684,-24.98698],[-49.0868,-24.98713],[-49.08676,-24.9873],[-49.08624,-24.98887],[-49.08629,-24.98922],[-49.08637,-24.98943],[-49.08653,-24.98963],[-49.08679,-24.98995],[-49.08687,-24.99016],[-49.08686,-24.99044],[-49.08672,-24.99073],[-49.08635,-24.9914],[-49.08622,-24.99167],[-49.0862,-24.99195],[-49.08634,-24.99376],[-49.08662,-24.99495],[-49.08659,-24.99518],[-49.08645,-24.99538],[-49.08631,-24.99549],[-49.08608,-24.99556],[-49.0857,-24.99558],[-49.08553,-24.99563],[-49.08531,-24.99583],[-49.08503,-24.99621],[-49.08486,-24.99629],[-49.08464,-24.99632],[-49.08439,-24.99627],[-49.0842,-24.99615],[-49.08403,-24.99605],[-49.08387,-24.996],[-49.08361,-24.99597],[-49.08337,-24.99601],[-49.08315,-24.99612],[-49.08299,-24.99623],[-49.08279,-24.99647],[-49.08258,-24.9967],[-49.08241,-24.99682],[-49.08102,-24.99728],[-49.08071,-24.99729],[-49.08042,-24.99726],[-49.08026,-24.99729],[-49.08011,-24.99735],[-49.08,-24.99744],[-49.07992,-24.99765],[-49.07994,-24.99786],[-49.08059,-24.99945],[-49.0806,-24.99971],[-49.0805,-24.99993],[-49.07994,-25.0006],[-49.07986,-25.00075],[-49.07984,-25.00106],[-49.07973,-25.00295],[-49.07969,-25.00323],[-49.07959,-25.00341],[-49.07943,-25.00369],[-49.07935,-25.00396],[-49.07935,-25.00417],[-49.07942,-25.0044],[-49.07977,-25.00526],[-49.0798,-25.00555],[-49.07978,-25.00583],[-49.07913,-25.00859],[-49.07915,-25.00886],[-49.07983,-25.01088],[-49.07993,-25.01123],[-49.07995,-25.01153],[-49.07991,-25.01184],[-49.079,-25.01518],[-49.07889,-25.01535],[-49.07866,-25.0155],[-49.07479,-25.01814],[-49.07462,-25.01834],[-49.07457,-25.01849],[-49.07444,-25.01975],[-49.07431,-25.02015],[-49.07408,-25.02078],[-49.07391,-25.02097],[-49.07372,-25.02124],[-49.0737,-25.02148],[-49.07389,-25.02202],[-49.07388,-25.02376],[-49.07378,-25.02393],[-49.07357,-25.0241],[-49.07324,-25.02427],[-49.073,-25.02445],[-49.07293,-25.02469],[-49.07297,-25.02497],[-49.07443,-25.02751],[-49.07482,-25.02819],[-49.07497,-25.02845],[-49.07519,-25.02879],[-49.07537,-25.0291],[-49.07565,-25.02953],[-49.07572,-25.02982],[-49.07564,-25.03001],[-49.07556,-25.0302],[-49.0724,-25.03501],[-49.07234,-25.03516],[-49.07233,-25.03533],[-49.07244,-25.03556],[-49.07362,-25.03679],[-49.07373,-25.03696],[-49.07378,-25.03711],[-49.07376,-25.03743],[-49.07359,-25.03825],[-49.07358,-25.03851],[-49.0737,-25.03874],[-49.07393,-25.03897],[-49.07839,-25.04212],[-49.07891,-25.0424],[-49.07943,-25.04254],[-49.08028,-25.04264],[-49.08172,-25.04283],[-49.08232,-25.04292],[-49.08279,-25.04306],[-49.08354,-25.04338],[-49.08656,-25.045],[-49.08731,-25.04525],[-49.08753,-25.04536],[-49.08763,-25.04553],[-49.08771,-25.04574],[-49.08769,-25.04597],[-49.08657,-25.04889],[-49.08649,-25.04914],[-49.0864,-25.04938],[-49.08625,-25.04972],[-49.08612,-25.05006],[-49.08614,-25.05027],[-49.08627,-25.05048],[-49.08643,-25.05058],[-49.08665,-25.05059],[-49.08712,-25.05048],[-49.08745,-25.05051],[-49.08764,-25.05066],[-49.08773,-25.0509],[-49.08775,-25.05118],[-49.08773,-25.05161],[-49.08765,-25.05217],[-49.08765,-25.0523],[-49.08768,-25.05248],[-49.08781,-25.05272],[-49.08794,-25.05302],[-49.08796,-25.05318],[-49.08794,-25.05335],[-49.08768,-25.05428],[-49.08752,-25.05453],[-49.08728,-25.05469],[-49.08574,-25.05552],[-49.08534,-25.05579],[-49.08503,-25.05608],[-49.08449,-25.05671],[-49.08407,-25.05722],[-49.08368,-25.05774],[-49.08343,-25.05802],[-49.08323,-25.05817],[-49.08295,-25.05825],[-49.0827,-25.05834],[-49.08251,-25.05843],[-49.08238,-25.05861],[-49.08236,-25.05879],[-49.0824,-25.05898],[-49.0825,-25.05915],[-49.0827,-25.05924],[-49.0829,-25.05925],[-49.08313,-25.05912],[-49.0834,-25.05881],[-49.08351,-25.05867],[-49.08375,-25.0585],[-49.08425,-25.0584],[-49.08465,-25.05838],[-49.08583,-25.05886],[-49.08611,-25.05904],[-49.08621,-25.05929],[-49.0862,-25.05952],[-49.08607,-25.06041],[-49.08604,-25.06067],[-49.08609,-25.06082],[-49.08628,-25.06099],[-49.08683,-25.06114],[-49.08744,-25.06111],[-49.08809,-25.06121],[-49.0885,-25.06131],[-49.08884,-25.06157],[-49.08896,-25.06188],[-49.0889,-25.06221],[-49.08882,-25.06273],[-49.08893,-25.06314],[-49.08914,-25.06336],[-49.08946,-25.06357],[-49.08964,-25.06377],[-49.08973,-25.064],[-49.08972,-25.06423],[-49.08968,-25.06464],[-49.08979,-25.06488],[-49.08993,-25.06506],[-49.09038,-25.06533],[-49.09055,-25.06558],[-49.09058,-25.06591],[-49.09052,-25.06644],[-49.09047,-25.06678],[-49.09032,-25.06706],[-49.09004,-25.06732],[-49.08876,-25.06846],[-49.08842,-25.06883],[-49.0883,-25.0691],[-49.08832,-25.06936],[-49.08839,-25.06958],[-49.08852,-25.06974],[-49.08903,-25.06999],[-49.08924,-25.07014],[-49.0897,-25.07106],[-49.08984,-25.07132],[-49.08982,-25.07157],[-49.08969,-25.07199],[-49.08938,-25.07245],[-49.08911,-25.07285],[-49.08902,-25.07326],[-49.08902,-25.07349],[-49.08913,-25.07375],[-49.08926,-25.07403],[-49.08923,-25.07425],[-49.08845,-25.07574],[-49.08823,-25.07605],[-49.08776,-25.07656],[-49.08727,-25.07712],[-49.08696,-25.07745],[-49.08594,-25.07866],[-49.08536,-25.07935],[-49.08457,-25.08085],[-49.08441,-25.08136],[-49.08441,-25.08162],[-49.0845,-25.08186],[-49.08472,-25.08205],[-49.08549,-25.08239],[-49.08607,-25.08269],[-49.08632,-25.08283],[-49.08659,-25.08285],[-49.08689,-25.08281],[-49.08711,-25.08272],[-49.08753,-25.08239],[-49.08768,-25.08232],[-49.08791,-25.0823],[-49.08813,-25.08235],[-49.08834,-25.08248],[-49.0886,-25.08326],[-49.08869,-25.0835],[-49.08884,-25.08365],[-49.08907,-25.08376],[-49.0894,-25.08386],[-49.08967,-25.08395],[-49.09071,-25.08433],[-49.09105,-25.08456],[-49.09117,-25.08469],[-49.09123,-25.08482],[-49.09122,-25.08505],[-49.09111,-25.08526],[-49.09083,-25.08582],[-49.09077,-25.0861],[-49.09085,-25.08638],[-49.09109,-25.08686],[-49.09115,-25.0871],[-49.09118,-25.0873],[-49.09121,-25.08759],[-49.09128,-25.08779],[-49.0914,-25.08799],[-49.0916,-25.08815],[-49.09245,-25.08868],[-49.09267,-25.08883],[-49.09281,-25.08898],[-49.0929,-25.08935],[-49.09293,-25.0897],[-49.09302,-25.08988],[-49.09314,-25.09001],[-49.0933,-25.09014],[-49.09358,-25.09022],[-49.09409,-25.09029],[-49.09434,-25.09041],[-49.09459,-25.09063],[-49.0951,-25.09099],[-49.09528,-25.09114],[-49.09534,-25.09131],[-49.09531,-25.09157],[-49.09524,-25.09211],[-49.09526,-25.09228],[-49.09533,-25.09236],[-49.09557,-25.09251],[-49.09602,-25.09266],[-49.09621,-25.09276],[-49.09634,-25.09289],[-49.0964,-25.09311],[-49.09639,-25.09354],[-49.09599,-25.09612],[-49.09585,-25.09701],[-49.09589,-25.09804],[-49.09592,-25.09824],[-49.09604,-25.09849],[-49.09657,-25.09941],[-49.09674,-25.09964],[-49.097,-25.09978],[-49.0973,-25.09988],[-49.09876,-25.0999],[-49.0991,-25.09982],[-49.0998,-25.09946],[-49.10006,-25.09942],[-49.10034,-25.09943],[-49.10097,-25.0996],[-49.10116,-25.09962],[-49.10153,-25.09956],[-49.10168,-25.09956],[-49.10185,-25.09958],[-49.10228,-25.09975],[-49.10254,-25.0998],[-49.10271,-25.09978],[-49.10283,-25.09973],[-49.10296,-25.09961],[-49.10303,-25.09944],[-49.10311,-25.09906],[-49.10318,-25.0989],[-49.10331,-25.09878],[-49.10347,-25.09872],[-49.10366,-25.0987],[-49.10388,-25.09878],[-49.1042,-25.09898],[-49.10482,-25.09941],[-49.1051,-25.09958],[-49.10537,-25.09964],[-49.10635,-25.09963],[-49.10654,-25.09965],[-49.10669,-25.09971],[-49.10691,-25.09989],[-49.10713,-25.10009],[-49.10725,-25.10017],[-49.10745,-25.10017],[-49.10787,-25.10009],[-49.10809,-25.10009],[-49.10828,-25.10015],[-49.10843,-25.10027],[-49.10851,-25.10047],[-49.10852,-25.10075],[-49.10853,-25.10103],[-49.10859,-25.10125],[-49.1087,-25.10137],[-49.10889,-25.10147],[-49.10935,-25.10157],[-49.10965,-25.10165],[-49.1099,-25.10176],[-49.11009,-25.10188],[-49.1103,-25.10196],[-49.11051,-25.10199],[-49.11071,-25.10197],[-49.11101,-25.1019],[-49.11127,-25.10192],[-49.11148,-25.10204],[-49.11218,-25.10249],[-49.11234,-25.10268],[-49.11235,-25.10293],[-49.11201,-25.10356],[-49.11204,-25.10367],[-49.11229,-25.10411],[-49.11235,-25.10429],[-49.11234,-25.1044],[-49.11229,-25.10455],[-49.11218,-25.10468],[-49.11198,-25.10478],[-49.11175,-25.10486],[-49.11145,-25.10495],[-49.11119,-25.10503],[-49.11076,-25.10521],[-49.11049,-25.10534],[-49.1104,-25.10544],[-49.11037,-25.10554],[-49.11029,-25.10605],[-49.11019,-25.10623],[-49.10987,-25.10656],[-49.1096,-25.10675],[-49.10929,-25.10688],[-49.10889,-25.10701],[-49.10868,-25.10714],[-49.10794,-25.10779],[-49.10761,-25.10807],[-49.10744,-25.10826],[-49.1073,-25.10867],[-49.10716,-25.10898],[-49.10694,-25.10915],[-49.10668,-25.10924],[-49.10645,-25.10922],[-49.10625,-25.10914],[-49.10581,-25.10869],[-49.10567,-25.10857],[-49.10551,-25.10852],[-49.10442,-25.10848],[-49.10424,-25.10847],[-49.10412,-25.10848],[-49.10402,-25.10852],[-49.10352,-25.10902],[-49.1021,-25.11056],[-49.10194,-25.11069],[-49.10178,-25.11076],[-49.10159,-25.11081],[-49.10119,-25.11086],[-49.101,-25.11089],[-49.10086,-25.11094],[-49.10014,-25.11153],[-49.09976,-25.11189],[-49.09967,-25.11202],[-49.09962,-25.11218],[-49.09961,-25.11247],[-49.09965,-25.11287],[-49.09971,-25.1136],[-49.09983,-25.11417],[-49.09986,-25.11427],[-49.09989,-25.11435],[-49.10024,-25.11489],[-49.10029,-25.11508],[-49.10027,-25.11527],[-49.10019,-25.11551],[-49.09972,-25.11613],[-49.0996,-25.11625],[-49.09947,-25.11634],[-49.09853,-25.11683],[-49.09831,-25.11701],[-49.09817,-25.11722],[-49.09805,-25.1176],[-49.09803,-25.11769],[-49.09785,-25.11803],[-49.09759,-25.11839],[-49.09753,-25.11853],[-49.09748,-25.11868],[-49.09746,-25.1191],[-49.09743,-25.11923],[-49.09737,-25.11936],[-49.09724,-25.11954],[-49.09687,-25.11982],[-49.09622,-25.1202],[-49.09602,-25.12026],[-49.09575,-25.12029],[-49.09542,-25.12033],[-49.09524,-25.12039],[-49.0951,-25.12048],[-49.09503,-25.12063],[-49.09503,-25.12081],[-49.09511,-25.121],[-49.09528,-25.12113],[-49.09549,-25.12123],[-49.09595,-25.12131],[-49.09631,-25.12137],[-49.09683,-25.12141],[-49.09694,-25.1214],[-49.09706,-25.12135],[-49.09739,-25.12111],[-49.09782,-25.12084],[-49.09793,-25.12076],[-49.09804,-25.12068],[-49.0986,-25.12017],[-49.09877,-25.11999],[-49.09894,-25.11982],[-49.09911,-25.11969],[-49.09939,-25.11958],[-49.09971,-25.11956],[-49.10026,-25.11958],[-49.10046,-25.1196],[-49.10061,-25.11965],[-49.10074,-25.11975],[-49.10085,-25.11987],[-49.10087,-25.11997],[-49.10089,-25.12011],[-49.10085,-25.12023],[-49.10073,-25.12038],[-49.10029,-25.12079],[-49.10022,-25.12087],[-49.10015,-25.12097],[-49.09943,-25.12244],[-49.09938,-25.1226],[-49.09937,-25.12277],[-49.09939,-25.12295],[-49.09974,-25.12402],[-49.09984,-25.12429],[-49.09993,-25.12441],[-49.10008,-25.1245],[-49.10066,-25.12481],[-49.10076,-25.12492],[-49.10079,-25.12505],[-49.10077,-25.12521],[-49.1006,-25.12575],[-49.10061,-25.12588],[-49.10068,-25.126],[-49.10237,-25.12741],[-49.10244,-25.12754],[-49.10247,-25.12765],[-49.1025,-25.12791],[-49.10254,-25.12834],[-49.10265,-25.12859],[-49.10282,-25.12873],[-49.1034,-25.12902],[-49.10348,-25.12909],[-49.10354,-25.12918],[-49.10358,-25.12928],[-49.10362,-25.12944],[-49.10363,-25.12975],[-49.10366,-25.12991],[-49.10373,-25.13002],[-49.10385,-25.13013],[-49.10415,-25.13038],[-49.10446,-25.13083],[-49.10452,-25.13098],[-49.10459,-25.13114],[-49.1046,-25.13131],[-49.10455,-25.13152],[-49.10444,-25.13183],[-49.10442,-25.13201],[-49.10442,-25.13218],[-49.10469,-25.13288],[-49.10472,-25.133],[-49.10473,-25.13313],[-49.10469,-25.13326],[-49.10434,-25.13402],[-49.10422,-25.13438],[-49.10418,-25.13461],[-49.10416,-25.13483],[-49.10404,-25.13526],[-49.10395,-25.1355],[-49.10381,-25.13575],[-49.10374,-25.13584],[-49.10365,-25.13595],[-49.10298,-25.13656],[-49.10292,-25.13666],[-49.1029,-25.13678],[-49.10291,-25.13692],[-49.10299,-25.13705],[-49.10311,-25.13714],[-49.10331,-25.13721],[-49.10365,-25.13729],[-49.10375,-25.13732],[-49.10385,-25.13737],[-49.10394,-25.13743],[-49.10422,-25.13771],[-49.10433,-25.13785],[-49.10445,-25.13796],[-49.10469,-25.13806],[-49.10492,-25.13806],[-49.10515,-25.13796],[-49.10546,-25.13782],[-49.10577,-25.1377],[-49.10605,-25.1377],[-49.10628,-25.13773],[-49.1065,-25.13783],[-49.10674,-25.13801],[-49.10692,-25.13822],[-49.10696,-25.13846],[-49.10693,-25.13862],[-49.10664,-25.13899],[-49.10646,-25.1392],[-49.10634,-25.1394],[-49.10626,-25.13987],[-49.10619,-25.14006],[-49.10567,-25.14097],[-49.10548,-25.1414],[-49.10541,-25.14167],[-49.10539,-25.14194],[-49.10547,-25.14234],[-49.10602,-25.14348],[-49.10619,-25.14375],[-49.10635,-25.14409],[-49.10652,-25.1446],[-49.10677,-25.14526],[-49.10688,-25.14546],[-49.10704,-25.14567],[-49.10908,-25.14764],[-49.10923,-25.1478],[-49.1093,-25.14799],[-49.10929,-25.14819],[-49.1092,-25.14835],[-49.10908,-25.14845],[-49.10893,-25.14864],[-49.1088,-25.14884],[-49.10877,-25.14897],[-49.10875,-25.14922],[-49.10876,-25.14974],[-49.10881,-25.14988],[-49.10889,-25.14997],[-49.10927,-25.15018],[-49.1095,-25.15035],[-49.10968,-25.15057],[-49.10995,-25.15103],[-49.11048,-25.15211],[-49.11059,-25.15235],[-49.11083,-25.15294],[-49.11105,-25.15365],[-49.11111,-25.15391],[-49.11111,-25.15412],[-49.11081,-25.15491],[-49.11074,-25.15519],[-49.11074,-25.15538],[-49.11076,-25.15555],[-49.11087,-25.15589],[-49.11103,-25.15636],[-49.11116,-25.15677],[-49.1113,-25.15703],[-49.11146,-25.15718],[-49.11173,-25.15734],[-49.11203,-25.15753],[-49.1123,-25.15777],[-49.11249,-25.15795],[-49.11261,-25.15813],[-49.11332,-25.15968],[-49.11344,-25.15998],[-49.11352,-25.16027],[-49.11344,-25.16082],[-49.11333,-25.16155],[-49.11322,-25.16229],[-49.1131,-25.16294],[-49.11298,-25.1638],[-49.11283,-25.16535],[-49.11279,-25.16555],[-49.11277,-25.16575],[-49.11278,-25.16609],[-49.11298,-25.16658],[-49.11304,-25.16677],[-49.11313,-25.16697],[-49.11328,-25.16722],[-49.11338,-25.16735],[-49.11352,-25.16747],[-49.11365,-25.16756],[-49.11377,-25.16764],[-49.11394,-25.1677],[-49.11424,-25.16781],[-49.11448,-25.16791],[-49.11471,-25.16812],[-49.1148,-25.16835],[-49.11479,-25.16861],[-49.11471,-25.16883],[-49.11451,-25.16922],[-49.11407,-25.16984]]}},{"type":"Feature","properties":{"n":"Rua Belmiro Gouveia","h":"tertiary"},"geometry":{"type":"LineString","coordinates":[[-49.32359,-25.20487],[-49.32365,-25.20482],[-49.32376,-25.20477],[-49.32388,-25.20475],[-49.32399,-25.20473],[-49.32412,-25.20469],[-49.32425,-25.20464],[-49.32436,-25.2046],[-49.32441,-25.20457],[-49.32446,-25.20452],[-49.3245,-25.20439],[-49.3245,-25.20423],[-49.32452,-25.20406],[-49.32456,-25.20385]]}},{"type":"Feature","properties":{"n":"Rua Machado de Assis","h":"residential"},"geometry":{"type":"LineString","coordinates":[[-49.3222,-25.20365],[-49.32205,-25.20347]]}},{"type":"Feature","properties":{"n":"Rua Luiz Machioro","h":"residential"},"geometry":{"type":"LineString","coordinates":[[-49.31649,-25.20209],[-49.31714,-25.20173]]}},{"type":"Feature","properties":{"n":"Avenida Nossa Senhora do Amparo","h":"service"},"geometry":{"type":"LineString","coordinates":[[-49.31621,-25.20224],[-49.3162,-25.20235],[-49.31623,-25.20244],[-49.31626,-25.2025],[-49.3163,-25.20255],[-49.31635,-25.20258],[-49.31647,-25.20261],[-49.31672,-25.20262],[-49.31676,-25.20262],[-49.31684,-25.20263],[-49.31697,-25.20264]]}},{"type":"Feature","properties":{"n":"Rua Ana Cristo","h":"residential"},"geometry":{"type":"LineString","coordinates":[[-49.31757,-25.20233],[-49.31785,-25.20266],[-49.31794,-25.20278]]}},{"type":"Feature","properties":{"n":"Rua Santa Mônica","h":"residential"},"geometry":{"type":"LineString","coordinates":[[-49.31785,-25.20266],[-49.31813,-25.20243]]}},{"type":"Feature","properties":{"n":"Avenida Nossa Senhora do Amparo","h":"tertiary"},"geometry":{"type":"LineString","coordinates":[[-49.31941,-25.20489],[-49.31924,-25.20491],[-49.31906,-25.20485],[-49.31891,-25.20474],[-49.3184,-25.20424]]}},{"type":"Feature","properties":{"n":"Rua das Rosas","h":"residential"},"geometry":{"type":"LineString","coordinates":[[-49.30934,-25.16903],[-49.30866,-25.16932],[-49.30852,-25.16933]]}},{"type":"Feature","properties":{"n":"Rua Rodrigues Alves","h":"residential"},"geometry":{"type":"LineString","coordinates":[[-49.32267,-25.20332],[-49.32217,-25.20297]]}},{"type":"Feature","properties":{"n":"Rua Três","h":"track"},"geometry":{"type":"LineString","coordinates":[[-49.30333,-25.18341],[-49.3032,-25.18327],[-49.30313,-25.18304],[-49.30306,-25.18292],[-49.30264,-25.18247],[-49.30239,-25.18216]]}},{"type":"Feature","properties":{"n":"Rua Domingos Alessandro Nodari","h":"tertiary"},"geometry":{"type":"LineString","coordinates":[[-49.31309,-25.18483],[-49.31333,-25.18466],[-49.31357,-25.18444],[-49.31376,-25.18428],[-49.31393,-25.18413],[-49.31412,-25.18395],[-49.31431,-25.18385],[-49.31437,-25.18383]]}},{"type":"Feature","properties":{"n":"Rua Manoel Pinto Ferro","h":"tertiary"},"geometry":{"type":"LineString","coordinates":[[-49.31069,-25.19114],[-49.31115,-25.19118],[-49.31162,-25.19117],[-49.31191,-25.19113]]}},{"type":"Feature","properties":{"n":"Rua Generoso Marques","h":"tertiary"},"geometry":{"type":"LineString","coordinates":[[-49.31069,-25.19114],[-49.31049,-25.19109],[-49.31036,-25.19107],[-49.31023,-25.19108]]}},{"type":"Feature","properties":{"n":"Rua da ESCOLA.","h":"residential"},"geometry":{"type":"LineString","coordinates":[[-49.30389,-25.18304],[-49.30484,-25.18428],[-49.30465,-25.18447]]}}],"limite_ring":[[-49.09391,-25.07414],[-49.09392,-25.07886],[-49.09409,-25.07906],[-49.09433,-25.07943],[-49.09439,-25.07962],[-49.09445,-25.07979],[-49.09453,-25.08002],[-49.09454,-25.08032],[-49.0946,-25.08057],[-49.0948,-25.08075],[-49.095,-25.08083],[-49.09512,-25.08087],[-49.09541,-25.08099],[-49.09577,-25.08118],[-49.09587,-25.08129],[-49.09599,-25.08148],[-49.09613,-25.08171],[-49.09627,-25.08191],[-49.09645,-25.08197],[-49.09661,-25.08195],[-49.0968,-25.08175],[-49.097,-25.08155],[-49.09739,-25.08142],[-49.09801,-25.08127],[-49.09842,-25.08127],[-49.09871,-25.08129],[-49.09911,-25.08147],[-49.0993,-25.08169],[-49.09948,-25.0818],[-49.09979,-25.08186],[-49.10032,-25.08214],[-49.1006,-25.08219],[-49.10095,-25.08224],[-49.10115,-25.08232],[-49.10132,-25.08239],[-49.10138,-25.08268],[-49.10134,-25.08306],[-49.10125,-25.08331],[-49.10124,-25.08371],[-49.10132,-25.08389],[-49.10144,-25.08403],[-49.10163,-25.08414],[-49.102,-25.0841],[-49.10253,-25.08401],[-49.10335,-25.08368],[-49.10365,-25.08355],[-49.10433,-25.08345],[-49.1047,-25.08345],[-49.10496,-25.08318],[-49.10502,-25.08292],[-49.105,-25.08275],[-49.10489,-25.08232],[-49.10504,-25.08222],[-49.10534,-25.08217],[-49.10569,-25.08211],[-49.10657,-25.0822],[-49.10758,-25.08237],[-49.1079,-25.0824],[-49.10813,-25.08238],[-49.10836,-25.08248],[-49.1083,-25.08269],[-49.10823,-25.08298],[-49.10827,-25.0832],[-49.1083,-25.08334],[-49.10841,-25.08371],[-49.10849,-25.08402],[-49.10869,-25.08428],[-49.1091,-25.08463],[-49.10944,-25.08474],[-49.10993,-25.08488],[-49.11094,-25.08519],[-49.11146,-25.08532],[-49.11204,-25.0855],[-49.11232,-25.08562],[-49.11242,-25.08583],[-49.11241,-25.08623],[-49.11229,-25.08642],[-49.11227,-25.08667],[-49.11236,-25.08694],[-49.11266,-25.08723],[-49.11298,-25.08746],[-49.1131,-25.08755],[-49.11334,-25.08773],[-49.11376,-25.08782],[-49.11417,-25.08772],[-49.11481,-25.08758],[-49.11504,-25.08753],[-49.11564,-25.08732],[-49.11616,-25.08708],[-49.1168,-25.08711],[-49.11726,-25.08727],[-49.11738,-25.08739],[-49.11748,-25.08747],[-49.11759,-25.08753],[-49.11776,-25.08757],[-49.11809,-25.0876],[-49.11842,-25.08759],[-49.11865,-25.08759],[-49.11888,-25.08766],[-49.11905,-25.08777],[-49.11953,-25.08789],[-49.11971,-25.0879],[-49.11995,-25.08797],[-49.1201,-25.08809],[-49.12018,-25.08821],[-49.12025,-25.08832],[-49.12043,-25.08843],[-49.12068,-25.08857],[-49.12095,-25.08867],[-49.12123,-25.08877],[-49.12147,-25.08892],[-49.12167,-25.08903],[-49.1219,-25.08922],[-49.122,-25.08937],[-49.12223,-25.08953],[-49.12249,-25.08971],[-49.12273,-25.08978],[-49.12293,-25.08988],[-49.12337,-25.09],[-49.12384,-25.09012],[-49.12418,-25.0902],[-49.1244,-25.09008],[-49.12469,-25.08985],[-49.1248,-25.08972],[-49.12494,-25.08963],[-49.1251,-25.08963],[-49.12522,-25.08963],[-49.1271,-25.0901],[-49.12748,-25.09013],[-49.12772,-25.09017],[-49.12816,-25.09029],[-49.12843,-25.09035],[-49.12863,-25.09048],[-49.12878,-25.09062],[-49.12878,-25.09076],[-49.12877,-25.09087],[-49.12882,-25.09093],[-49.12887,-25.091],[-49.12912,-25.09105],[-49.1293,-25.09117],[-49.12965,-25.09159],[-49.12988,-25.09186],[-49.13022,-25.09212],[-49.13055,-25.09235],[-49.13073,-25.09253],[-49.13084,-25.09263],[-49.13102,-25.09278],[-49.13114,-25.09292],[-49.1313,-25.09302],[-49.13141,-25.09303],[-49.13162,-25.09305],[-49.13185,-25.09301],[-49.132,-25.09303],[-49.13213,-25.09305],[-49.13225,-25.09309],[-49.13241,-25.09317],[-49.13248,-25.09326],[-49.13258,-25.09349],[-49.13272,-25.09382],[-49.13281,-25.09412],[-49.13288,-25.09433],[-49.13294,-25.0947],[-49.13292,-25.09502],[-49.13288,-25.09523],[-49.13288,-25.09543],[-49.13286,-25.09559],[-49.13289,-25.0957],[-49.13291,-25.09577],[-49.133,-25.09585],[-49.13315,-25.09591],[-49.1333,-25.09601],[-49.13349,-25.09609],[-49.13362,-25.09624],[-49.13397,-25.09637],[-49.13424,-25.0963],[-49.13438,-25.09625],[-49.13455,-25.09614],[-49.13465,-25.09606],[-49.13482,-25.09608],[-49.13493,-25.09615],[-49.1351,-25.09637],[-49.1353,-25.09647],[-49.13542,-25.09656],[-49.13566,-25.09686],[-49.13599,-25.09702],[-49.13624,-25.09727],[-49.1363,-25.09739],[-49.13643,-25.09746],[-49.1367,-25.09753],[-49.13681,-25.09758],[-49.13686,-25.09763],[-49.13691,-25.09787],[-49.13699,-25.09797],[-49.13705,-25.098],[-49.1372,-25.09802],[-49.1374,-25.09796],[-49.13761,-25.09777],[-49.13805,-25.09752],[-49.13818,-25.09748],[-49.13838,-25.09746],[-49.13851,-25.0974],[-49.13873,-25.09736],[-49.13908,-25.09705],[-49.13931,-25.09692],[-49.1396,-25.09665],[-49.13962,-25.09653],[-49.13953,-25.09636],[-49.13951,-25.09615],[-49.13956,-25.09603],[-49.13979,-25.09578],[-49.14004,-25.09564],[-49.14021,-25.09558],[-49.1403,-25.09548],[-49.14036,-25.0953],[-49.14044,-25.09519],[-49.14055,-25.09512],[-49.14089,-25.09499],[-49.14098,-25.0949],[-49.14102,-25.09482],[-49.14102,-25.0947],[-49.14096,-25.09438],[-49.14096,-25.09417],[-49.14093,-25.09405],[-49.14086,-25.09393],[-49.14085,-25.0938],[-49.14087,-25.09373],[-49.14091,-25.09368],[-49.14096,-25.09365],[-49.14109,-25.09355],[-49.14113,-25.09336],[-49.14108,-25.09309],[-49.1411,-25.09289],[-49.14123,-25.09264],[-49.14138,-25.09244],[-49.14151,-25.09226],[-49.1416,-25.09201],[-49.1417,-25.09183],[-49.14175,-25.09157],[-49.14182,-25.09144],[-49.14191,-25.09143],[-49.14204,-25.09134],[-49.14228,-25.09106],[-49.1425,-25.09093],[-49.14267,-25.09083],[-49.14284,-25.09069],[-49.14318,-25.09023],[-49.14325,-25.0902],[-49.14339,-25.09021],[-49.14346,-25.09019],[-49.14353,-25.09019],[-49.14374,-25.09027],[-49.14381,-25.09028],[-49.14388,-25.09024],[-49.14393,-25.09019],[-49.14396,-25.09012],[-49.14395,-25.08996],[-49.14395,-25.08986],[-49.14387,-25.08966],[-49.14382,-25.08941],[-49.14385,-25.08914],[-49.14383,-25.08901],[-49.14386,-25.08893],[-49.14391,-25.08881],[-49.14415,-25.08854],[-49.14427,-25.08829],[-49.14433,-25.08823],[-49.14438,-25.08821],[-49.14446,-25.08824],[-49.14461,-25.08839],[-49.14477,-25.0884],[-49.14483,-25.08836],[-49.14484,-25.0883],[-49.1449,-25.08825],[-49.14518,-25.08828],[-49.14548,-25.08822],[-49.14567,-25.08812],[-49.14579,-25.08802],[-49.14605,-25.08778],[-49.14626,-25.08748],[-49.14632,-25.08734],[-49.14638,-25.08694],[-49.14644,-25.08673],[-49.14647,-25.08647],[-49.14654,-25.08634],[-49.14672,-25.08614],[-49.1468,-25.08609],[-49.14686,-25.08608],[-49.14701,-25.08608],[-49.1473,-25.08615],[-49.14774,-25.08621],[-49.14812,-25.08618],[-49.14843,-25.08621],[-49.14861,-25.0862],[-49.14879,-25.08625],[-49.14886,-25.08624],[-49.14912,-25.08611],[-49.14934,-25.08614],[-49.14953,-25.08623],[-49.14984,-25.08619],[-49.14991,-25.08621],[-49.15004,-25.08628],[-49.15009,-25.08633],[-49.15013,-25.08646],[-49.15025,-25.08663],[-49.15049,-25.08678],[-49.15059,-25.08688],[-49.15063,-25.08694],[-49.15065,-25.08707],[-49.1509,-25.08734],[-49.15091,-25.08742],[-49.15087,-25.08754],[-49.15089,-25.0876],[-49.15108,-25.08771],[-49.15114,-25.08784],[-49.1512,-25.08787],[-49.15126,-25.08786],[-49.15143,-25.08784],[-49.1515,-25.08785],[-49.15164,-25.0879],[-49.15171,-25.08789],[-49.15177,-25.08785],[-49.15186,-25.08765],[-49.1519,-25.0876],[-49.15204,-25.08756],[-49.15227,-25.08757],[-49.15248,-25.08752],[-49.15255,-25.08749],[-49.15265,-25.08737],[-49.15272,-25.08733],[-49.15301,-25.08732],[-49.15313,-25.08724],[-49.15326,-25.08719],[-49.15335,-25.08708],[-49.15341,-25.08704],[-49.15349,-25.08701],[-49.15387,-25.08696],[-49.15403,-25.08683],[-49.1541,-25.0868],[-49.15439,-25.0868],[-49.15447,-25.0868],[-49.15461,-25.08696],[-49.15468,-25.08697],[-49.15483,-25.08695],[-49.15498,-25.08697],[-49.15512,-25.08693],[-49.15533,-25.08665],[-49.15542,-25.08666],[-49.15551,-25.08677],[-49.15579,-25.0868],[-49.15586,-25.0868],[-49.15601,-25.08665],[-49.15608,-25.08662],[-49.15616,-25.08661],[-49.15628,-25.08668],[-49.1564,-25.08684],[-49.15655,-25.08689],[-49.15676,-25.08684],[-49.15709,-25.08671],[-49.15739,-25.08674],[-49.15761,-25.08672],[-49.15781,-25.08679],[-49.15803,-25.08673],[-49.15832,-25.0868],[-49.15839,-25.08682],[-49.15844,-25.08687],[-49.1585,-25.08708],[-49.15857,-25.08719],[-49.15884,-25.08728],[-49.15897,-25.08742],[-49.15904,-25.08747],[-49.15949,-25.08756],[-49.16015,-25.08754],[-49.16078,-25.08749],[-49.16142,-25.08745],[-49.16214,-25.08748],[-49.16274,-25.08746],[-49.16306,-25.08727],[-49.16353,-25.08714],[-49.16398,-25.08718],[-49.1644,-25.08724],[-49.16505,-25.08749],[-49.16556,-25.08755],[-49.16593,-25.0872],[-49.1666,-25.08677],[-49.1673,-25.08629],[-49.16797,-25.08588],[-49.16863,-25.08573],[-49.16917,-25.08565],[-49.16968,-25.08563],[-49.17023,-25.08547],[-49.17071,-25.08556],[-49.17103,-25.08589],[-49.17142,-25.08617],[-49.17199,-25.08634],[-49.17216,-25.08673],[-49.17243,-25.08692],[-49.17294,-25.08712],[-49.1733,-25.08726],[-49.17366,-25.08732],[-49.1739,-25.08719],[-49.17426,-25.0873],[-49.17459,-25.08744],[-49.17498,-25.0875],[-49.17521,-25.08781],[-49.17542,-25.08814],[-49.17572,-25.08806],[-49.17599,-25.08817],[-49.17626,-25.08798],[-49.17651,-25.08771],[-49.17651,-25.08739],[-49.17661,-25.08709],[-49.17686,-25.08657],[-49.17728,-25.08649],[-49.17761,-25.08619],[-49.17795,-25.08606],[-49.17801,-25.08568],[-49.17796,-25.08508],[-49.17791,-25.08472],[-49.17812,-25.08441],[-49.17819,-25.08387],[-49.17865,-25.0835],[-49.17889,-25.08314],[-49.17932,-25.08296],[-49.17938,-25.08249],[-49.17975,-25.08211],[-49.18017,-25.08206],[-49.18035,-25.08237],[-49.18037,-25.08283],[-49.18039,-25.08338],[-49.18066,-25.0833],[-49.18088,-25.08289],[-49.18118,-25.08273],[-49.18149,-25.08249],[-49.18176,-25.08222],[-49.18183,-25.082],[-49.18156,-25.08192],[-49.18153,-25.0817],[-49.18162,-25.0814],[-49.18157,-25.08101],[-49.18161,-25.0806],[-49.1817,-25.08027],[-49.182,-25.08025],[-49.18227,-25.08055],[-49.18257,-25.08061],[-49.18293,-25.08084],[-49.18326,-25.08084],[-49.18347,-25.08051],[-49.1838,-25.08046],[-49.18395,-25.08079],[-49.18406,-25.08118],[-49.18433,-25.08148],[-49.18472,-25.08157],[-49.18505,-25.08168],[-49.18538,-25.08166],[-49.18553,-25.08196],[-49.18582,-25.08235],[-49.18621,-25.08271],[-49.18653,-25.08293],[-49.18701,-25.0831],[-49.18734,-25.08303],[-49.18765,-25.083],[-49.18794,-25.08317],[-49.18803,-25.0835],[-49.18842,-25.08372],[-49.18859,-25.08403],[-49.18892,-25.08403],[-49.18914,-25.08368],[-49.18918,-25.08308],[-49.18936,-25.0828],[-49.18972,-25.08273],[-49.18994,-25.08243],[-49.19013,-25.08197],[-49.19046,-25.08172],[-49.19091,-25.08156],[-49.19132,-25.0814],[-49.19161,-25.08149],[-49.19169,-25.08185],[-49.19193,-25.08212],[-49.19219,-25.08246],[-49.1925,-25.0824],[-49.19271,-25.08208],[-49.19314,-25.08181],[-49.19356,-25.08162],[-49.1939,-25.08127],[-49.19432,-25.08087],[-49.19469,-25.08071],[-49.19514,-25.08049],[-49.19569,-25.08009],[-49.19599,-25.07979],[-49.19642,-25.07963],[-49.19699,-25.07956],[-49.19747,-25.07943],[-49.19754,-25.0791],[-49.1976,-25.07869],[-49.19796,-25.07869],[-49.19848,-25.07859],[-49.19875,-25.07826],[-49.19924,-25.07797],[-49.19966,-25.07764],[-49.20009,-25.07749],[-49.20087,-25.07744],[-49.2018,-25.07734],[-49.20267,-25.07746],[-49.20298,-25.07745],[-49.20321,-25.07744],[-49.20379,-25.07739],[-49.20415,-25.07715],[-49.20458,-25.07688],[-49.20473,-25.07647],[-49.20507,-25.07615],[-49.20541,-25.07563],[-49.20592,-25.07553],[-49.20616,-25.07567],[-49.20652,-25.0757],[-49.20685,-25.07576],[-49.20705,-25.07606],[-49.20732,-25.07629],[-49.20738,-25.07662],[-49.20783,-25.07668],[-49.20816,-25.0766],[-49.20846,-25.07666],[-49.20882,-25.07669],[-49.20915,-25.07642],[-49.20943,-25.0762],[-49.20985,-25.0758],[-49.21028,-25.07547],[-49.21041,-25.07504],[-49.21077,-25.07482],[-49.2109,-25.07444],[-49.21129,-25.07433],[-49.21165,-25.07389],[-49.2122,-25.07363],[-49.21242,-25.0732],[-49.21296,-25.0729],[-49.21348,-25.0728],[-49.2138,-25.0731],[-49.21413,-25.07344],[-49.21452,-25.07363],[-49.2149,-25.07394],[-49.21529,-25.07416],[-49.21574,-25.07428],[-49.21619,-25.0742],[-49.21649,-25.07431],[-49.21682,-25.0741],[-49.21701,-25.07377],[-49.21747,-25.0734],[-49.21816,-25.0734],[-49.21861,-25.07363],[-49.21893,-25.0741],[-49.21895,-25.07445],[-49.21919,-25.07465],[-49.21967,-25.07471],[-49.22,-25.07482],[-49.22055,-25.07456],[-49.22063,-25.07499],[-49.22066,-25.07541],[-49.22083,-25.0756],[-49.22107,-25.07599],[-49.22061,-25.07636],[-49.2213,-25.07648],[-49.2223,-25.07627],[-49.22293,-25.07604],[-49.22302,-25.07639],[-49.22298,-25.07702],[-49.22309,-25.07746],[-49.22384,-25.07742],[-49.22411,-25.07753],[-49.22465,-25.07748],[-49.22511,-25.07727],[-49.22556,-25.07727],[-49.22586,-25.07682],[-49.2262,-25.07654],[-49.22648,-25.07609],[-49.22673,-25.07564],[-49.22709,-25.07535],[-49.22761,-25.07489],[-49.22788,-25.07511],[-49.22811,-25.07541],[-49.22856,-25.07542],[-49.22857,-25.07517],[-49.22857,-25.07476],[-49.22887,-25.07471],[-49.22927,-25.07469],[-49.22957,-25.07461],[-49.22978,-25.07436],[-49.23011,-25.07453],[-49.23026,-25.07489],[-49.23073,-25.07501],[-49.23082,-25.07542],[-49.23088,-25.07579],[-49.23108,-25.07605],[-49.23156,-25.07622],[-49.2318,-25.07647],[-49.2317,-25.0768],[-49.23227,-25.07705],[-49.23269,-25.07738],[-49.23299,-25.07717],[-49.23326,-25.07684],[-49.23333,-25.07641],[-49.2337,-25.07616],[-49.23403,-25.07609],[-49.23451,-25.07604],[-49.23487,-25.07626],[-49.23507,-25.07665],[-49.23543,-25.07681],[-49.23579,-25.07693],[-49.23618,-25.07685],[-49.23645,-25.07718],[-49.23665,-25.07749],[-49.2369,-25.07732],[-49.23738,-25.07747],[-49.23786,-25.07745],[-49.23826,-25.07746],[-49.23854,-25.0777],[-49.23882,-25.0774],[-49.23901,-25.07699],[-49.23943,-25.07672],[-49.23983,-25.07648],[-49.2398,-25.07604],[-49.23966,-25.07563],[-49.23999,-25.07533],[-49.24006,-25.07503],[-49.24042,-25.07493],[-49.24024,-25.07463],[-49.24007,-25.07419],[-49.24025,-25.07384],[-49.24061,-25.07363],[-49.24095,-25.07347],[-49.24131,-25.07358],[-49.24157,-25.0738],[-49.24169,-25.0743],[-49.24183,-25.07465],[-49.24204,-25.07468],[-49.24232,-25.07408],[-49.2426,-25.07368],[-49.24254,-25.0734],[-49.24239,-25.07318],[-49.24216,-25.07282],[-49.24192,-25.07249],[-49.2419,-25.07211],[-49.24236,-25.0717],[-49.24266,-25.07149],[-49.24276,-25.07113],[-49.24279,-25.07075],[-49.24264,-25.07064],[-49.24231,-25.07069],[-49.24186,-25.07096],[-49.24159,-25.07079],[-49.24174,-25.07049],[-49.24205,-25.07006],[-49.24239,-25.06965],[-49.24278,-25.06943],[-49.24314,-25.06949],[-49.24347,-25.06974],[-49.24382,-25.07002],[-49.24412,-25.07003],[-49.24428,-25.06984],[-49.24401,-25.0695],[-49.24378,-25.06912],[-49.24375,-25.06871],[-49.244,-25.06844],[-49.24409,-25.06822],[-49.24407,-25.06778],[-49.2438,-25.06767],[-49.24344,-25.0675],[-49.24329,-25.06717],[-49.24339,-25.06684],[-49.24315,-25.06656],[-49.24315,-25.06629],[-49.24328,-25.06602],[-49.24364,-25.0658],[-49.24401,-25.06559],[-49.24413,-25.0652],[-49.24436,-25.06489],[-49.24471,-25.06469],[-49.24502,-25.06431],[-49.24545,-25.0638],[-49.2459,-25.06347],[-49.2466,-25.06323],[-49.24672,-25.06288],[-49.24633,-25.06277],[-49.24606,-25.06257],[-49.24574,-25.0624],[-49.24586,-25.06197],[-49.24611,-25.06164],[-49.2465,-25.06148],[-49.24698,-25.06135],[-49.24746,-25.06146],[-49.24791,-25.06177],[-49.24833,-25.06191],[-49.24872,-25.06175],[-49.24905,-25.06162],[-49.24924,-25.06151],[-49.24943,-25.0608],[-49.24955,-25.06028],[-49.24932,-25.05993],[-49.24899,-25.05965],[-49.24912,-25.05927],[-49.24924,-25.05908],[-49.24984,-25.05903],[-49.25026,-25.0592],[-49.25062,-25.05934],[-49.25107,-25.05937],[-49.25143,-25.05918],[-49.25171,-25.05856],[-49.25205,-25.05834],[-49.25247,-25.05805],[-49.25302,-25.05797],[-49.25359,-25.05781],[-49.25419,-25.05782],[-49.2547,-25.05761],[-49.25513,-25.05731],[-49.25573,-25.05718],[-49.25667,-25.05656],[-49.25728,-25.05638],[-49.25773,-25.05638],[-49.25818,-25.05658],[-49.25866,-25.05669],[-49.25907,-25.05684],[-49.25931,-25.05695],[-49.25947,-25.05673],[-49.25968,-25.05657],[-49.26007,-25.05641],[-49.26056,-25.0562],[-49.26092,-25.05593],[-49.26113,-25.0562],[-49.26097,-25.05664],[-49.26073,-25.05688],[-49.26081,-25.05718],[-49.26105,-25.05735],[-49.26123,-25.05757],[-49.26089,-25.05784],[-49.26047,-25.05792],[-49.26017,-25.05833],[-49.25974,-25.05857],[-49.25911,-25.05867],[-49.25863,-25.05861],[-49.25815,-25.05852],[-49.25776,-25.05849],[-49.25751,-25.05873],[-49.25739,-25.05914],[-49.25744,-25.05956],[-49.25759,-25.05986],[-49.25786,-25.06014],[-49.25833,-25.06028],[-49.25881,-25.06048],[-49.25923,-25.06059],[-49.25953,-25.06073],[-49.25962,-25.06103],[-49.25946,-25.06139],[-49.25904,-25.06155],[-49.25876,-25.06182],[-49.25873,-25.06204],[-49.25885,-25.06231],[-49.25921,-25.06237],[-49.25966,-25.06224],[-49.25988,-25.06191],[-49.26006,-25.06161],[-49.26039,-25.06167],[-49.26048,-25.062],[-49.26038,-25.06252],[-49.26053,-25.06271],[-49.26095,-25.06277],[-49.26125,-25.06253],[-49.26173,-25.06259],[-49.26239,-25.06246],[-49.26312,-25.06187],[-49.26358,-25.0613],[-49.26392,-25.06073],[-49.26417,-25.06026],[-49.26451,-25.05978],[-49.26493,-25.05956],[-49.26544,-25.05951],[-49.26583,-25.05941],[-49.26593,-25.05905],[-49.26582,-25.05861],[-49.26579,-25.05812],[-49.26592,-25.05763],[-49.26565,-25.05743],[-49.26526,-25.05743],[-49.26511,-25.05718],[-49.26518,-25.05677],[-49.26545,-25.05647],[-49.26591,-25.05615],[-49.26642,-25.05588],[-49.26694,-25.05586],[-49.26742,-25.056],[-49.26777,-25.05623],[-49.26819,-25.05656],[-49.26858,-25.05681],[-49.269,-25.05698],[-49.26951,-25.05688],[-49.26987,-25.05677],[-49.27002,-25.05653],[-49.26997,-25.05611],[-49.27006,-25.05573],[-49.27031,-25.05546],[-49.27073,-25.05525],[-49.27113,-25.05514],[-49.27137,-25.05509],[-49.27164,-25.05471],[-49.27201,-25.05452],[-49.27237,-25.05444],[-49.27291,-25.05431],[-49.27333,-25.05421],[-49.27391,-25.05391],[-49.27442,-25.05373],[-49.27491,-25.0533],[-49.27549,-25.05292],[-49.27607,-25.05223],[-49.27698,-25.05143],[-49.27746,-25.05127],[-49.27791,-25.05141],[-49.27839,-25.05175],[-49.27889,-25.05214],[-49.27931,-25.05247],[-49.27994,-25.05283],[-49.2803,-25.05297],[-49.28062,-25.05312],[-49.28075,-25.05265],[-49.28076,-25.05227],[-49.28097,-25.05194],[-49.28143,-25.05165],[-49.28161,-25.0514],[-49.28195,-25.05113],[-49.2824,-25.05116],[-49.28278,-25.05133],[-49.2832,-25.05156],[-49.28368,-25.0517],[-49.28423,-25.0514],[-49.28459,-25.05103],[-49.28517,-25.05079],[-49.28568,-25.05033],[-49.28617,-25.04984],[-49.28642,-25.04949],[-49.28645,-25.04921],[-49.28672,-25.04908],[-49.2873,-25.04911],[-49.28795,-25.04928],[-49.28834,-25.04951],[-49.28834,-25.04981],[-49.28803,-25.05],[-49.28758,-25.05005],[-49.28722,-25.05015],[-49.28722,-25.05048],[-49.28742,-25.05081],[-49.28775,-25.05117],[-49.28789,-25.05167],[-49.28819,-25.05205],[-49.28839,-25.05255],[-49.28875,-25.05294],[-49.28913,-25.05305],[-49.2895,-25.05283],[-49.2895,-25.05245],[-49.28948,-25.05207],[-49.28948,-25.05168],[-49.28958,-25.05136],[-49.2897,-25.05106],[-49.28991,-25.05131],[-49.29018,-25.0515],[-49.29063,-25.05159],[-49.29105,-25.05143],[-49.29132,-25.05135],[-49.29159,-25.05146],[-49.29207,-25.05169],[-49.29246,-25.05183],[-49.29276,-25.05191],[-49.29309,-25.05197],[-49.29339,-25.05189],[-49.2936,-25.05179],[-49.29367,-25.0514],[-49.29349,-25.05113],[-49.29316,-25.05099],[-49.29302,-25.05066],[-49.29311,-25.05038],[-49.29354,-25.04992],[-49.29387,-25.04949],[-49.29406,-25.04894],[-49.29419,-25.04859],[-49.2944,-25.04832],[-49.29462,-25.04799],[-49.29486,-25.04767],[-49.29526,-25.04745],[-49.2955,-25.0474],[-49.29562,-25.04704],[-49.29541,-25.0468],[-49.29506,-25.0466],[-49.29491,-25.04616],[-49.29468,-25.04569],[-49.2945,-25.04528],[-49.29433,-25.04495],[-49.29442,-25.04451],[-49.29452,-25.04416],[-49.29449,-25.04383],[-49.29459,-25.0435],[-49.29495,-25.04317],[-49.29544,-25.04302],[-49.29583,-25.04297],[-49.29604,-25.04319],[-49.29627,-25.04363],[-49.29657,-25.04404],[-49.29686,-25.04421],[-49.29716,-25.04435],[-49.29732,-25.04411],[-49.29717,-25.04386],[-49.29714,-25.04353],[-49.29718,-25.04328],[-49.29742,-25.04315],[-49.29781,-25.04304],[-49.29827,-25.04275],[-49.2983,-25.04245],[-49.29857,-25.04223],[-49.29882,-25.04199],[-49.2989,-25.04232],[-49.29929,-25.04259],[-49.29962,-25.04271],[-49.29994,-25.04246],[-49.30026,-25.04233],[-49.30056,-25.04236],[-49.30089,-25.04237],[-49.30125,-25.04223],[-49.30173,-25.04205],[-49.30204,-25.04178],[-49.30249,-25.04148],[-49.30286,-25.04124],[-49.3031,-25.04091],[-49.30356,-25.04067],[-49.3038,-25.04035],[-49.30399,-25.03988],[-49.30402,-25.03955],[-49.3043,-25.0392],[-49.30467,-25.03877],[-49.30515,-25.03858],[-49.30569,-25.03845],[-49.3063,-25.03813],[-49.30666,-25.03783],[-49.30694,-25.03753],[-49.30719,-25.03688],[-49.30746,-25.03654],[-49.30773,-25.03645],[-49.30813,-25.03609],[-49.30856,-25.03555],[-49.30889,-25.03531],[-49.30919,-25.03531],[-49.30955,-25.03559],[-49.30982,-25.03587],[-49.31029,-25.03601],[-49.31046,-25.0359],[-49.31059,-25.03587],[-49.31067,-25.03553],[-49.3108,-25.03521],[-49.31104,-25.03504],[-49.31114,-25.03452],[-49.31093,-25.03428],[-49.31085,-25.03381],[-49.31094,-25.03343],[-49.31121,-25.03323],[-49.31128,-25.03286],[-49.31144,-25.03239],[-49.31145,-25.03138],[-49.31161,-25.031],[-49.31179,-25.03053],[-49.31183,-25.03012],[-49.31201,-25.02977],[-49.31229,-25.02936],[-49.31272,-25.02904],[-49.31284,-25.02866],[-49.31291,-25.02825],[-49.31327,-25.02781],[-49.31367,-25.02741],[-49.31398,-25.02694],[-49.31483,-25.02646],[-49.3153,-25.02657],[-49.31566,-25.02677],[-49.3159,-25.02707],[-49.31589,-25.02749],[-49.31571,-25.02784],[-49.31592,-25.02803],[-49.31591,-25.0288],[-49.31608,-25.02924],[-49.31641,-25.02938],[-49.31665,-25.02966],[-49.31704,-25.02969],[-49.31752,-25.0295],[-49.31797,-25.02945],[-49.31848,-25.02946],[-49.31884,-25.0293],[-49.31909,-25.029],[-49.31937,-25.02843],[-49.31955,-25.02799],[-49.31983,-25.02761],[-49.32025,-25.02751],[-49.32059,-25.02724],[-49.32086,-25.02721],[-49.32101,-25.02698],[-49.32137,-25.02684],[-49.32165,-25.02656],[-49.32195,-25.0264],[-49.32219,-25.02611],[-49.3222,-25.02561],[-49.322,-25.02506],[-49.32167,-25.02476],[-49.32141,-25.02434],[-49.32147,-25.02407],[-49.32177,-25.02383],[-49.32226,-25.02378],[-49.3228,-25.02373],[-49.32316,-25.0239],[-49.32373,-25.02388],[-49.32408,-25.02415],[-49.3245,-25.02424],[-49.32492,-25.02433],[-49.32538,-25.02414],[-49.32562,-25.02384],[-49.32572,-25.02338],[-49.32606,-25.02294],[-49.3266,-25.02279],[-49.32687,-25.02251],[-49.32718,-25.02219],[-49.32739,-25.02173],[-49.32749,-25.02148],[-49.32776,-25.02124],[-49.32798,-25.0208],[-49.32796,-25.02014],[-49.32814,-25.01985],[-49.32847,-25.01963],[-49.32875,-25.0195],[-49.32884,-25.01911],[-49.32912,-25.0189],[-49.32954,-25.01868],[-49.32993,-25.0185],[-49.33048,-25.01784],[-49.33103,-25.01749],[-49.33151,-25.01717],[-49.33212,-25.01671],[-49.33294,-25.01596],[-49.33367,-25.01572],[-49.33449,-25.01521],[-49.33536,-25.01472],[-49.33618,-25.01432],[-49.33688,-25.01392],[-49.33737,-25.01346],[-49.33813,-25.01275],[-49.3387,-25.0124],[-49.33916,-25.01208],[-49.33958,-25.01173],[-49.33955,-25.01143],[-49.33934,-25.01116],[-49.33908,-25.01095],[-49.33885,-25.01072],[-49.33869,-25.0104],[-49.33853,-25.01006],[-49.33853,-25.00972],[-49.33872,-25.00951],[-49.33901,-25.0094],[-49.33928,-25.00944],[-49.33967,-25.00956],[-49.34013,-25.00958],[-49.34059,-25.00947],[-49.34123,-25.00935],[-49.34194,-25.00921],[-49.3425,-25.009],[-49.34285,-25.00916],[-49.34306,-25.00943],[-49.34339,-25.00949],[-49.34366,-25.00938],[-49.34389,-25.00917],[-49.34425,-25.00887],[-49.34454,-25.0084],[-49.3448,-25.0079],[-49.34507,-25.0076],[-49.34536,-25.00749],[-49.34561,-25.00756],[-49.34584,-25.00779],[-49.3459,-25.00805],[-49.34594,-25.00833],[-49.34607,-25.00873],[-49.34646,-25.0093],[-49.34669,-25.0097],[-49.34673,-25.00998],[-49.34642,-25.0103],[-49.34611,-25.01071],[-49.34582,-25.01117],[-49.34546,-25.01162],[-49.34493,-25.0122],[-49.34426,-25.01281],[-49.34364,-25.01322],[-49.34315,-25.01366],[-49.34267,-25.01395],[-49.34262,-25.01425],[-49.34292,-25.01459],[-49.34334,-25.01478],[-49.3437,-25.01516],[-49.34394,-25.01567],[-49.34422,-25.01575],[-49.34484,-25.01568],[-49.34537,-25.01557],[-49.34541,-25.01556],[-49.34603,-25.01523],[-49.34669,-25.01524],[-49.34732,-25.01516],[-49.34787,-25.01509],[-49.34842,-25.01498],[-49.34904,-25.0147],[-49.34959,-25.01457],[-49.35025,-25.01426],[-49.35078,-25.01402],[-49.35138,-25.01377],[-49.35206,-25.01344],[-49.35275,-25.01295],[-49.35361,-25.01245],[-49.35428,-25.01202],[-49.35485,-25.01167],[-49.35545,-25.01138],[-49.35585,-25.01108],[-49.35607,-25.01072],[-49.35649,-25.01039],[-49.35727,-25.0097],[-49.35785,-25.00916],[-49.35814,-25.00879],[-49.35843,-25.00827],[-49.35861,-25.00791],[-49.35895,-25.00728],[-49.35928,-25.00706],[-49.35954,-25.00702],[-49.35974,-25.00721],[-49.35975,-25.00767],[-49.35997,-25.00803],[-49.36029,-25.00841],[-49.36044,-25.00873],[-49.36054,-25.00909],[-49.36087,-25.00916],[-49.36123,-25.009],[-49.36114,-25.00868],[-49.36119,-25.00842],[-49.36165,-25.00807],[-49.36243,-25.00773],[-49.36355,-25.00735],[-49.36439,-25.0067],[-49.36473,-25.00622],[-49.36519,-25.00591],[-49.3657,-25.00559],[-49.36615,-25.00488],[-49.36645,-25.00412],[-49.36667,-25.0035],[-49.36655,-25.00304],[-49.3662,-25.00292],[-49.36576,-25.00287],[-49.36536,-25.00295],[-49.36497,-25.00294],[-49.36453,-25.00324],[-49.36388,-25.00393],[-49.36355,-25.00413],[-49.36311,-25.00428],[-49.36282,-25.00462],[-49.36253,-25.00498],[-49.36211,-25.00515],[-49.36145,-25.00513],[-49.3609,-25.00526],[-49.36024,-25.00555],[-49.35987,-25.00551],[-49.3597,-25.00513],[-49.35957,-25.00448],[-49.35904,-25.00356],[-49.35893,-25.00332],[-49.3592,-25.00312],[-49.36004,-25.00283],[-49.36094,-25.0024],[-49.36194,-25.00151],[-49.36273,-25.00108],[-49.36314,-25.00061],[-49.36303,-25.00022],[-49.36244,-25.00004],[-49.36137,-25.00009],[-49.35989,-25.00047],[-49.35826,-25.00089],[-49.35725,-25.00128],[-49.35685,-25.00182],[-49.35649,-25.00253],[-49.35611,-25.00297],[-49.35571,-25.00294],[-49.35543,-25.00268],[-49.35524,-25.00228],[-49.35542,-25.00184],[-49.35512,-25.00098],[-49.355,-25.0005],[-49.35511,-25.00012],[-49.3553,-24.99956],[-49.35531,-24.9987],[-49.35547,-24.99808],[-49.35545,-24.9976],[-49.35555,-24.99716],[-49.35579,-24.99695],[-49.3561,-24.99657],[-49.35683,-24.99618],[-49.35739,-24.99584],[-49.35768,-24.99557],[-49.35808,-24.99503],[-49.3582,-24.99441],[-49.3586,-24.9939],[-49.35902,-24.99308],[-49.35961,-24.99217],[-49.36005,-24.99216],[-49.36024,-24.99272],[-49.36031,-24.9935],[-49.36055,-24.99384],[-49.36112,-24.99401],[-49.36195,-24.99404],[-49.36239,-24.99394],[-49.36276,-24.99361],[-49.36405,-24.99256],[-49.36467,-24.99211],[-49.36584,-24.99154],[-49.36629,-24.99131],[-49.36627,-24.99101],[-49.36645,-24.99071],[-49.36636,-24.99041],[-49.36663,-24.99013],[-49.36697,-24.98961],[-49.36737,-24.98884],[-49.36766,-24.98874],[-49.36794,-24.98894],[-49.36837,-24.98943],[-49.36879,-24.98963],[-49.3692,-24.98956],[-49.36971,-24.98924],[-49.37076,-24.98838],[-49.37085,-24.98786],[-49.37105,-24.9874],[-49.37125,-24.98726],[-49.37171,-24.98735],[-49.37209,-24.98715],[-49.37253,-24.98676],[-49.3726,-24.98634],[-49.37228,-24.98623],[-49.37182,-24.98583],[-49.37132,-24.98568],[-49.37075,-24.9856],[-49.37025,-24.98535],[-49.3699,-24.98493],[-49.36997,-24.98465],[-49.37017,-24.98449],[-49.37073,-24.9836],[-49.37095,-24.98336],[-49.37153,-24.98253],[-49.37178,-24.98229],[-49.37213,-24.98235],[-49.37281,-24.9824],[-49.37323,-24.98229],[-49.37327,-24.98195],[-49.37317,-24.98155],[-49.37287,-24.98102],[-49.37296,-24.98062],[-49.37334,-24.98031],[-49.37405,-24.98002],[-49.37439,-24.98014],[-49.37432,-24.98066],[-49.3746,-24.98102],[-49.37495,-24.98118],[-49.37555,-24.98103],[-49.37579,-24.98059],[-49.37619,-24.98046],[-49.37667,-24.98036],[-49.37711,-24.98027],[-49.37784,-24.97992],[-49.3789,-24.97943],[-49.3797,-24.979],[-49.37985,-24.9787],[-49.38056,-24.97795],[-49.38121,-24.97731],[-49.38216,-24.97659],[-49.38262,-24.97663],[-49.38314,-24.97702],[-49.38368,-24.97774],[-49.38466,-24.97859],[-49.38491,-24.97917],[-49.38523,-24.97974],[-49.38561,-24.97972],[-49.38614,-24.97915],[-49.38673,-24.97829],[-49.38699,-24.97798],[-49.38761,-24.9778],[-49.38869,-24.97748],[-49.38924,-24.97706],[-49.38986,-24.97633],[-49.39055,-24.9757],[-49.39084,-24.97564],[-49.39158,-24.97551],[-49.39251,-24.97518],[-49.3933,-24.97477],[-49.39408,-24.97404],[-49.39484,-24.97342],[-49.39522,-24.97283],[-49.39513,-24.97251],[-49.39483,-24.97207],[-49.39446,-24.97164],[-49.39423,-24.9711],[-49.39399,-24.97088],[-49.39373,-24.97093],[-49.3935,-24.97121],[-49.39322,-24.97123],[-49.39265,-24.971],[-49.39221,-24.97102],[-49.39164,-24.97103],[-49.39123,-24.97067],[-49.39126,-24.97027],[-49.39184,-24.96965],[-49.39233,-24.96898],[-49.39273,-24.96852],[-49.39324,-24.96812],[-49.39353,-24.96771],[-49.39344,-24.96733],[-49.39303,-24.96701],[-49.3924,-24.96678],[-49.39159,-24.96661],[-49.39089,-24.96663],[-49.38999,-24.96674],[-49.38931,-24.96661],[-49.38865,-24.96688],[-49.38812,-24.96699],[-49.38788,-24.96695],[-49.38779,-24.96673],[-49.38765,-24.96574],[-49.38755,-24.96537],[-49.38758,-24.96499],[-49.38784,-24.96461],[-49.3882,-24.96444],[-49.38858,-24.964],[-49.38935,-24.96367],[-49.38979,-24.96335],[-49.38984,-24.96278],[-49.38948,-24.96195],[-49.38909,-24.96129],[-49.38901,-24.96077],[-49.38922,-24.96037],[-49.38975,-24.9597],[-49.38998,-24.95924],[-49.38998,-24.9589],[-49.38979,-24.95802],[-49.38959,-24.95708],[-49.38892,-24.95607],[-49.38878,-24.95519],[-49.38846,-24.95434],[-49.38801,-24.9536],[-49.38793,-24.9533],[-49.38811,-24.9529],[-49.38846,-24.95243],[-49.38895,-24.95197],[-49.38917,-24.95189],[-49.38946,-24.95204],[-49.38974,-24.95234],[-49.3901,-24.95284],[-49.39119,-24.95343],[-49.39169,-24.95364],[-49.39196,-24.95352],[-49.39214,-24.95304],[-49.39178,-24.9519],[-49.39148,-24.95152],[-49.39102,-24.95137],[-49.38993,-24.95068],[-49.38898,-24.94995],[-49.3887,-24.94959],[-49.38875,-24.94917],[-49.38878,-24.94847],[-49.38901,-24.94787],[-49.38927,-24.94744],[-49.38941,-24.94702],[-49.38928,-24.9468],[-49.38883,-24.94645],[-49.38835,-24.94631],[-49.38773,-24.94612],[-49.38723,-24.94612],[-49.38668,-24.94597],[-49.3855,-24.94562],[-49.38457,-24.94535],[-49.38418,-24.94498],[-49.38418,-24.94452],[-49.38452,-24.94397],[-49.38477,-24.94285],[-49.38474,-24.94233],[-49.38428,-24.94203],[-49.38378,-24.94186],[-49.38321,-24.94179],[-49.38262,-24.94171],[-49.38198,-24.94166],[-49.38119,-24.94167],[-49.38041,-24.94154],[-49.3801,-24.94116],[-49.37998,-24.94018],[-49.37987,-24.9392],[-49.37969,-24.93894],[-49.37937,-24.93891],[-49.37906,-24.93915],[-49.37863,-24.93944],[-49.37804,-24.93958],[-49.37731,-24.94005],[-49.37678,-24.94042],[-49.37587,-24.94103],[-49.37514,-24.94155],[-49.37461,-24.94172],[-49.37416,-24.94166],[-49.37376,-24.94147],[-49.37362,-24.94095],[-49.37358,-24.94025],[-49.37344,-24.93963],[-49.37335,-24.93913],[-49.37332,-24.93871],[-49.37339,-24.93825],[-49.3737,-24.93769],[-49.37421,-24.93627],[-49.37457,-24.93522],[-49.37512,-24.93461],[-49.37601,-24.93384],[-49.37696,-24.93345],[-49.37833,-24.9327],[-49.37941,-24.93216],[-49.38023,-24.93175],[-49.38113,-24.93126],[-49.38158,-24.93082],[-49.38167,-24.93034],[-49.38157,-24.9298],[-49.38131,-24.9296],[-49.38037,-24.92925],[-49.37987,-24.92896],[-49.3792,-24.92824],[-49.37872,-24.92785],[-49.3782,-24.92771],[-49.37763,-24.9278],[-49.37727,-24.92786],[-49.37686,-24.92795],[-49.3758,-24.9286],[-49.37544,-24.92892],[-49.37497,-24.92991],[-49.37454,-24.93076],[-49.37427,-24.93114],[-49.37401,-24.93116],[-49.37377,-24.93112],[-49.37348,-24.93095],[-49.37322,-24.93059],[-49.37302,-24.92991],[-49.373,-24.92929],[-49.37336,-24.92883],[-49.37354,-24.92811],[-49.37346,-24.92751],[-49.37363,-24.9268],[-49.37352,-24.92636],[-49.37382,-24.92542],[-49.37403,-24.92434],[-49.37426,-24.92354],[-49.3746,-24.92285],[-49.37486,-24.92281],[-49.37552,-24.92298],[-49.37593,-24.9231],[-49.37616,-24.92281],[-49.37596,-24.92244],[-49.37606,-24.92167],[-49.37614,-24.92095],[-49.3763,-24.92049],[-49.37654,-24.92037],[-49.37684,-24.92055],[-49.37704,-24.92084],[-49.37736,-24.92104],[-49.3778,-24.9209],[-49.37827,-24.92063],[-49.37845,-24.92031],[-49.37825,-24.91997],[-49.37793,-24.91983],[-49.37773,-24.91966],[-49.37794,-24.91893],[-49.37814,-24.91863],[-49.37854,-24.91841],[-49.37922,-24.91824],[-49.38025,-24.91815],[-49.38091,-24.91824],[-49.38123,-24.91838],[-49.3816,-24.91865],[-49.382,-24.91867],[-49.38224,-24.91851],[-49.38271,-24.91778],[-49.38305,-24.91714],[-49.38312,-24.91674],[-49.38286,-24.91648],[-49.38259,-24.91614],[-49.38254,-24.91562],[-49.38283,-24.91512],[-49.38323,-24.91469],[-49.38407,-24.91454],[-49.38499,-24.91457],[-49.38558,-24.91439],[-49.38569,-24.91425],[-49.38583,-24.91374],[-49.38608,-24.91308],[-49.38648,-24.9127],[-49.38721,-24.91249],[-49.38795,-24.91236],[-49.38874,-24.91225],[-49.38962,-24.91204],[-49.38982,-24.9119],[-49.38972,-24.9115],[-49.38964,-24.91104],[-49.38946,-24.91086],[-49.38898,-24.91069],[-49.3882,-24.91068],[-49.38767,-24.91088],[-49.38714,-24.91113],[-49.3865,-24.91102],[-49.38614,-24.9104],[-49.38573,-24.90998],[-49.38521,-24.90963],[-49.38449,-24.90928],[-49.3839,-24.90908],[-49.38337,-24.90889],[-49.38301,-24.90847],[-49.38312,-24.90801],[-49.38339,-24.90743],[-49.38366,-24.90723],[-49.3841,-24.90694],[-49.38479,-24.90635],[-49.38538,-24.90605],[-49.38613,-24.90584],[-49.38635,-24.9057],[-49.38664,-24.90537],[-49.38721,-24.90529],[-49.38792,-24.90522],[-49.38853,-24.90511],[-49.38887,-24.90498],[-49.38897,-24.90467],[-49.3888,-24.90441],[-49.38861,-24.90413],[-49.38846,-24.90375],[-49.38851,-24.90343],[-49.38854,-24.90297],[-49.38863,-24.90269],[-49.38883,-24.90251],[-49.38921,-24.90154],[-49.38928,-24.90108],[-49.38938,-24.90058],[-49.38952,-24.89992],[-49.38964,-24.89914],[-49.39006,-24.89865],[-49.39046,-24.89847],[-49.39114,-24.8986],[-49.39227,-24.89883],[-49.39343,-24.8991],[-49.39448,-24.89938],[-49.39547,-24.89933],[-49.39652,-24.89934],[-49.39702,-24.89962],[-49.39761,-24.89959],[-49.3981,-24.89927],[-49.39824,-24.89854],[-49.3984,-24.8975],[-49.39819,-24.89706],[-49.39767,-24.89631],[-49.3968,-24.8958],[-49.39615,-24.89575],[-49.39544,-24.89597],[-49.39493,-24.89634],[-49.39442,-24.8968],[-49.39381,-24.89705],[-49.3933,-24.89696],[-49.39243,-24.89665],[-49.39193,-24.89617],[-49.39152,-24.89608],[-49.39086,-24.89602],[-49.39023,-24.89543],[-49.38998,-24.89487],[-49.38966,-24.89429],[-49.38966,-24.89391],[-49.38991,-24.89375],[-49.39055,-24.8934],[-49.39077,-24.89298],[-49.39052,-24.8923],[-49.39059,-24.89184],[-49.39081,-24.89146],[-49.39106,-24.89128],[-49.39145,-24.89139],[-49.3922,-24.89125],[-49.39259,-24.89096],[-49.39289,-24.89038],[-49.39296,-24.88948],[-49.39317,-24.88879],[-49.39333,-24.88795],[-49.3935,-24.88701],[-49.39373,-24.88639],[-49.39385,-24.88563],[-49.39374,-24.88525],[-49.39342,-24.88495],[-49.39274,-24.88484],[-49.39202,-24.88474],[-49.39134,-24.88449],[-49.3906,-24.88422],[-49.39036,-24.88394],[-49.39048,-24.88352],[-49.3908,-24.88252],[-49.39073,-24.88116],[-49.39062,-24.88048],[-49.39063,-24.87998],[-49.3909,-24.87975],[-49.39145,-24.87949],[-49.3924,-24.879],[-49.39258,-24.87872],[-49.3924,-24.87854],[-49.39203,-24.8784],[-49.39153,-24.87809],[-49.39095,-24.87767],[-49.39078,-24.87723],[-49.39102,-24.87683],[-49.39131,-24.87647],[-49.39164,-24.87604],[-49.392,-24.87614],[-49.39236,-24.87628],[-49.39352,-24.8763],[-49.39449,-24.87629],[-49.39543,-24.87632],[-49.39629,-24.87601],[-49.39705,-24.87586],[-49.39778,-24.87606],[-49.39821,-24.87635],[-49.39847,-24.87671],[-49.3987,-24.87771],[-49.3987,-24.87881],[-49.39907,-24.87965],[-49.39976,-24.88018],[-49.40039,-24.88081],[-49.40066,-24.88147],[-49.40105,-24.88211],[-49.40146,-24.88256],[-49.40203,-24.88275],[-49.4028,-24.88269],[-49.40392,-24.88221],[-49.405,-24.8815],[-49.40599,-24.88113],[-49.40671,-24.88128],[-49.40752,-24.88188],[-49.40858,-24.88276],[-49.40929,-24.88362],[-49.41005,-24.88477],[-49.41041,-24.88602],[-49.41073,-24.88706],[-49.41108,-24.8881],[-49.41126,-24.88942],[-49.41127,-24.8903],[-49.41079,-24.89137],[-49.41014,-24.89243],[-49.40961,-24.89342],[-49.4092,-24.894],[-49.40874,-24.89431],[-49.40849,-24.89473],[-49.40853,-24.89529],[-49.40912,-24.89576],[-49.40957,-24.89592],[-49.41062,-24.89617],[-49.41233,-24.89634],[-49.41281,-24.89631],[-49.41373,-24.89644],[-49.41476,-24.89639],[-49.41573,-24.89643],[-49.41698,-24.89638],[-49.41752,-24.89658],[-49.41789,-24.89701],[-49.41821,-24.89749],[-49.41919,-24.89814],[-49.41951,-24.89846],[-49.41998,-24.89935],[-49.42074,-24.89988],[-49.42131,-24.90012],[-49.42168,-24.90043],[-49.42207,-24.90063],[-49.42251,-24.90105],[-49.42333,-24.90132],[-49.42394,-24.90161],[-49.42457,-24.90248],[-49.42541,-24.90352],[-49.42558,-24.90423],[-49.42625,-24.90455],[-49.42739,-24.90444],[-49.42851,-24.90436],[-49.42887,-24.90402],[-49.4292,-24.90358],[-49.42986,-24.90343],[-49.43047,-24.90348],[-49.43081,-24.90306],[-49.43101,-24.9024],[-49.43122,-24.90175],[-49.43166,-24.90127],[-49.43216,-24.90056],[-49.43273,-24.90014],[-49.43339,-24.89965],[-49.43432,-24.89958],[-49.43563,-24.89973],[-49.4367,-24.89979],[-49.43806,-24.89982],[-49.4394,-24.89999],[-49.44033,-24.90038],[-49.44079,-24.90103],[-49.44069,-24.90175],[-49.44083,-24.90259],[-49.44158,-24.90391],[-49.44242,-24.90492],[-49.44277,-24.90551],[-49.44337,-24.90617],[-49.44398,-24.90702],[-49.44418,-24.9079],[-49.44448,-24.90844],[-49.44496,-24.90883],[-49.44588,-24.90906],[-49.44676,-24.90913],[-49.44734,-24.90959],[-49.44799,-24.91032],[-49.44852,-24.91162],[-49.4491,-24.91287],[-49.44977,-24.9136],[-49.45028,-24.91444],[-49.45052,-24.91512],[-49.45117,-24.91535],[-49.45188,-24.915],[-49.45263,-24.91428],[-49.45323,-24.91341],[-49.45374,-24.91304],[-49.45467,-24.91287],[-49.45567,-24.9129],[-49.45684,-24.91277],[-49.45778,-24.91274],[-49.45857,-24.91231],[-49.4596,-24.9112],[-49.46053,-24.91051],[-49.46136,-24.91028],[-49.46204,-24.91044],[-49.46269,-24.91095],[-49.46341,-24.9113],[-49.46396,-24.91146],[-49.46442,-24.91143],[-49.46488,-24.91133],[-49.46543,-24.911],[-49.46565,-24.91058],[-49.46569,-24.90964],[-49.46603,-24.90839],[-49.46648,-24.90787],[-49.46712,-24.9076],[-49.46749,-24.90724],[-49.46811,-24.90709],[-49.46877,-24.90673],[-49.46976,-24.90658],[-49.47055,-24.90675],[-49.4709,-24.90672],[-49.47132,-24.9063],[-49.47206,-24.90587],[-49.4727,-24.9059],[-49.47312,-24.90616],[-49.47348,-24.90674],[-49.47411,-24.90743],[-49.47487,-24.90798],[-49.47531,-24.90796],[-49.4761,-24.90761],[-49.47645,-24.90763],[-49.47671,-24.90798],[-49.47677,-24.9087],[-49.47694,-24.9091],[-49.47739,-24.9098],[-49.47776,-24.90999],[-49.47822,-24.91017],[-49.47872,-24.91057],[-49.47899,-24.91148],[-49.47955,-24.91218],[-49.48019,-24.91253],[-49.48083,-24.91326],[-49.48148,-24.91394],[-49.48185,-24.91429],[-49.48207,-24.91471],[-49.48248,-24.91513],[-49.48298,-24.91538],[-49.48357,-24.91512],[-49.48444,-24.91439],[-49.48496,-24.91428],[-49.48555,-24.91452],[-49.48594,-24.91521],[-49.48624,-24.91571],[-49.48663,-24.91581],[-49.48764,-24.91568],[-49.4885,-24.91527],[-49.48956,-24.91502],[-49.49011,-24.91511],[-49.49059,-24.91535],[-49.49086,-24.91586],[-49.4913,-24.91606],[-49.49191,-24.91611],[-49.49286,-24.91604],[-49.49391,-24.91617],[-49.49459,-24.91603],[-49.49505,-24.91562],[-49.49551,-24.91454],[-49.49595,-24.91411],[-49.49654,-24.91389],[-49.49733,-24.91392],[-49.49786,-24.91385],[-49.49813,-24.91351],[-49.49807,-24.91289],[-49.49788,-24.91237],[-49.49744,-24.91192],[-49.49686,-24.9112],[-49.49643,-24.91087],[-49.49599,-24.91095],[-49.49566,-24.91075],[-49.49527,-24.91032],[-49.49477,-24.90984],[-49.49485,-24.90898],[-49.49514,-24.90824],[-49.49511,-24.90774],[-49.49542,-24.90733],[-49.49558,-24.90679],[-49.49572,-24.90607],[-49.49559,-24.90541],[-49.49586,-24.90511],[-49.49637,-24.90474],[-49.49697,-24.9044],[-49.49734,-24.90429],[-49.49784,-24.90425],[-49.49836,-24.90443],[-49.49843,-24.90442],[-49.49871,-24.90456],[-49.49904,-24.90465],[-49.4993,-24.90471],[-49.49965,-24.90478],[-49.49996,-24.90485],[-49.50026,-24.90489],[-49.50049,-24.9049],[-49.5007,-24.90489],[-49.50083,-24.90487],[-49.50097,-24.90482],[-49.50107,-24.90475],[-49.50118,-24.90466],[-49.5013,-24.90453],[-49.50147,-24.90438],[-49.50158,-24.90429],[-49.5018,-24.90414],[-49.5022,-24.90382],[-49.50246,-24.90361],[-49.50279,-24.90338],[-49.50298,-24.90326],[-49.50321,-24.90315],[-49.50355,-24.90304],[-49.50382,-24.90298],[-49.50416,-24.90292],[-49.50446,-24.9029],[-49.50463,-24.90289],[-49.50505,-24.90289],[-49.50536,-24.90291],[-49.50579,-24.90289],[-49.5059,-24.90288],[-49.50599,-24.90283],[-49.50608,-24.90276],[-49.50612,-24.90268],[-49.50618,-24.90256],[-49.50626,-24.90239],[-49.50637,-24.90225],[-49.50649,-24.90213],[-49.50664,-24.902],[-49.5068,-24.90191],[-49.50694,-24.90186],[-49.50711,-24.90177],[-49.50727,-24.90164],[-49.50737,-24.90152],[-49.50746,-24.90137],[-49.50759,-24.90122],[-49.50795,-24.90098],[-49.50827,-24.90083],[-49.50906,-24.90063],[-49.50943,-24.90057],[-49.5096,-24.90057],[-49.5097,-24.90059],[-49.50983,-24.90067],[-49.50991,-24.90075],[-49.50997,-24.90087],[-49.51003,-24.90101],[-49.51004,-24.90115],[-49.51003,-24.90129],[-49.50998,-24.90146],[-49.50994,-24.90161],[-49.50981,-24.90195],[-49.50965,-24.90236],[-49.50953,-24.90267],[-49.50939,-24.90295],[-49.50927,-24.90317],[-49.50913,-24.90333],[-49.50902,-24.90351],[-49.50892,-24.90371],[-49.50887,-24.90386],[-49.50887,-24.90398],[-49.50889,-24.90405],[-49.50892,-24.90414],[-49.50897,-24.90422],[-49.50907,-24.90434],[-49.50921,-24.90446],[-49.50944,-24.90461],[-49.50966,-24.90479],[-49.50989,-24.90497],[-49.51015,-24.9051],[-49.51031,-24.90522],[-49.51044,-24.90531],[-49.51052,-24.90543],[-49.51062,-24.90551],[-49.51077,-24.9056],[-49.51094,-24.90569],[-49.51112,-24.90582],[-49.51123,-24.90592],[-49.51132,-24.90603],[-49.5114,-24.90617],[-49.5115,-24.90638],[-49.51169,-24.90674],[-49.5118,-24.90709],[-49.5119,-24.90734],[-49.51197,-24.90745],[-49.51212,-24.90763],[-49.51217,-24.90774],[-49.51219,-24.90793],[-49.51218,-24.90812],[-49.51217,-24.90823],[-49.51213,-24.90844],[-49.51208,-24.90865],[-49.51199,-24.90887],[-49.51174,-24.90944],[-49.51165,-24.90961],[-49.51144,-24.91001],[-49.5112,-24.91035],[-49.51103,-24.91064],[-49.51093,-24.91087],[-49.51091,-24.91099],[-49.51089,-24.91113],[-49.51089,-24.91127],[-49.51092,-24.91146],[-49.511,-24.91163],[-49.5111,-24.91183],[-49.51122,-24.912],[-49.51129,-24.91208],[-49.51138,-24.91213],[-49.51152,-24.91218],[-49.51172,-24.9122],[-49.51188,-24.9122],[-49.51205,-24.91219],[-49.51226,-24.91214],[-49.51251,-24.91208],[-49.51272,-24.91202],[-49.51294,-24.91201],[-49.51315,-24.91201],[-49.51334,-24.91204],[-49.51347,-24.91208],[-49.51367,-24.91215],[-49.5138,-24.91222],[-49.51397,-24.91232],[-49.5144,-24.91263],[-49.51469,-24.91275],[-49.51503,-24.91287],[-49.51513,-24.91292],[-49.5152,-24.91295],[-49.51528,-24.91304],[-49.51539,-24.91311],[-49.51551,-24.91314],[-49.5157,-24.91317],[-49.51593,-24.91318],[-49.51609,-24.91316],[-49.5162,-24.91314],[-49.51627,-24.9131],[-49.51636,-24.91302],[-49.51646,-24.91287],[-49.51664,-24.91268],[-49.51688,-24.91242],[-49.51701,-24.91227],[-49.51715,-24.91215],[-49.5174,-24.912],[-49.51765,-24.91188],[-49.51788,-24.91179],[-49.51802,-24.91176],[-49.51822,-24.91174],[-49.51841,-24.91174],[-49.51863,-24.91173],[-49.51881,-24.9117],[-49.51891,-24.91166],[-49.51897,-24.91162],[-49.51902,-24.91156],[-49.51907,-24.91147],[-49.51912,-24.91137],[-49.5192,-24.91123],[-49.51928,-24.91112],[-49.51944,-24.91099],[-49.51956,-24.91093],[-49.51968,-24.91091],[-49.5198,-24.9109],[-49.51992,-24.9109],[-49.52001,-24.9109],[-49.52012,-24.91091],[-49.52026,-24.91096],[-49.52038,-24.91098],[-49.52057,-24.911],[-49.52075,-24.91099],[-49.5209,-24.91097],[-49.52103,-24.91094],[-49.52119,-24.91091],[-49.52127,-24.91091],[-49.52143,-24.91091],[-49.52153,-24.91092],[-49.52159,-24.91093],[-49.52168,-24.91096],[-49.52178,-24.91096],[-49.52192,-24.91096],[-49.52203,-24.91094],[-49.52216,-24.9109],[-49.52225,-24.91087],[-49.52233,-24.91081],[-49.52253,-24.91069],[-49.52287,-24.91048],[-49.52323,-24.91025],[-49.52353,-24.91009],[-49.52367,-24.90999],[-49.52393,-24.90979],[-49.52428,-24.90947],[-49.52454,-24.90924],[-49.52471,-24.90903],[-49.52484,-24.90888],[-49.52497,-24.90867],[-49.52511,-24.90845],[-49.52523,-24.90828],[-49.52535,-24.90817],[-49.52547,-24.90807],[-49.52562,-24.90801],[-49.52581,-24.90796],[-49.5261,-24.90793],[-49.52635,-24.90792],[-49.52655,-24.90792],[-49.52686,-24.90792],[-49.52711,-24.90793],[-49.52722,-24.90793],[-49.52731,-24.90794],[-49.52751,-24.90798],[-49.52764,-24.90802],[-49.52788,-24.90808],[-49.52803,-24.90812],[-49.52818,-24.90814],[-49.52825,-24.90815],[-49.52842,-24.90818],[-49.52858,-24.90822],[-49.52865,-24.90826],[-49.52871,-24.9083],[-49.5289,-24.90847],[-49.52914,-24.90867],[-49.52924,-24.90875],[-49.52935,-24.90886],[-49.52942,-24.90898],[-49.52946,-24.90909],[-49.52948,-24.90933],[-49.52948,-24.90945],[-49.52945,-24.9096],[-49.52936,-24.90985],[-49.52926,-24.91019],[-49.52924,-24.91029],[-49.52923,-24.91037],[-49.52926,-24.91052],[-49.52931,-24.91069],[-49.52937,-24.91079],[-49.52946,-24.91087],[-49.52955,-24.91093],[-49.52967,-24.91102],[-49.52989,-24.91113],[-49.53009,-24.91123],[-49.53023,-24.91128],[-49.5304,-24.91135],[-49.53051,-24.91141],[-49.53065,-24.91149],[-49.53078,-24.91157],[-49.53089,-24.91161],[-49.53097,-24.91162],[-49.53117,-24.9116],[-49.53133,-24.91157],[-49.53143,-24.91151],[-49.53151,-24.91145],[-49.53166,-24.9113],[-49.53185,-24.91111],[-49.532,-24.91097],[-49.53214,-24.91091],[-49.53226,-24.9109],[-49.53239,-24.91092],[-49.53247,-24.91095],[-49.53257,-24.91099],[-49.53269,-24.91108],[-49.53281,-24.91117],[-49.53293,-24.91127],[-49.533,-24.91135],[-49.53305,-24.91147],[-49.53309,-24.91156],[-49.53313,-24.91168],[-49.53315,-24.91173],[-49.5332,-24.91182],[-49.53324,-24.9119],[-49.5333,-24.91197],[-49.5335,-24.91215],[-49.53379,-24.91237],[-49.5342,-24.91263],[-49.53466,-24.91297],[-49.53486,-24.91312],[-49.53522,-24.91339],[-49.53559,-24.91374],[-49.53621,-24.9142],[-49.53655,-24.91448],[-49.53702,-24.9148],[-49.53739,-24.91504],[-49.53759,-24.91512],[-49.53773,-24.91517],[-49.53789,-24.91523],[-49.53807,-24.91532],[-49.53824,-24.91544],[-49.53853,-24.91563],[-49.53871,-24.91573],[-49.53882,-24.91578],[-49.53893,-24.91583],[-49.53902,-24.91587],[-49.5391,-24.91595],[-49.53915,-24.91605],[-49.53918,-24.91619],[-49.53918,-24.91633],[-49.53917,-24.91645],[-49.53915,-24.91659],[-49.53907,-24.91668],[-49.53899,-24.91676],[-49.53889,-24.91681],[-49.5387,-24.91688],[-49.53853,-24.91693],[-49.53841,-24.91698],[-49.53829,-24.91705],[-49.53817,-24.91717],[-49.53809,-24.91734],[-49.538,-24.9175],[-49.53791,-24.91778],[-49.53788,-24.91799],[-49.53788,-24.9181],[-49.53791,-24.91821],[-49.53796,-24.9183],[-49.53805,-24.91844],[-49.5382,-24.91859],[-49.53836,-24.91875],[-49.53848,-24.91886],[-49.53863,-24.91897],[-49.53873,-24.91911],[-49.53884,-24.91927],[-49.53901,-24.9195],[-49.53907,-24.91958],[-49.53924,-24.91972],[-49.53961,-24.92004],[-49.53971,-24.92015],[-49.53978,-24.92025],[-49.53984,-24.92036],[-49.53996,-24.92067],[-49.54002,-24.92089],[-49.54007,-24.92114],[-49.54015,-24.92141],[-49.54023,-24.92173],[-49.54025,-24.92188],[-49.54027,-24.92206],[-49.5403,-24.9222],[-49.54039,-24.92242],[-49.5405,-24.92263],[-49.54061,-24.92281],[-49.54066,-24.92289],[-49.54069,-24.92301],[-49.54071,-24.9231],[-49.54071,-24.92319],[-49.54069,-24.92333],[-49.54067,-24.92343],[-49.54062,-24.92355],[-49.54054,-24.92363],[-49.54047,-24.92375],[-49.54044,-24.9238],[-49.54041,-24.92395],[-49.5404,-24.92407],[-49.5404,-24.92416],[-49.54042,-24.92425],[-49.5405,-24.92437],[-49.54057,-24.92449],[-49.54067,-24.92461],[-49.54077,-24.92473],[-49.54086,-24.92484],[-49.54097,-24.92501],[-49.54104,-24.92516],[-49.5411,-24.92529],[-49.54116,-24.92542],[-49.54126,-24.92566],[-49.54134,-24.92578],[-49.54143,-24.9259],[-49.5416,-24.92604],[-49.54179,-24.92621],[-49.5419,-24.92633],[-49.54201,-24.9265],[-49.54211,-24.92666],[-49.54218,-24.92689],[-49.54222,-24.92716],[-49.54226,-24.92744],[-49.54229,-24.92753],[-49.54233,-24.92761],[-49.54238,-24.92767],[-49.54245,-24.92771],[-49.54255,-24.92774],[-49.5427,-24.92779],[-49.54283,-24.92784],[-49.54293,-24.92789],[-49.54303,-24.92794],[-49.54308,-24.92798],[-49.54314,-24.92803],[-49.54326,-24.92815],[-49.54339,-24.92828],[-49.54346,-24.92839],[-49.5435,-24.9285],[-49.54355,-24.9286],[-49.5436,-24.92869],[-49.54372,-24.92884],[-49.54383,-24.92897],[-49.54401,-24.92913],[-49.5441,-24.92919],[-49.54415,-24.92922],[-49.5442,-24.92924],[-49.54428,-24.92926],[-49.54443,-24.92928],[-49.54466,-24.92932],[-49.54491,-24.92937],[-49.54505,-24.92942],[-49.54515,-24.92946],[-49.54526,-24.92954],[-49.54535,-24.92967],[-49.54539,-24.92981],[-49.54537,-24.93002],[-49.54533,-24.93013],[-49.54526,-24.93026],[-49.54513,-24.9304],[-49.54493,-24.93058],[-49.54479,-24.9307],[-49.54473,-24.93085],[-49.54471,-24.93098],[-49.5447,-24.93111],[-49.5447,-24.9312],[-49.54473,-24.93134],[-49.54477,-24.93145],[-49.54501,-24.93201],[-49.54519,-24.9324],[-49.54528,-24.93262],[-49.54536,-24.93289],[-49.54541,-24.93304],[-49.54548,-24.93317],[-49.5457,-24.93351],[-49.54588,-24.93379],[-49.54606,-24.93403],[-49.54611,-24.93409],[-49.54632,-24.93426],[-49.54646,-24.93436],[-49.54651,-24.93442],[-49.54657,-24.93454],[-49.54662,-24.93468],[-49.54663,-24.93475],[-49.54664,-24.93492],[-49.54667,-24.93505],[-49.5467,-24.93513],[-49.54675,-24.93519],[-49.54679,-24.93523],[-49.54688,-24.93529],[-49.54708,-24.93545],[-49.54721,-24.93555],[-49.54733,-24.93562],[-49.54747,-24.9357],[-49.54759,-24.93574],[-49.54779,-24.93579],[-49.54802,-24.93583],[-49.54817,-24.93584],[-49.54827,-24.93585],[-49.54845,-24.9359],[-49.5486,-24.93596],[-49.54872,-24.93603],[-49.54886,-24.93611],[-49.54903,-24.93623],[-49.54925,-24.93633],[-49.54944,-24.9364],[-49.54957,-24.93646],[-49.54964,-24.93654],[-49.54968,-24.93672],[-49.54971,-24.93691],[-49.5497,-24.93702],[-49.54965,-24.93715],[-49.54954,-24.9374],[-49.5495,-24.93758],[-49.54943,-24.93776],[-49.54936,-24.93786],[-49.54926,-24.93794],[-49.54907,-24.93805],[-49.5489,-24.93811],[-49.54867,-24.93816],[-49.54852,-24.93816],[-49.5483,-24.93814],[-49.54815,-24.93814],[-49.54793,-24.93813],[-49.54784,-24.93815],[-49.5478,-24.93818],[-49.54777,-24.93823],[-49.54775,-24.93828],[-49.54773,-24.9384],[-49.54773,-24.9385],[-49.54776,-24.93863],[-49.54782,-24.9388],[-49.54796,-24.93906],[-49.54811,-24.93937],[-49.54822,-24.93967],[-49.54839,-24.9401],[-49.54848,-24.94027],[-49.54861,-24.94043],[-49.54881,-24.94061],[-49.54901,-24.94076],[-49.54915,-24.94082],[-49.54929,-24.94085],[-49.54949,-24.94085],[-49.54961,-24.94083],[-49.54975,-24.94078],[-49.54994,-24.94067],[-49.55007,-24.94059],[-49.55024,-24.94052],[-49.55041,-24.94045],[-49.55063,-24.9404],[-49.55086,-24.94033],[-49.55098,-24.94025],[-49.55134,-24.93994],[-49.55159,-24.93977],[-49.55176,-24.93971],[-49.55194,-24.93967],[-49.55206,-24.93967],[-49.5522,-24.93968],[-49.55235,-24.93971],[-49.55253,-24.93974],[-49.55271,-24.93976],[-49.55284,-24.93978],[-49.55291,-24.93981],[-49.55296,-24.93984],[-49.55306,-24.93993],[-49.55316,-24.93997],[-49.55326,-24.94],[-49.55341,-24.94003],[-49.55357,-24.94006],[-49.55379,-24.94014],[-49.55397,-24.94023],[-49.55404,-24.94031],[-49.55409,-24.94043],[-49.55416,-24.94053],[-49.55425,-24.94059],[-49.55437,-24.94062],[-49.55454,-24.94064],[-49.55477,-24.94066],[-49.55493,-24.94068],[-49.55512,-24.94074],[-49.5553,-24.94079],[-49.55547,-24.9408],[-49.55561,-24.94079],[-49.55569,-24.94077],[-49.55575,-24.94073],[-49.55583,-24.94066],[-49.55589,-24.94061],[-49.55599,-24.94059],[-49.55608,-24.94059],[-49.5562,-24.94059],[-49.55656,-24.94061],[-49.55713,-24.94064],[-49.55724,-24.94065],[-49.55764,-24.94067],[-49.55815,-24.94064],[-49.55844,-24.9406],[-49.55862,-24.94059],[-49.55873,-24.94059],[-49.55883,-24.94061],[-49.55896,-24.94067],[-49.55913,-24.94072],[-49.55934,-24.94077],[-49.55951,-24.94078],[-49.55964,-24.94076],[-49.5598,-24.94073],[-49.56001,-24.94068],[-49.56021,-24.94063],[-49.56038,-24.94059],[-49.56048,-24.94058],[-49.56074,-24.94059],[-49.56096,-24.94059],[-49.56111,-24.94058],[-49.56121,-24.94055],[-49.5613,-24.94051],[-49.56143,-24.94049],[-49.56157,-24.94047],[-49.56175,-24.94044],[-49.5619,-24.94042],[-49.56208,-24.94035],[-49.56219,-24.94027],[-49.56233,-24.94014],[-49.56239,-24.94005],[-49.56243,-24.93994],[-49.56244,-24.93984],[-49.56244,-24.93974],[-49.56244,-24.93956],[-49.56245,-24.93946],[-49.56252,-24.93937],[-49.56261,-24.93928],[-49.56273,-24.93921],[-49.56297,-24.93916],[-49.5632,-24.93915],[-49.56342,-24.93916],[-49.56366,-24.9392],[-49.56395,-24.93929],[-49.5641,-24.93936],[-49.56423,-24.93946],[-49.56429,-24.93956],[-49.56433,-24.93967],[-49.56435,-24.93978],[-49.56434,-24.93987],[-49.56433,-24.94004],[-49.56434,-24.94019],[-49.56437,-24.94033],[-49.56442,-24.94043],[-49.56449,-24.94049],[-49.56457,-24.94055],[-49.56466,-24.94059],[-49.56477,-24.94064],[-49.5649,-24.94069],[-49.56499,-24.94072],[-49.5652,-24.94077],[-49.56555,-24.94085],[-49.56583,-24.94091],[-49.5661,-24.94097],[-49.56629,-24.94101],[-49.56637,-24.94103],[-49.56663,-24.94107],[-49.56689,-24.94112],[-49.56705,-24.94115],[-49.56717,-24.94118],[-49.56726,-24.94119],[-49.56734,-24.94117],[-49.56747,-24.94113],[-49.56756,-24.94109],[-49.56769,-24.94102],[-49.56778,-24.94093],[-49.56795,-24.94077],[-49.56807,-24.94068],[-49.56819,-24.94059],[-49.56826,-24.94051],[-49.56833,-24.94037],[-49.56839,-24.94016],[-49.56844,-24.93997],[-49.56849,-24.93978],[-49.56851,-24.93963],[-49.56851,-24.93949],[-49.5685,-24.93933],[-49.56848,-24.93919],[-49.56843,-24.93906],[-49.56837,-24.93895],[-49.5683,-24.93887],[-49.56822,-24.93874],[-49.56811,-24.93862],[-49.56805,-24.93851],[-49.56805,-24.93842],[-49.5681,-24.93833],[-49.56822,-24.93824],[-49.56847,-24.93807],[-49.56877,-24.93795],[-49.56901,-24.93788],[-49.5692,-24.93787],[-49.56938,-24.9379],[-49.56961,-24.93795],[-49.56997,-24.93805],[-49.57035,-24.93818],[-49.57082,-24.9384],[-49.57101,-24.9385],[-49.57116,-24.93857],[-49.57136,-24.93861],[-49.57158,-24.93865],[-49.57184,-24.93872],[-49.572,-24.93877],[-49.57222,-24.93888],[-49.57244,-24.93902],[-49.57267,-24.93921],[-49.57282,-24.93936],[-49.57291,-24.9395],[-49.57294,-24.93966],[-49.57296,-24.94],[-49.57294,-24.94027],[-49.57296,-24.94048],[-49.573,-24.94059],[-49.57306,-24.94069],[-49.57316,-24.94084],[-49.57319,-24.94091],[-49.57318,-24.94101],[-49.5731,-24.94109],[-49.57298,-24.94121],[-49.5728,-24.94133],[-49.5726,-24.9415],[-49.57244,-24.94163],[-49.57223,-24.94182],[-49.57199,-24.94211],[-49.57189,-24.94235],[-49.57178,-24.94262],[-49.57166,-24.94295],[-49.57157,-24.94318],[-49.57153,-24.94333],[-49.57151,-24.94344],[-49.57153,-24.94359],[-49.57156,-24.9437],[-49.57173,-24.94389],[-49.57188,-24.944],[-49.57208,-24.94406],[-49.57226,-24.94409],[-49.57247,-24.94409],[-49.57261,-24.94408],[-49.57285,-24.94404],[-49.57326,-24.94394],[-49.57392,-24.94379],[-49.57413,-24.94375],[-49.57441,-24.94371],[-49.57464,-24.94369],[-49.57478,-24.94369],[-49.57518,-24.94367],[-49.57527,-24.94366],[-49.57541,-24.94365],[-49.57556,-24.94365],[-49.57571,-24.94367],[-49.5758,-24.94371],[-49.57586,-24.94376],[-49.57593,-24.94381],[-49.57619,-24.94408],[-49.57642,-24.94432],[-49.57664,-24.94457],[-49.57669,-24.94463],[-49.57684,-24.94486],[-49.57698,-24.94509],[-49.5771,-24.94528],[-49.57726,-24.94571],[-49.57733,-24.94596],[-49.57739,-24.94625],[-49.57744,-24.94639],[-49.57749,-24.94648],[-49.57775,-24.94678],[-49.57806,-24.94711],[-49.57838,-24.94736],[-49.57852,-24.94747],[-49.57868,-24.94756],[-49.57882,-24.94761],[-49.57898,-24.94764],[-49.57926,-24.94768],[-49.57945,-24.94773],[-49.57957,-24.94777],[-49.57969,-24.94782],[-49.57978,-24.9479],[-49.5798,-24.94795],[-49.57982,-24.94805],[-49.57984,-24.9482],[-49.57982,-24.94849],[-49.57981,-24.94884],[-49.57978,-24.949],[-49.57974,-24.94909],[-49.57947,-24.94948],[-49.57911,-24.95006],[-49.57894,-24.95038],[-49.57889,-24.95049],[-49.57866,-24.95129],[-49.57855,-24.95179],[-49.57854,-24.95193],[-49.57851,-24.95237],[-49.5785,-24.95301],[-49.57852,-24.95343],[-49.57852,-24.95365],[-49.57854,-24.9539],[-49.57853,-24.95416],[-49.57847,-24.95438],[-49.57841,-24.95457],[-49.5783,-24.95468],[-49.57812,-24.95484],[-49.57766,-24.95515],[-49.57737,-24.95537],[-49.57708,-24.95563],[-49.57681,-24.95588],[-49.57668,-24.95597],[-49.57658,-24.95602],[-49.57645,-24.95607],[-49.5763,-24.95614],[-49.57619,-24.95622],[-49.57606,-24.95633],[-49.57593,-24.95648],[-49.57571,-24.95685],[-49.57556,-24.95716],[-49.57538,-24.95742],[-49.57532,-24.95754],[-49.5753,-24.95763],[-49.57527,-24.95785],[-49.57522,-24.95794],[-49.57515,-24.958],[-49.57508,-24.95807],[-49.57482,-24.95829],[-49.57472,-24.95842],[-49.5747,-24.95847],[-49.5747,-24.95854],[-49.57472,-24.95864],[-49.57478,-24.95894],[-49.57487,-24.95914],[-49.57509,-24.95945],[-49.57501,-24.95962],[-49.57493,-24.95968],[-49.57485,-24.95974],[-49.57472,-24.95981],[-49.57435,-24.95994],[-49.57396,-24.96005],[-49.57362,-24.96007],[-49.57331,-24.96015],[-49.5732,-24.96024],[-49.57309,-24.9605],[-49.57298,-24.9606],[-49.5724,-24.96074],[-49.57225,-24.96082],[-49.57203,-24.96112],[-49.57192,-24.96147],[-49.57175,-24.96174],[-49.57145,-24.96212],[-49.57132,-24.96226],[-49.57114,-24.96238],[-49.57103,-24.96251],[-49.57101,-24.96258],[-49.57088,-24.96306],[-49.5706,-24.96336],[-49.57024,-24.96407],[-49.57004,-24.96427],[-49.56997,-24.96442],[-49.56993,-24.96463],[-49.56974,-24.96489],[-49.56968,-24.96512],[-49.56975,-24.9654],[-49.56989,-24.96561],[-49.5699,-24.9657],[-49.56988,-24.96578],[-49.56977,-24.96587],[-49.5697,-24.9659],[-49.56928,-24.9659],[-49.56906,-24.96598],[-49.56898,-24.96611],[-49.56896,-24.96654],[-49.56888,-24.96674],[-49.56873,-24.96691],[-49.56842,-24.96712],[-49.56802,-24.96718],[-49.56792,-24.96723],[-49.56785,-24.96726],[-49.56766,-24.96739],[-49.56743,-24.96743],[-49.56709,-24.96737],[-49.56659,-24.96733],[-49.56616,-24.96734],[-49.56589,-24.96726],[-49.56571,-24.96717],[-49.56556,-24.96708],[-49.56529,-24.96709],[-49.56494,-24.96705],[-49.56487,-24.96707],[-49.56478,-24.96709],[-49.56473,-24.96713],[-49.56461,-24.96735],[-49.56449,-24.96748],[-49.56432,-24.96753],[-49.5641,-24.96749],[-49.56388,-24.96743],[-49.56371,-24.96745],[-49.56346,-24.96775],[-49.56311,-24.96791],[-49.56298,-24.96799],[-49.56289,-24.96805],[-49.56273,-24.96835],[-49.56239,-24.96869],[-49.56236,-24.96885],[-49.56245,-24.96902],[-49.56252,-24.96916],[-49.56253,-24.96947],[-49.56228,-24.96977],[-49.56189,-24.96999],[-49.56165,-24.97022],[-49.56156,-24.97039],[-49.56163,-24.9707],[-49.56168,-24.97092],[-49.56165,-24.97106],[-49.5615,-24.97125],[-49.56121,-24.97146],[-49.5611,-24.97169],[-49.56125,-24.97272],[-49.56134,-24.97302],[-49.56132,-24.97311],[-49.5612,-24.9732],[-49.56082,-24.97339],[-49.56044,-24.9737],[-49.56025,-24.97397],[-49.56018,-24.97403],[-49.5601,-24.97405],[-49.55991,-24.97397],[-49.55968,-24.97382],[-49.55959,-24.9738],[-49.55926,-24.97381],[-49.55883,-24.97347],[-49.55806,-24.97319],[-49.55745,-24.97279],[-49.55725,-24.97257],[-49.55706,-24.9721],[-49.55701,-24.97188],[-49.5569,-24.97173],[-49.55676,-24.97163],[-49.55662,-24.97159],[-49.55621,-24.97161],[-49.55605,-24.97173],[-49.55583,-24.97201],[-49.55547,-24.97229],[-49.55515,-24.97269],[-49.55479,-24.97283],[-49.55452,-24.97289],[-49.55434,-24.97299],[-49.55418,-24.97317],[-49.55414,-24.9733],[-49.55412,-24.97338],[-49.55412,-24.97368],[-49.55401,-24.97385],[-49.55401,-24.97408],[-49.55382,-24.97442],[-49.55384,-24.97455],[-49.55407,-24.97494],[-49.5541,-24.97508],[-49.55407,-24.9753],[-49.55399,-24.97542],[-49.55391,-24.97565],[-49.55381,-24.97577],[-49.55346,-24.97594],[-49.5533,-24.97609],[-49.55321,-24.97611],[-49.55297,-24.97606],[-49.55281,-24.9761],[-49.55253,-24.97609],[-49.5523,-24.97615],[-49.55188,-24.97602],[-49.55183,-24.97607],[-49.55178,-24.97621],[-49.5517,-24.97621],[-49.55117,-24.97609],[-49.55093,-24.97608],[-49.55003,-24.9762],[-49.54949,-24.97632],[-49.54941,-24.97638],[-49.54931,-24.97647],[-49.54911,-24.9768],[-49.54903,-24.97685],[-49.54874,-24.9769],[-49.5485,-24.97705],[-49.54824,-24.97743],[-49.54804,-24.97779],[-49.54765,-24.97817],[-49.54753,-24.9784],[-49.54718,-24.97862],[-49.54705,-24.97873],[-49.54698,-24.97892],[-49.54702,-24.97915],[-49.54698,-24.97935],[-49.5469,-24.97947],[-49.54654,-24.97962],[-49.5461,-24.97988],[-49.54606,-24.97994],[-49.54585,-24.98022],[-49.54579,-24.98026],[-49.54563,-24.9803],[-49.54554,-24.9804],[-49.54549,-24.98053],[-49.54546,-24.98099],[-49.54531,-24.98139],[-49.54526,-24.98173],[-49.54517,-24.98185],[-49.54508,-24.982],[-49.54489,-24.98208],[-49.54483,-24.9821],[-49.54478,-24.98222],[-49.54479,-24.98237],[-49.54497,-24.98292],[-49.54487,-24.98331],[-49.54489,-24.98345],[-49.54495,-24.98358],[-49.54524,-24.98397],[-49.54528,-24.98411],[-49.54526,-24.98418],[-49.54515,-24.98438],[-49.54511,-24.9846],[-49.54499,-24.98478],[-49.54468,-24.98511],[-49.54451,-24.98537],[-49.54404,-24.98577],[-49.54379,-24.98584],[-49.54335,-24.98585],[-49.54303,-24.98572],[-49.54273,-24.9857],[-49.54187,-24.98589],[-49.54164,-24.98597],[-49.5412,-24.98597],[-49.54102,-24.98595],[-49.54083,-24.98597],[-49.54047,-24.98611],[-49.53997,-24.98616],[-49.53977,-24.98626],[-49.53954,-24.98632],[-49.53948,-24.98641],[-49.53899,-24.98646],[-49.53881,-24.98649],[-49.53856,-24.98654],[-49.53834,-24.98668],[-49.53819,-24.98685],[-49.5379,-24.98698],[-49.53762,-24.98716],[-49.53735,-24.98716],[-49.5371,-24.98726],[-49.5367,-24.98753],[-49.53618,-24.988],[-49.53589,-24.98846],[-49.53563,-24.98888],[-49.53517,-24.98901],[-49.5349,-24.98908],[-49.53438,-24.98939],[-49.53395,-24.98956],[-49.53322,-24.98972],[-49.53293,-24.99021],[-49.53241,-24.99055],[-49.5321,-24.99115],[-49.53175,-24.99146],[-49.53124,-24.992],[-49.53086,-24.99232],[-49.53025,-24.99257],[-49.52993,-24.99286],[-49.52949,-24.99325],[-49.52911,-24.99344],[-49.5286,-24.99396],[-49.52842,-24.99402],[-49.528,-24.99416],[-49.52755,-24.99447],[-49.52695,-24.99481],[-49.52644,-24.99509],[-49.52612,-24.99549],[-49.52571,-24.99572],[-49.5251,-24.99599],[-49.5245,-24.99648],[-49.52386,-24.99693],[-49.52342,-24.99736],[-49.52297,-24.99741],[-49.52246,-24.99724],[-49.52203,-24.9972],[-49.52249,-24.99809],[-49.52214,-24.99817],[-49.52186,-24.99827],[-49.52172,-24.99843],[-49.52147,-24.99898],[-49.52109,-24.99963],[-49.52092,-25.00032],[-49.5206,-25.00073],[-49.52026,-25.00166],[-49.52013,-25.00178],[-49.51999,-25.00214],[-49.51996,-25.00236],[-49.52011,-25.00261],[-49.52052,-25.00306],[-49.52059,-25.00324],[-49.52064,-25.00343],[-49.52058,-25.00358],[-49.52049,-25.00362],[-49.52033,-25.0036],[-49.52022,-25.0035],[-49.5201,-25.00344],[-49.51989,-25.0034],[-49.51956,-25.00346],[-49.51896,-25.00348],[-49.51858,-25.00348],[-49.51798,-25.00362],[-49.51767,-25.00387],[-49.5174,-25.00432],[-49.51739,-25.00486],[-49.51715,-25.00497],[-49.5162,-25.00507],[-49.51575,-25.00513],[-49.51561,-25.0052],[-49.51539,-25.00538],[-49.51523,-25.0055],[-49.51495,-25.00559],[-49.51471,-25.00551],[-49.51412,-25.00548],[-49.51385,-25.00542],[-49.51372,-25.00539],[-49.51351,-25.00539],[-49.5134,-25.00547],[-49.51333,-25.00562],[-49.51322,-25.00585],[-49.51312,-25.00596],[-49.51301,-25.00603],[-49.51282,-25.00609],[-49.51267,-25.00613],[-49.51253,-25.00614],[-49.51242,-25.00615],[-49.51226,-25.00616],[-49.51216,-25.00618],[-49.51204,-25.00621],[-49.51193,-25.00624],[-49.51184,-25.00629],[-49.51179,-25.00635],[-49.51177,-25.00642],[-49.51177,-25.00649],[-49.51176,-25.00654],[-49.51175,-25.00661],[-49.51172,-25.00667],[-49.5117,-25.00674],[-49.5117,-25.00681],[-49.5117,-25.00687],[-49.51169,-25.00694],[-49.51166,-25.00703],[-49.51163,-25.00708],[-49.51162,-25.00711],[-49.51161,-25.00716],[-49.51163,-25.00721],[-49.51166,-25.00726],[-49.51168,-25.0073],[-49.51169,-25.00735],[-49.51169,-25.00737],[-49.51168,-25.00742],[-49.51164,-25.00749],[-49.51161,-25.00755],[-49.51157,-25.00761],[-49.51154,-25.00767],[-49.51152,-25.00772],[-49.51153,-25.00775],[-49.51155,-25.00779],[-49.5116,-25.00784],[-49.51167,-25.00786],[-49.51182,-25.00785],[-49.51191,-25.00784],[-49.51198,-25.00786],[-49.51204,-25.00794],[-49.51209,-25.00803],[-49.51214,-25.00808],[-49.51215,-25.00815],[-49.51215,-25.00825],[-49.51215,-25.00834],[-49.51217,-25.00844],[-49.51214,-25.00855],[-49.51208,-25.00864],[-49.51202,-25.00873],[-49.51194,-25.00879],[-49.51187,-25.00882],[-49.51176,-25.00882],[-49.51167,-25.00876],[-49.51163,-25.00868],[-49.51157,-25.00862],[-49.51145,-25.00858],[-49.51123,-25.00858],[-49.51103,-25.00856],[-49.51086,-25.00856],[-49.51068,-25.00857],[-49.51053,-25.00855],[-49.51039,-25.00848],[-49.51029,-25.00843],[-49.51017,-25.00843],[-49.5098,-25.00852],[-49.50953,-25.00862],[-49.50928,-25.00873],[-49.50905,-25.0088],[-49.50882,-25.00883],[-49.50846,-25.00885],[-49.50824,-25.00885],[-49.50801,-25.00882],[-49.50787,-25.00883],[-49.50772,-25.00884],[-49.50755,-25.00883],[-49.50743,-25.00881],[-49.50733,-25.0088],[-49.50724,-25.00881],[-49.50715,-25.00887],[-49.5071,-25.0089],[-49.50702,-25.00897],[-49.50691,-25.00904],[-49.50676,-25.00908],[-49.5066,-25.00909],[-49.50645,-25.00906],[-49.50636,-25.00897],[-49.50629,-25.00887],[-49.50621,-25.0088],[-49.5061,-25.00876],[-49.50598,-25.00873],[-49.50588,-25.00873],[-49.50581,-25.00878],[-49.50573,-25.00886],[-49.50569,-25.00893],[-49.50559,-25.00897],[-49.50547,-25.00901],[-49.50534,-25.00907],[-49.50526,-25.00921],[-49.50517,-25.00936],[-49.50512,-25.00945],[-49.50505,-25.00954],[-49.505,-25.00961],[-49.50492,-25.00964],[-49.5048,-25.00966],[-49.50465,-25.00965],[-49.50456,-25.00963],[-49.50448,-25.00965],[-49.50438,-25.00974],[-49.5043,-25.00984],[-49.5042,-25.00996],[-49.50414,-25.01005],[-49.50407,-25.01009],[-49.50399,-25.0101],[-49.50393,-25.01008],[-49.50375,-25.01003],[-49.50357,-25.00999],[-49.50341,-25.00988],[-49.50325,-25.00974],[-49.50313,-25.00958],[-49.50307,-25.00945],[-49.503,-25.00936],[-49.50291,-25.00935],[-49.50285,-25.0094],[-49.5028,-25.00948],[-49.50283,-25.0096],[-49.50292,-25.00971],[-49.50302,-25.00985],[-49.50307,-25.00993],[-49.5031,-25.01],[-49.5031,-25.01012],[-49.50306,-25.01021],[-49.50299,-25.01029],[-49.50288,-25.01036],[-49.50273,-25.01041],[-49.50257,-25.01044],[-49.50238,-25.01045],[-49.50226,-25.01045],[-49.50216,-25.0104],[-49.50207,-25.01032],[-49.50197,-25.01028],[-49.50184,-25.01028],[-49.50177,-25.01028],[-49.5017,-25.01029],[-49.50163,-25.01037],[-49.50163,-25.01054],[-49.50161,-25.01065],[-49.50159,-25.01076],[-49.50155,-25.01084],[-49.50149,-25.01087],[-49.50139,-25.01085],[-49.50125,-25.01081],[-49.50115,-25.01071],[-49.50104,-25.01059],[-49.5009,-25.01049],[-49.50083,-25.01044],[-49.50079,-25.01034],[-49.50077,-25.01017],[-49.50077,-25.01004],[-49.50075,-25.00996],[-49.50068,-25.0099],[-49.50057,-25.00983],[-49.50049,-25.00976],[-49.50042,-25.00972],[-49.50033,-25.00972],[-49.5002,-25.00976],[-49.50007,-25.0098],[-49.49988,-25.00984],[-49.49976,-25.00987],[-49.4994,-25.01002],[-49.49911,-25.01013],[-49.49897,-25.01022],[-49.4988,-25.01031],[-49.49839,-25.01046],[-49.49818,-25.01057],[-49.4977,-25.01091],[-49.49803,-25.01103],[-49.49865,-25.01163],[-49.49908,-25.01188],[-49.49945,-25.01233],[-49.49963,-25.01251],[-49.49989,-25.01265],[-49.50052,-25.01282],[-49.50115,-25.01307],[-49.50149,-25.01348],[-49.50164,-25.01388],[-49.5015,-25.01427],[-49.50105,-25.01465],[-49.5006,-25.01522],[-49.50022,-25.01607],[-49.49992,-25.01701],[-49.49944,-25.01762],[-49.49917,-25.01798],[-49.49901,-25.01848],[-49.49948,-25.01894],[-49.49997,-25.0193],[-49.50051,-25.01993],[-49.50093,-25.02034],[-49.50119,-25.02077],[-49.50141,-25.02173],[-49.50177,-25.02248],[-49.5021,-25.02324],[-49.50212,-25.02401],[-49.50232,-25.02475],[-49.50276,-25.02531],[-49.50291,-25.02544],[-49.50288,-25.02564],[-49.50284,-25.02604],[-49.50287,-25.02617],[-49.50286,-25.02629],[-49.50291,-25.02641],[-49.50313,-25.02656],[-49.50318,-25.02668],[-49.50339,-25.02695],[-49.50351,-25.027],[-49.50361,-25.0271],[-49.50378,-25.0274],[-49.50386,-25.02752],[-49.50399,-25.02761],[-49.50428,-25.02761],[-49.5044,-25.02767],[-49.5045,-25.02776],[-49.50481,-25.0281],[-49.50487,-25.02835],[-49.505,-25.0285],[-49.50504,-25.02863],[-49.50526,-25.02879],[-49.50563,-25.02908],[-49.50572,-25.02919],[-49.50603,-25.02935],[-49.5063,-25.02955],[-49.50651,-25.0296],[-49.5067,-25.02968],[-49.50677,-25.02968],[-49.50691,-25.02964],[-49.50696,-25.02968],[-49.507,-25.02993],[-49.5071,-25.03002],[-49.50731,-25.03006],[-49.50737,-25.03003],[-49.50744,-25.02978],[-49.50749,-25.02974],[-49.50762,-25.0297],[-49.50774,-25.02976],[-49.5078,-25.02988],[-49.50793,-25.03003],[-49.50802,-25.03021],[-49.5081,-25.03052],[-49.50815,-25.03071],[-49.50815,-25.0309],[-49.50808,-25.03108],[-49.50808,-25.03128],[-49.50802,-25.03153],[-49.50807,-25.03178],[-49.50799,-25.03189],[-49.50799,-25.03214],[-49.50784,-25.0325],[-49.50747,-25.03279],[-49.50729,-25.03289],[-49.50713,-25.03302],[-49.50692,-25.03304],[-49.50678,-25.03317],[-49.5065,-25.03329],[-49.50641,-25.03334],[-49.50613,-25.0334],[-49.50601,-25.03356],[-49.50588,-25.03359],[-49.50583,-25.03364],[-49.5057,-25.03401],[-49.50567,-25.03409],[-49.5055,-25.03419],[-49.50542,-25.03431],[-49.50529,-25.03434],[-49.50519,-25.03443],[-49.5049,-25.03448],[-49.50483,-25.03447],[-49.5047,-25.03432],[-49.5047,-25.03419],[-49.50465,-25.03415],[-49.50451,-25.0341],[-49.5043,-25.03412],[-49.50403,-25.03421],[-49.50402,-25.03427],[-49.50412,-25.03437],[-49.5041,-25.03443],[-49.50376,-25.03433],[-49.50355,-25.03435],[-49.50342,-25.03439],[-49.50325,-25.03451],[-49.50304,-25.03454],[-49.5029,-25.03456],[-49.50285,-25.0346],[-49.50285,-25.03467],[-49.50263,-25.03469],[-49.5026,-25.03474],[-49.50263,-25.0348],[-49.5026,-25.03486],[-49.50253,-25.03489],[-49.50251,-25.03495],[-49.50251,-25.03501],[-49.50246,-25.03513],[-49.5025,-25.03519],[-49.50263,-25.03533],[-49.50269,-25.03545],[-49.50269,-25.03557],[-49.50273,-25.03563],[-49.5028,-25.03564],[-49.50288,-25.03574],[-49.50298,-25.03597],[-49.50314,-25.03609],[-49.50313,-25.03621],[-49.50287,-25.0363],[-49.50237,-25.03631],[-49.50187,-25.03641],[-49.50161,-25.0365],[-49.50145,-25.03663],[-49.50139,-25.03665],[-49.50118,-25.03672],[-49.50104,-25.03694],[-49.50095,-25.03704],[-49.50081,-25.03733],[-49.50069,-25.03742],[-49.5006,-25.03751],[-49.50055,-25.03772],[-49.50039,-25.03794],[-49.50011,-25.03805],[-49.49992,-25.03828],[-49.49985,-25.03841],[-49.49983,-25.03852],[-49.49989,-25.03866],[-49.50017,-25.0389],[-49.50026,-25.03891],[-49.50055,-25.03875],[-49.50063,-25.03874],[-49.50068,-25.03869],[-49.5007,-25.03857],[-49.50074,-25.03852],[-49.50081,-25.0385],[-49.50095,-25.03854],[-49.50101,-25.03852],[-49.50105,-25.03839],[-49.5011,-25.03835],[-49.50132,-25.03833],[-49.50139,-25.03833],[-49.50151,-25.0384],[-49.50186,-25.03838],[-49.50213,-25.03846],[-49.50227,-25.03846],[-49.50241,-25.03844],[-49.50266,-25.03831],[-49.50273,-25.03832],[-49.50285,-25.03839],[-49.50288,-25.03844],[-49.50291,-25.03857],[-49.50288,-25.03882],[-49.50291,-25.03895],[-49.50294,-25.03901],[-49.50311,-25.03914],[-49.50325,-25.03916],[-49.50344,-25.03907],[-49.50358,-25.03893],[-49.50371,-25.03898],[-49.50375,-25.03904],[-49.50373,-25.03935],[-49.50356,-25.03946],[-49.50328,-25.03941],[-49.50318,-25.0395],[-49.50317,-25.03963],[-49.50319,-25.03969],[-49.50329,-25.03979],[-49.50348,-25.03988],[-49.50351,-25.03993],[-49.50351,-25.03999],[-49.50346,-25.04012],[-49.50346,-25.04025],[-49.50335,-25.04033],[-49.50329,-25.04052],[-49.5031,-25.04058],[-49.503,-25.04075],[-49.50296,-25.04079],[-49.50294,-25.04091],[-49.50289,-25.04096],[-49.50287,-25.04109],[-49.5028,-25.04119],[-49.50268,-25.04127],[-49.50255,-25.04131],[-49.50245,-25.0414],[-49.50244,-25.04153],[-49.50234,-25.04177],[-49.50232,-25.04203],[-49.50231,-25.04209],[-49.50233,-25.04216],[-49.50237,-25.04221],[-49.5025,-25.04227],[-49.50256,-25.04238],[-49.50241,-25.04267],[-49.50229,-25.04275],[-49.50211,-25.04286],[-49.50202,-25.04296],[-49.50195,-25.04297],[-49.50181,-25.04295],[-49.50161,-25.04299],[-49.50151,-25.04309],[-49.5015,-25.04321],[-49.50123,-25.04327],[-49.50081,-25.04324],[-49.50053,-25.04342],[-49.5005,-25.04348],[-49.5005,-25.04361],[-49.50063,-25.04383],[-49.50077,-25.04385],[-49.501,-25.0437],[-49.50114,-25.04366],[-49.50121,-25.04368],[-49.50124,-25.04374],[-49.50124,-25.04393],[-49.50118,-25.04396],[-49.50104,-25.04396],[-49.501,-25.04402],[-49.501,-25.04414],[-49.50079,-25.04431],[-49.50073,-25.04433],[-49.5005,-25.04429],[-49.50037,-25.04428],[-49.50024,-25.0443],[-49.49977,-25.04448],[-49.49963,-25.04456],[-49.49957,-25.04461],[-49.49956,-25.04467],[-49.49964,-25.04481],[-49.49965,-25.04488],[-49.49957,-25.04518],[-49.49959,-25.04535],[-49.50018,-25.04615],[-49.50026,-25.04631],[-49.50026,-25.04638],[-49.5002,-25.04646],[-49.50012,-25.0465],[-49.50005,-25.04654],[-49.49998,-25.04667],[-49.49988,-25.04679],[-49.49975,-25.04687],[-49.49961,-25.0469],[-49.4993,-25.04672],[-49.49902,-25.04646],[-49.49884,-25.04637],[-49.49867,-25.04633],[-49.49849,-25.04612],[-49.49839,-25.04608],[-49.49811,-25.04612],[-49.49759,-25.04635],[-49.49739,-25.04656],[-49.49726,-25.0467],[-49.49692,-25.04694],[-49.49681,-25.04706],[-49.4968,-25.04715],[-49.49683,-25.04721],[-49.49702,-25.04745],[-49.49703,-25.04754],[-49.49695,-25.04777],[-49.49697,-25.04784],[-49.49719,-25.04798],[-49.49721,-25.04804],[-49.49721,-25.04814],[-49.49716,-25.04824],[-49.49702,-25.04835],[-49.49699,-25.04842],[-49.49704,-25.04848],[-49.49719,-25.04855],[-49.4973,-25.04859],[-49.49744,-25.04871],[-49.49749,-25.04879],[-49.49751,-25.04897],[-49.49745,-25.04915],[-49.49709,-25.04978],[-49.49703,-25.04996],[-49.49707,-25.05004],[-49.49718,-25.05016],[-49.49779,-25.05047],[-49.49794,-25.05059],[-49.49807,-25.0508],[-49.49807,-25.05098],[-49.4979,-25.05115],[-49.49752,-25.05132],[-49.49746,-25.05153],[-49.49737,-25.05166],[-49.49729,-25.05169],[-49.49722,-25.05172],[-49.49685,-25.05193],[-49.49655,-25.05216],[-49.49631,-25.05252],[-49.49616,-25.05267],[-49.49569,-25.05314],[-49.49563,-25.05328],[-49.49572,-25.0536],[-49.49569,-25.05373],[-49.49561,-25.05375],[-49.49552,-25.05369],[-49.49545,-25.05364],[-49.49521,-25.05316],[-49.49507,-25.05294],[-49.49499,-25.05292],[-49.49488,-25.05295],[-49.49481,-25.053],[-49.49471,-25.05324],[-49.49437,-25.05364],[-49.49416,-25.05397],[-49.49402,-25.05408],[-49.49358,-25.05425],[-49.49334,-25.05449],[-49.49327,-25.0547],[-49.49328,-25.05487],[-49.49337,-25.05502],[-49.49361,-25.0552],[-49.49363,-25.05533],[-49.4936,-25.0554],[-49.49332,-25.05558],[-49.49275,-25.05581],[-49.49256,-25.05595],[-49.49255,-25.05602],[-49.49266,-25.05613],[-49.49301,-25.05624],[-49.49314,-25.05662],[-49.49327,-25.05677],[-49.4934,-25.05686],[-49.49412,-25.0572],[-49.49413,-25.05735],[-49.49398,-25.05744],[-49.49411,-25.05756],[-49.49412,-25.05774],[-49.49425,-25.05795],[-49.4941,-25.05824],[-49.49399,-25.05832],[-49.4935,-25.05855],[-49.49316,-25.05873],[-49.49302,-25.05884],[-49.49293,-25.05904],[-49.49291,-25.0592],[-49.49277,-25.05934],[-49.49259,-25.05939],[-49.49199,-25.05938],[-49.49162,-25.05943],[-49.49111,-25.05934],[-49.49088,-25.05933],[-49.49039,-25.05937],[-49.49014,-25.05951],[-49.48978,-25.05945],[-49.48957,-25.05952],[-49.48881,-25.06014],[-49.48867,-25.06019],[-49.48851,-25.06018],[-49.48785,-25.05989],[-49.48766,-25.05992],[-49.48746,-25.05999],[-49.48626,-25.06087],[-49.48609,-25.06095],[-49.48587,-25.06095],[-49.48563,-25.06121],[-49.48549,-25.06151],[-49.48546,-25.06199],[-49.48551,-25.06244],[-49.48552,-25.06257],[-49.48543,-25.06295],[-49.4853,-25.06312],[-49.4848,-25.06358],[-49.4838,-25.0642],[-49.48331,-25.06473],[-49.48315,-25.06503],[-49.48302,-25.06555],[-49.48281,-25.06611],[-49.48264,-25.06655],[-49.48215,-25.06759],[-49.48172,-25.06823],[-49.48151,-25.06868],[-49.48099,-25.0694],[-49.48092,-25.06955],[-49.48078,-25.07012],[-49.48062,-25.07042],[-49.48055,-25.07086],[-49.48054,-25.07186],[-49.4806,-25.07245],[-49.48054,-25.0728],[-49.48062,-25.07296],[-49.48093,-25.07323],[-49.48111,-25.07345],[-49.4812,-25.0736],[-49.48121,-25.07375],[-49.4811,-25.07386],[-49.48077,-25.07401],[-49.48066,-25.07415],[-49.48054,-25.07432],[-49.48046,-25.07453],[-49.48043,-25.07484],[-49.48046,-25.07498],[-49.48058,-25.07524],[-49.48083,-25.07563],[-49.48154,-25.07619],[-49.48165,-25.07632],[-49.48168,-25.0764],[-49.48166,-25.07676],[-49.48154,-25.07734],[-49.48154,-25.07748],[-49.48167,-25.07803],[-49.48166,-25.0784],[-49.48146,-25.07906],[-49.48146,-25.07956],[-49.48152,-25.08019],[-49.48156,-25.08062],[-49.48149,-25.08122],[-49.48156,-25.0816],[-49.48157,-25.08195],[-49.48149,-25.08245],[-49.48133,-25.08284],[-49.48111,-25.0834],[-49.48077,-25.08409],[-49.48025,-25.08483],[-49.4798,-25.08586],[-49.47671,-25.08584],[-49.47654,-25.08597],[-49.47623,-25.08605],[-49.47597,-25.08632],[-49.47598,-25.08687],[-49.4756,-25.08748],[-49.47521,-25.08817],[-49.47511,-25.08846],[-49.47499,-25.08867],[-49.47476,-25.08893],[-49.47436,-25.08928],[-49.47416,-25.0894],[-49.47395,-25.08948],[-49.47379,-25.0895],[-49.47342,-25.08938],[-49.47323,-25.08936],[-49.47304,-25.08938],[-49.47289,-25.08946],[-49.47283,-25.08955],[-49.47277,-25.08981],[-49.47268,-25.08995],[-49.47258,-25.09001],[-49.47241,-25.09005],[-49.47223,-25.09008],[-49.47191,-25.0903],[-49.4716,-25.09052],[-49.47141,-25.09077],[-49.47109,-25.09109],[-49.47074,-25.09134],[-49.4703,-25.09156],[-49.46954,-25.09175],[-49.46925,-25.09183],[-49.46891,-25.09182],[-49.46857,-25.09185],[-49.46844,-25.09191],[-49.46818,-25.09217],[-49.46799,-25.0923],[-49.46785,-25.09247],[-49.46767,-25.09272],[-49.46757,-25.09296],[-49.46741,-25.09316],[-49.46688,-25.09364],[-49.46636,-25.0941],[-49.4659,-25.09452],[-49.46565,-25.09481],[-49.4654,-25.0951],[-49.46511,-25.09543],[-49.46499,-25.09555],[-49.46494,-25.0957],[-49.46488,-25.0959],[-49.46479,-25.09611],[-49.46466,-25.09627],[-49.46446,-25.09655],[-49.46438,-25.09668],[-49.46422,-25.09686],[-49.46406,-25.09697],[-49.46397,-25.09707],[-49.46392,-25.09722],[-49.46393,-25.09751],[-49.46392,-25.09771],[-49.46396,-25.09793],[-49.46405,-25.09812],[-49.46409,-25.09828],[-49.46407,-25.09852],[-49.46399,-25.09871],[-49.46359,-25.09922],[-49.46314,-25.09972],[-49.46293,-25.09995],[-49.46282,-25.10009],[-49.46275,-25.10021],[-49.46271,-25.10038],[-49.46272,-25.1006],[-49.4627,-25.1008],[-49.46261,-25.10104],[-49.46249,-25.10125],[-49.46226,-25.10153],[-49.46209,-25.10185],[-49.46199,-25.1021],[-49.46177,-25.1024],[-49.46149,-25.10273],[-49.46136,-25.10282],[-49.46114,-25.10287],[-49.46087,-25.10286],[-49.46041,-25.10276],[-49.46003,-25.10269],[-49.45978,-25.1027],[-49.4596,-25.10279],[-49.45936,-25.10292],[-49.45905,-25.10329],[-49.45879,-25.10369],[-49.45824,-25.10408],[-49.45763,-25.10453],[-49.45728,-25.10479],[-49.45599,-25.10555],[-49.4557,-25.10575],[-49.45553,-25.10586],[-49.45535,-25.10598],[-49.45521,-25.10617],[-49.45507,-25.10655],[-49.45495,-25.10699],[-49.45491,-25.10716],[-49.45488,-25.10732],[-49.45496,-25.10757],[-49.45506,-25.10777],[-49.45516,-25.10794],[-49.45518,-25.1081],[-49.45513,-25.10829],[-49.455,-25.10842],[-49.45472,-25.10853],[-49.45455,-25.10854],[-49.45443,-25.10855],[-49.4542,-25.10864],[-49.45401,-25.10873],[-49.45378,-25.10891],[-49.45353,-25.10901],[-49.4526,-25.10927],[-49.45173,-25.10951],[-49.45154,-25.10957],[-49.45146,-25.10959],[-49.45078,-25.10968],[-49.45018,-25.10971],[-49.44986,-25.10972],[-49.44972,-25.10973],[-49.44953,-25.10964],[-49.44939,-25.10949],[-49.4491,-25.10934],[-49.44895,-25.1093],[-49.44879,-25.10927],[-49.44852,-25.10927],[-49.44829,-25.1093],[-49.44821,-25.1093],[-49.44813,-25.10932],[-49.44808,-25.10935],[-49.44806,-25.10939],[-49.44807,-25.10946],[-49.44819,-25.10971],[-49.44828,-25.10982],[-49.44831,-25.10995],[-49.44829,-25.11015],[-49.44819,-25.1105],[-49.44811,-25.11087],[-49.448,-25.11114],[-49.44782,-25.11134],[-49.44763,-25.11157],[-49.44739,-25.11181],[-49.44725,-25.11194],[-49.44708,-25.11203],[-49.44688,-25.11209],[-49.44669,-25.11219],[-49.44655,-25.11231],[-49.44644,-25.1124],[-49.44632,-25.11245],[-49.44624,-25.11246],[-49.44614,-25.11244],[-49.44604,-25.11236],[-49.44594,-25.11224],[-49.4458,-25.11216],[-49.44562,-25.11209],[-49.44544,-25.11204],[-49.44524,-25.11199],[-49.4451,-25.11198],[-49.44497,-25.11202],[-49.44487,-25.11208],[-49.44478,-25.1122],[-49.4447,-25.11233],[-49.44461,-25.11244],[-49.44446,-25.11255],[-49.4443,-25.11263],[-49.44406,-25.11269],[-49.44387,-25.11273],[-49.44374,-25.11277],[-49.44366,-25.11284],[-49.44361,-25.11292],[-49.44359,-25.11306],[-49.4436,-25.11324],[-49.44364,-25.11359],[-49.44371,-25.11388],[-49.44378,-25.11414],[-49.44379,-25.11433],[-49.44375,-25.11451],[-49.44375,-25.11465],[-49.44377,-25.11496],[-49.44381,-25.11538],[-49.44386,-25.11575],[-49.44389,-25.11592],[-49.4439,-25.1161],[-49.44389,-25.11625],[-49.44384,-25.11667],[-49.44381,-25.1168],[-49.44369,-25.1173],[-49.44359,-25.11766],[-49.44352,-25.11785],[-49.44345,-25.11801],[-49.44336,-25.1181],[-49.44309,-25.11842],[-49.4429,-25.11861],[-49.44265,-25.11877],[-49.44219,-25.11901],[-49.44176,-25.11926],[-49.44138,-25.11953],[-49.44117,-25.11972],[-49.44096,-25.11988],[-49.44062,-25.12016],[-49.44048,-25.1203],[-49.44034,-25.12038],[-49.44006,-25.12044],[-49.43983,-25.12045],[-49.4394,-25.12045],[-49.43918,-25.12045],[-49.439,-25.12047],[-49.43882,-25.12054],[-49.43861,-25.12063],[-49.43835,-25.12075],[-49.43815,-25.12085],[-49.43798,-25.12099],[-49.43771,-25.12126],[-49.43758,-25.1214],[-49.43732,-25.12166],[-49.43712,-25.12187],[-49.437,-25.12197],[-49.43683,-25.12206],[-49.43668,-25.1221],[-49.43657,-25.12212],[-49.43627,-25.1221],[-49.43601,-25.12205],[-49.43581,-25.12202],[-49.43557,-25.12207],[-49.43529,-25.12215],[-49.43507,-25.12228],[-49.43487,-25.1224],[-49.43468,-25.12254],[-49.43439,-25.12277],[-49.43411,-25.12305],[-49.43387,-25.1233],[-49.43364,-25.12354],[-49.43345,-25.12367],[-49.43322,-25.12382],[-49.43296,-25.12392],[-49.43268,-25.12398],[-49.43242,-25.12406],[-49.43223,-25.12413],[-49.43193,-25.1243],[-49.43153,-25.12454],[-49.43129,-25.12472],[-49.43114,-25.12478],[-49.43091,-25.12486],[-49.43069,-25.12493],[-49.43044,-25.12501],[-49.43027,-25.12511],[-49.42948,-25.12566],[-49.4291,-25.12593],[-49.429,-25.12603],[-49.42892,-25.12617],[-49.42887,-25.12629],[-49.42889,-25.1264],[-49.4289,-25.12648],[-49.42889,-25.12655],[-49.42885,-25.12659],[-49.42877,-25.12659],[-49.42868,-25.12654],[-49.42864,-25.12649],[-49.42859,-25.12641],[-49.42855,-25.12631],[-49.42854,-25.12624],[-49.42853,-25.12616],[-49.42852,-25.12606],[-49.42852,-25.12597],[-49.42849,-25.12591],[-49.42845,-25.12586],[-49.42838,-25.1258],[-49.42831,-25.12576],[-49.42824,-25.12568],[-49.42818,-25.12562],[-49.42811,-25.12552],[-49.42805,-25.12544],[-49.42801,-25.12541],[-49.42798,-25.12538],[-49.42795,-25.12537],[-49.42793,-25.12536],[-49.42793,-25.1254],[-49.42795,-25.12543],[-49.42803,-25.12556],[-49.42817,-25.1258],[-49.42823,-25.12592],[-49.42827,-25.12598],[-49.4283,-25.12605],[-49.42832,-25.1261],[-49.42834,-25.12617],[-49.42835,-25.12629],[-49.42835,-25.12639],[-49.42836,-25.12651],[-49.42838,-25.12663],[-49.42842,-25.12672],[-49.42848,-25.12682],[-49.42856,-25.12691],[-49.4287,-25.12696],[-49.42885,-25.12699],[-49.42899,-25.12697],[-49.42919,-25.12694],[-49.42938,-25.12695],[-49.42955,-25.12695],[-49.42983,-25.12697],[-49.43009,-25.12699],[-49.43031,-25.12697],[-49.4305,-25.12691],[-49.4307,-25.12687],[-49.43095,-25.12681],[-49.43116,-25.12677],[-49.43131,-25.12674],[-49.43142,-25.12674],[-49.43161,-25.12678],[-49.43179,-25.12686],[-49.43192,-25.12696],[-49.43202,-25.12706],[-49.43209,-25.12717],[-49.43212,-25.1273],[-49.43213,-25.12744],[-49.43215,-25.12763],[-49.43218,-25.12781],[-49.43225,-25.12804],[-49.43231,-25.12825],[-49.43236,-25.12849],[-49.43239,-25.12866],[-49.43243,-25.12891],[-49.43247,-25.12909],[-49.43256,-25.12928],[-49.43261,-25.12949],[-49.43266,-25.12971],[-49.43271,-25.12996],[-49.43279,-25.13018],[-49.43293,-25.13041],[-49.433,-25.13051],[-49.43306,-25.1306],[-49.43312,-25.13069],[-49.43317,-25.13088],[-49.43319,-25.13109],[-49.4332,-25.13118],[-49.43325,-25.13127],[-49.43346,-25.13143],[-49.43373,-25.13161],[-49.43389,-25.13176],[-49.43416,-25.13206],[-49.43436,-25.13223],[-49.43452,-25.13242],[-49.43477,-25.13268],[-49.43504,-25.13293],[-49.43526,-25.13315],[-49.43541,-25.13327],[-49.43554,-25.13343],[-49.43567,-25.13365],[-49.43575,-25.13385],[-49.43578,-25.13404],[-49.43578,-25.13422],[-49.43581,-25.13435],[-49.43585,-25.13444],[-49.43593,-25.13447],[-49.43602,-25.13446],[-49.43619,-25.13445],[-49.4364,-25.13445],[-49.43659,-25.13448],[-49.43672,-25.13451],[-49.43682,-25.13457],[-49.43695,-25.13464],[-49.43713,-25.13479],[-49.43726,-25.13491],[-49.43735,-25.13501],[-49.43756,-25.13523],[-49.43764,-25.13537],[-49.4377,-25.13552],[-49.43775,-25.13566],[-49.43781,-25.1358],[-49.43789,-25.13593],[-49.43795,-25.13604],[-49.43802,-25.13615],[-49.43808,-25.13627],[-49.43812,-25.13638],[-49.43815,-25.13653],[-49.43818,-25.13666],[-49.43823,-25.13682],[-49.43827,-25.13696],[-49.43834,-25.13714],[-49.43841,-25.1373],[-49.43849,-25.13742],[-49.4386,-25.13754],[-49.43876,-25.13768],[-49.43888,-25.13776],[-49.43906,-25.13791],[-49.43919,-25.13804],[-49.43925,-25.1381],[-49.4394,-25.13825],[-49.43952,-25.1384],[-49.43961,-25.13851],[-49.43973,-25.13869],[-49.43983,-25.13882],[-49.43993,-25.13901],[-49.44007,-25.13925],[-49.44018,-25.13935],[-49.44028,-25.13944],[-49.44046,-25.13953],[-49.44064,-25.13963],[-49.4408,-25.13974],[-49.44099,-25.13988],[-49.44116,-25.14004],[-49.4413,-25.14018],[-49.44143,-25.14035],[-49.44152,-25.14045],[-49.4416,-25.14058],[-49.44166,-25.14069],[-49.44173,-25.14087],[-49.44179,-25.14102],[-49.44186,-25.14114],[-49.44199,-25.14132],[-49.4421,-25.14145],[-49.44219,-25.14159],[-49.44229,-25.14181],[-49.44236,-25.142],[-49.44242,-25.14215],[-49.44246,-25.14236],[-49.44246,-25.14245],[-49.44249,-25.14254],[-49.44255,-25.14262],[-49.44262,-25.14271],[-49.4427,-25.14282],[-49.44279,-25.14293],[-49.44289,-25.14302],[-49.44307,-25.14314],[-49.44318,-25.14323],[-49.44326,-25.14331],[-49.44335,-25.14344],[-49.44345,-25.14365],[-49.44353,-25.14379],[-49.44361,-25.14392],[-49.44374,-25.14409],[-49.44387,-25.1442],[-49.44397,-25.14431],[-49.44409,-25.14441],[-49.44422,-25.14448],[-49.44439,-25.14451],[-49.44451,-25.14451],[-49.4446,-25.14449],[-49.44472,-25.14446],[-49.44497,-25.14446],[-49.44512,-25.14449],[-49.44523,-25.14457],[-49.44538,-25.14473],[-49.44543,-25.14484],[-49.44548,-25.14502],[-49.44549,-25.14513],[-49.4459,-25.14516],[-49.44595,-25.1452],[-49.44635,-25.14526],[-49.44646,-25.14527],[-49.44676,-25.14542],[-49.44693,-25.14555],[-49.44699,-25.14562],[-49.44702,-25.14578],[-49.44697,-25.14591],[-49.44702,-25.14616],[-49.44706,-25.1463],[-49.44719,-25.14674],[-49.44728,-25.14686],[-49.44742,-25.14692],[-49.44766,-25.14694],[-49.4479,-25.14683],[-49.44808,-25.14664],[-49.44825,-25.14659],[-49.44841,-25.14666],[-49.44859,-25.14679],[-49.44896,-25.14755],[-49.44909,-25.14767],[-49.44927,-25.14769],[-49.44984,-25.14765],[-49.45009,-25.14776],[-49.45045,-25.14795],[-49.45114,-25.14815],[-49.4513,-25.14825],[-49.45141,-25.14843],[-49.45118,-25.14916],[-49.45122,-25.14922],[-49.45131,-25.14921],[-49.45159,-25.14905],[-49.45174,-25.14901],[-49.45182,-25.14904],[-49.45187,-25.1491],[-49.45191,-25.14925],[-49.45189,-25.14931],[-49.45164,-25.14938],[-49.45159,-25.14944],[-49.45166,-25.14972],[-49.45175,-25.1498],[-49.45186,-25.1499],[-49.45236,-25.1501],[-49.45262,-25.15011],[-49.45271,-25.15008],[-49.45285,-25.14985],[-49.45292,-25.14979],[-49.45308,-25.14975],[-49.45345,-25.14977],[-49.45385,-25.14987],[-49.45401,-25.14988],[-49.45418,-25.14982],[-49.4544,-25.14968],[-49.45466,-25.14941],[-49.45474,-25.14926],[-49.45475,-25.14919],[-49.45467,-25.14905],[-49.45442,-25.14876],[-49.45408,-25.14855],[-49.45381,-25.14831],[-49.45375,-25.14818],[-49.45377,-25.14812],[-49.45387,-25.14802],[-49.45421,-25.14787],[-49.45436,-25.14775],[-49.45441,-25.14768],[-49.4545,-25.14736],[-49.45461,-25.14711],[-49.4547,-25.14698],[-49.45483,-25.14689],[-49.45506,-25.14689],[-49.4555,-25.14701],[-49.45561,-25.14705],[-49.45612,-25.14729],[-49.45644,-25.14755],[-49.45722,-25.14776],[-49.45729,-25.14781],[-49.45736,-25.14785],[-49.45757,-25.14822],[-49.45793,-25.1486],[-49.45809,-25.14884],[-49.45817,-25.14905],[-49.45813,-25.14911],[-49.45787,-25.14922],[-49.45787,-25.1493],[-49.45825,-25.14987],[-49.45864,-25.15029],[-49.45891,-25.15082],[-49.45903,-25.15096],[-49.45922,-25.15103],[-49.45966,-25.15095],[-49.46009,-25.15106],[-49.46062,-25.15108],[-49.46103,-25.151],[-49.46126,-25.15103],[-49.4618,-25.15127],[-49.46199,-25.15142],[-49.46205,-25.15147],[-49.46217,-25.15161],[-49.46227,-25.15177],[-49.46253,-25.15255],[-49.46253,-25.15274],[-49.46245,-25.15304],[-49.46245,-25.15321],[-49.46268,-25.15377],[-49.46114,-25.16598],[-49.46113,-25.1661],[-49.46106,-25.16608],[-49.4605,-25.16595],[-49.46002,-25.16582],[-49.45967,-25.16573],[-49.45947,-25.16564],[-49.45926,-25.16551],[-49.45863,-25.16502],[-49.45816,-25.16471],[-49.45799,-25.16463],[-49.45779,-25.16458],[-49.45766,-25.16458],[-49.45749,-25.16459],[-49.45728,-25.16463],[-49.45724,-25.16465],[-49.45706,-25.16473],[-49.45662,-25.16494],[-49.45651,-25.16496],[-49.45633,-25.16496],[-49.45617,-25.16493],[-49.45557,-25.1648],[-49.45535,-25.16475],[-49.45506,-25.16474],[-49.45451,-25.16483],[-49.45378,-25.16496],[-49.45279,-25.16509],[-49.45237,-25.16514],[-49.45214,-25.16514],[-49.45193,-25.1651],[-49.45167,-25.16504],[-49.45149,-25.16503],[-49.45132,-25.16506],[-49.45115,-25.16509],[-49.45067,-25.16529],[-49.45033,-25.16557],[-49.45019,-25.16576],[-49.45008,-25.16591],[-49.44956,-25.16665],[-49.44935,-25.16679],[-49.44922,-25.16685],[-49.4491,-25.1669],[-49.44795,-25.16712],[-49.44756,-25.16721],[-49.44693,-25.16747],[-49.44564,-25.16805],[-49.44504,-25.16822],[-49.44409,-25.16844],[-49.44253,-25.16881],[-49.44197,-25.16898],[-49.44132,-25.16933],[-49.43979,-25.17024],[-49.43765,-25.17149],[-49.43696,-25.17187],[-49.43627,-25.17227],[-49.43597,-25.17239],[-49.43577,-25.17244],[-49.43558,-25.17245],[-49.43539,-25.17244],[-49.43513,-25.1724],[-49.43389,-25.17221],[-49.43311,-25.17212],[-49.43276,-25.17214],[-49.43129,-25.17243],[-49.42834,-25.17297],[-49.42775,-25.17314],[-49.42748,-25.17328],[-49.42726,-25.17349],[-49.42709,-25.1737],[-49.42679,-25.17428],[-49.4263,-25.17519],[-49.42609,-25.17538],[-49.42592,-25.17551],[-49.42573,-25.17562],[-49.42546,-25.17573],[-49.42518,-25.17579],[-49.42489,-25.17579],[-49.42467,-25.17576],[-49.42438,-25.17569],[-49.42394,-25.17559],[-49.42344,-25.17548],[-49.42285,-25.17528],[-49.42237,-25.17509],[-49.42197,-25.17485],[-49.42142,-25.17448],[-49.42,-25.17344],[-49.41893,-25.17267],[-49.41765,-25.17177],[-49.4172,-25.17152],[-49.41699,-25.17147],[-49.41649,-25.17139],[-49.41599,-25.17134],[-49.41566,-25.17137],[-49.41521,-25.17148],[-49.41442,-25.17174],[-49.41398,-25.17186],[-49.41364,-25.17188],[-49.41337,-25.17187],[-49.41311,-25.17183],[-49.41282,-25.17178],[-49.41259,-25.17175],[-49.41233,-25.17173],[-49.41214,-25.17173],[-49.41195,-25.17176],[-49.41165,-25.17184],[-49.41127,-25.17203],[-49.41098,-25.17228],[-49.41077,-25.17253],[-49.41064,-25.17282],[-49.41009,-25.17386],[-49.40981,-25.17442],[-49.40961,-25.17469],[-49.40935,-25.17487],[-49.40894,-25.17507],[-49.40839,-25.17534],[-49.40811,-25.17544],[-49.4079,-25.17549],[-49.40773,-25.17552],[-49.40748,-25.17551],[-49.40712,-25.17549],[-49.40572,-25.17544],[-49.40496,-25.17538],[-49.40399,-25.17534],[-49.40383,-25.17533],[-49.40343,-25.1753],[-49.40318,-25.17525],[-49.40288,-25.17521],[-49.40276,-25.1752],[-49.40239,-25.17522],[-49.40119,-25.1753],[-49.40068,-25.1754],[-49.40053,-25.17546],[-49.40032,-25.17561],[-49.40001,-25.17593],[-49.39958,-25.17649],[-49.39941,-25.17671],[-49.39926,-25.17687],[-49.3986,-25.17742],[-49.39705,-25.17857],[-49.39534,-25.17981],[-49.39405,-25.18078],[-49.39354,-25.18117],[-49.39187,-25.18242],[-49.39151,-25.18268],[-49.39119,-25.18285],[-49.39078,-25.18291],[-49.39008,-25.18275],[-49.38981,-25.18276],[-49.38945,-25.1829],[-49.38894,-25.18315],[-49.38847,-25.18345],[-49.38803,-25.18403],[-49.38785,-25.18451],[-49.38767,-25.1849],[-49.38745,-25.18516],[-49.38711,-25.18536],[-49.38673,-25.18549],[-49.38517,-25.18593],[-49.38426,-25.18616],[-49.38383,-25.1863],[-49.38319,-25.18658],[-49.38242,-25.18692],[-49.38206,-25.18712],[-49.38167,-25.1873],[-49.38106,-25.18754],[-49.38078,-25.18753],[-49.38035,-25.18742],[-49.37996,-25.18728],[-49.37946,-25.18712],[-49.37893,-25.18703],[-49.37835,-25.18701],[-49.37791,-25.18705],[-49.37724,-25.18733],[-49.377,-25.18746],[-49.37667,-25.18767],[-49.37645,-25.18796],[-49.37635,-25.18815],[-49.37631,-25.18848],[-49.37632,-25.18865],[-49.37635,-25.18887],[-49.37643,-25.18932],[-49.37643,-25.18957],[-49.37642,-25.18984],[-49.37638,-25.19001],[-49.37627,-25.19019],[-49.37602,-25.19043],[-49.37514,-25.19092],[-49.37473,-25.19108],[-49.37439,-25.19119],[-49.37407,-25.19127],[-49.37368,-25.19132],[-49.37286,-25.19142],[-49.37261,-25.19144],[-49.37194,-25.19149],[-49.3715,-25.19169],[-49.37111,-25.19198],[-49.37087,-25.19226],[-49.37061,-25.19255],[-49.37018,-25.19281],[-49.36989,-25.19283],[-49.3695,-25.19278],[-49.3691,-25.19258],[-49.36884,-25.19241],[-49.3685,-25.1923],[-49.36762,-25.19226],[-49.36702,-25.19227],[-49.36666,-25.1924],[-49.36625,-25.1926],[-49.36595,-25.19271],[-49.3656,-25.19271],[-49.36525,-25.19258],[-49.36496,-25.19237],[-49.36451,-25.19202],[-49.36412,-25.19185],[-49.36364,-25.19184],[-49.36298,-25.19206],[-49.36254,-25.19234],[-49.3622,-25.19297],[-49.36194,-25.19328],[-49.36152,-25.19349],[-49.36112,-25.19363],[-49.36017,-25.19397],[-49.3598,-25.19412],[-49.3593,-25.19423],[-49.35905,-25.19422],[-49.3587,-25.19418],[-49.35825,-25.19413],[-49.35777,-25.19419],[-49.35738,-25.19441],[-49.35723,-25.1946],[-49.35712,-25.19493],[-49.35688,-25.19558],[-49.35673,-25.19587],[-49.35648,-25.19613],[-49.35592,-25.19637],[-49.35415,-25.19721],[-49.35363,-25.19745],[-49.35325,-25.19763],[-49.35306,-25.19777],[-49.35281,-25.19803],[-49.35243,-25.19849],[-49.3522,-25.19849],[-49.3487,-25.19842],[-49.33786,-25.19813],[-49.33595,-25.20305],[-49.3347,-25.20655],[-49.33439,-25.2073],[-49.33408,-25.20823],[-49.33396,-25.2086],[-49.33331,-25.20849],[-49.33257,-25.20832],[-49.33184,-25.20841],[-49.33115,-25.20823],[-49.33086,-25.20788],[-49.33054,-25.20786],[-49.33047,-25.20785],[-49.33008,-25.20721],[-49.33013,-25.20679],[-49.32991,-25.20496],[-49.32956,-25.20421],[-49.32911,-25.20395],[-49.32852,-25.20386],[-49.32834,-25.20383],[-49.32783,-25.2039],[-49.32746,-25.20392],[-49.32737,-25.20421],[-49.32693,-25.20476],[-49.32648,-25.2046],[-49.32575,-25.20472],[-49.32506,-25.20475],[-49.32473,-25.20483],[-49.32445,-25.20483],[-49.32435,-25.20488],[-49.32427,-25.20496],[-49.32419,-25.20505],[-49.32416,-25.20511],[-49.32414,-25.20516],[-49.32416,-25.20528],[-49.32415,-25.20535],[-49.32417,-25.2054],[-49.32421,-25.20551],[-49.32421,-25.20565],[-49.32423,-25.20576],[-49.32424,-25.20584],[-49.32429,-25.20593],[-49.32437,-25.20605],[-49.32439,-25.20621],[-49.32441,-25.20627],[-49.32444,-25.20636],[-49.32444,-25.20639],[-49.32443,-25.2065],[-49.32448,-25.20658],[-49.32449,-25.20669],[-49.32457,-25.20683],[-49.32461,-25.20694],[-49.3246,-25.20704],[-49.32454,-25.20716],[-49.32453,-25.20728],[-49.32455,-25.20753],[-49.3245,-25.20772],[-49.32455,-25.20779],[-49.32461,-25.20802],[-49.3246,-25.20803],[-49.32457,-25.20805],[-49.32456,-25.20806],[-49.32456,-25.20809],[-49.32455,-25.20811],[-49.32453,-25.20813],[-49.32452,-25.20813],[-49.32451,-25.20814],[-49.3245,-25.20815],[-49.3245,-25.20817],[-49.3245,-25.20818],[-49.32449,-25.20821],[-49.32448,-25.20826],[-49.32446,-25.20829],[-49.32446,-25.20831],[-49.32446,-25.20833],[-49.32446,-25.2084],[-49.32447,-25.20842],[-49.32448,-25.20845],[-49.32449,-25.20846],[-49.32451,-25.20848],[-49.32455,-25.20851],[-49.32457,-25.20853],[-49.32461,-25.20858],[-49.32462,-25.20859],[-49.32462,-25.20861],[-49.32463,-25.20863],[-49.32464,-25.20866],[-49.32465,-25.20868],[-49.32471,-25.20873],[-49.32473,-25.20874],[-49.32473,-25.20875],[-49.32475,-25.20878],[-49.32478,-25.2088],[-49.32481,-25.20883],[-49.32483,-25.20884],[-49.32484,-25.20885],[-49.32485,-25.20888],[-49.32487,-25.20889],[-49.32491,-25.20889],[-49.32492,-25.20889],[-49.32493,-25.2089],[-49.32493,-25.20891],[-49.32496,-25.20891],[-49.325,-25.20892],[-49.32503,-25.20893],[-49.32505,-25.20893],[-49.32507,-25.20892],[-49.32508,-25.2089],[-49.3251,-25.20889],[-49.32511,-25.20889],[-49.32513,-25.20889],[-49.32514,-25.20889],[-49.32516,-25.2089],[-49.32517,-25.20892],[-49.32519,-25.20894],[-49.3252,-25.20895],[-49.32519,-25.20897],[-49.32519,-25.20899],[-49.32519,-25.20904],[-49.32519,-25.20905],[-49.32518,-25.20906],[-49.32516,-25.20907],[-49.32515,-25.20911],[-49.32515,-25.20918],[-49.32514,-25.20922],[-49.32514,-25.20925],[-49.32513,-25.20929],[-49.32512,-25.20931],[-49.32511,-25.20934],[-49.3251,-25.20936],[-49.3251,-25.20938],[-49.32509,-25.20944],[-49.32508,-25.20946],[-49.32505,-25.2095],[-49.32505,-25.20951],[-49.32502,-25.20954],[-49.32501,-25.20955],[-49.32502,-25.20956],[-49.32504,-25.20959],[-49.32504,-25.20961],[-49.32504,-25.20969],[-49.32504,-25.20972],[-49.32503,-25.20976],[-49.32502,-25.2098],[-49.32501,-25.20982],[-49.32501,-25.20987],[-49.32502,-25.2099],[-49.32502,-25.2099],[-49.32504,-25.20993],[-49.32505,-25.20996],[-49.32507,-25.21002],[-49.32507,-25.21005],[-49.32507,-25.21007],[-49.32508,-25.21008],[-49.32508,-25.21009],[-49.32512,-25.21014],[-49.32514,-25.21017],[-49.32516,-25.21019],[-49.32522,-25.21025],[-49.32523,-25.21026],[-49.32526,-25.21027],[-49.32529,-25.21028],[-49.3253,-25.21029],[-49.32532,-25.21031],[-49.32536,-25.21038],[-49.32538,-25.21043],[-49.32538,-25.21044],[-49.32539,-25.21047],[-49.32538,-25.21053],[-49.32538,-25.21054],[-49.32539,-25.21055],[-49.32541,-25.21057],[-49.32545,-25.21063],[-49.3255,-25.21068],[-49.32553,-25.21069],[-49.32559,-25.21072],[-49.32562,-25.21073],[-49.32565,-25.21076],[-49.32566,-25.21078],[-49.32567,-25.21079],[-49.32568,-25.21081],[-49.32568,-25.21082],[-49.32568,-25.21082],[-49.32563,-25.21094],[-49.32561,-25.21098],[-49.32561,-25.21099],[-49.32559,-25.211],[-49.32557,-25.21103],[-49.32555,-25.21106],[-49.32554,-25.21107],[-49.32554,-25.2111],[-49.32553,-25.21113],[-49.32552,-25.21117],[-49.32551,-25.2112],[-49.32552,-25.21122],[-49.32552,-25.21124],[-49.32555,-25.21128],[-49.32556,-25.2113],[-49.32556,-25.21131],[-49.32556,-25.21135],[-49.32555,-25.21136],[-49.32554,-25.21137],[-49.32553,-25.21138],[-49.32548,-25.2114],[-49.3254,-25.21146],[-49.32536,-25.21149],[-49.32535,-25.2115],[-49.32531,-25.21151],[-49.32527,-25.21152],[-49.32523,-25.21155],[-49.32521,-25.21156],[-49.32518,-25.21157],[-49.32516,-25.21158],[-49.32513,-25.2116],[-49.32511,-25.21162],[-49.3251,-25.21165],[-49.32508,-25.21167],[-49.32506,-25.21169],[-49.32505,-25.2117],[-49.32499,-25.21179],[-49.32497,-25.21181],[-49.32497,-25.21184],[-49.32496,-25.21187],[-49.32492,-25.21193],[-49.32491,-25.21196],[-49.32489,-25.21199],[-49.32488,-25.212],[-49.32484,-25.21202],[-49.32484,-25.21202],[-49.32482,-25.21203],[-49.32481,-25.21205],[-49.3248,-25.21208],[-49.3248,-25.21211],[-49.3248,-25.21212],[-49.32482,-25.21215],[-49.32483,-25.21215],[-49.32485,-25.21215],[-49.32487,-25.21216],[-49.32489,-25.21217],[-49.3249,-25.21218],[-49.32492,-25.21222],[-49.32493,-25.21225],[-49.32494,-25.21228],[-49.32494,-25.21231],[-49.32494,-25.21234],[-49.32494,-25.21236],[-49.32493,-25.21238],[-49.32493,-25.21242],[-49.32491,-25.21248],[-49.32489,-25.21251],[-49.32488,-25.21253],[-49.32488,-25.21257],[-49.32488,-25.21261],[-49.32489,-25.21262],[-49.3249,-25.21263],[-49.32493,-25.21267],[-49.32496,-25.21269],[-49.32501,-25.21272],[-49.32504,-25.21272],[-49.32507,-25.21274],[-49.32508,-25.21274],[-49.3251,-25.21273],[-49.32511,-25.21273],[-49.32513,-25.21273],[-49.32514,-25.21274],[-49.32516,-25.21275],[-49.32524,-25.21284],[-49.32525,-25.21285],[-49.32526,-25.21286],[-49.3253,-25.21287],[-49.32533,-25.21288],[-49.32535,-25.21288],[-49.32537,-25.2129],[-49.32541,-25.21292],[-49.32544,-25.21293],[-49.32551,-25.21295],[-49.32553,-25.21296],[-49.32554,-25.21297],[-49.32555,-25.21297],[-49.32555,-25.21298],[-49.32554,-25.213],[-49.32554,-25.21304],[-49.32555,-25.21305],[-49.32555,-25.21306],[-49.32556,-25.21307],[-49.32558,-25.21308],[-49.3256,-25.21308],[-49.32562,-25.21308],[-49.32564,-25.21309],[-49.32566,-25.2131],[-49.32567,-25.21311],[-49.32567,-25.21312],[-49.32567,-25.21314],[-49.32567,-25.2132],[-49.32567,-25.21322],[-49.32568,-25.21324],[-49.32569,-25.21324],[-49.32571,-25.21325],[-49.32576,-25.21325],[-49.32578,-25.21326],[-49.32578,-25.21327],[-49.32578,-25.2133],[-49.32579,-25.21332],[-49.32586,-25.21339],[-49.32588,-25.2134],[-49.32589,-25.21341],[-49.32591,-25.21341],[-49.32592,-25.21341],[-49.32594,-25.2134],[-49.32595,-25.21339],[-49.32597,-25.21339],[-49.32598,-25.2134],[-49.32598,-25.2134],[-49.32599,-25.21342],[-49.326,-25.21343],[-49.326,-25.21344],[-49.32601,-25.21347],[-49.32601,-25.21348],[-49.32601,-25.21352],[-49.32602,-25.21353],[-49.32602,-25.21354],[-49.32604,-25.21356],[-49.32605,-25.21359],[-49.32607,-25.21361],[-49.32608,-25.21364],[-49.32609,-25.21365],[-49.32609,-25.21368],[-49.32609,-25.2137],[-49.3261,-25.21373],[-49.32611,-25.2138],[-49.32611,-25.21382],[-49.32611,-25.21386],[-49.32611,-25.21387],[-49.3261,-25.21388],[-49.32604,-25.21391],[-49.32602,-25.21392],[-49.32601,-25.21393],[-49.326,-25.21395],[-49.32599,-25.214],[-49.326,-25.21402],[-49.326,-25.21404],[-49.32601,-25.21406],[-49.32602,-25.21407],[-49.32602,-25.21412],[-49.32602,-25.21413],[-49.32601,-25.21414],[-49.32603,-25.21418],[-49.32603,-25.21418],[-49.32606,-25.2142],[-49.32607,-25.21421],[-49.32608,-25.21426],[-49.32611,-25.21429],[-49.32612,-25.21431],[-49.32613,-25.21436],[-49.32615,-25.21439],[-49.32615,-25.21441],[-49.32616,-25.21444],[-49.32619,-25.21446],[-49.3256,-25.21506],[-49.32445,-25.2177],[-49.32341,-25.21861],[-49.32317,-25.21892],[-49.32312,-25.21939],[-49.32296,-25.21962],[-49.32304,-25.22025],[-49.32295,-25.22097],[-49.32253,-25.22119],[-49.32212,-25.22177],[-49.32203,-25.22284],[-49.32171,-25.22308],[-49.3211,-25.23105],[-49.32056,-25.23076],[-49.31925,-25.23064],[-49.31903,-25.23079],[-49.31798,-25.2313],[-49.31712,-25.23157],[-49.31611,-25.23188],[-49.31561,-25.23214],[-49.31464,-25.23236],[-49.3143,-25.23263],[-49.31404,-25.23274],[-49.31352,-25.23282],[-49.31322,-25.23273],[-49.31291,-25.23239],[-49.31267,-25.23224],[-49.31224,-25.23207],[-49.31215,-25.23165],[-49.31232,-25.23118],[-49.31247,-25.23065],[-49.31246,-25.23032],[-49.31247,-25.22989],[-49.31249,-25.2296],[-49.31255,-25.22923],[-49.31246,-25.22899],[-49.31224,-25.22878],[-49.31197,-25.22861],[-49.3118,-25.22845],[-49.31159,-25.22821],[-49.31141,-25.22806],[-49.31115,-25.22787],[-49.31086,-25.22777],[-49.31059,-25.22778],[-49.31001,-25.22785],[-49.30947,-25.228],[-49.30877,-25.22833],[-49.30803,-25.22857],[-49.30768,-25.22863],[-49.30724,-25.22877],[-49.30674,-25.22873],[-49.30615,-25.22861],[-49.30565,-25.22859],[-49.30523,-25.22849],[-49.30496,-25.22828],[-49.30485,-25.22805],[-49.30461,-25.22769],[-49.30441,-25.22744],[-49.30417,-25.2271],[-49.30358,-25.22633],[-49.30325,-25.22598],[-49.30299,-25.22565],[-49.3029,-25.22541],[-49.3026,-25.22513],[-49.30151,-25.22458],[-49.30121,-25.22458],[-49.30082,-25.22474],[-49.30006,-25.22496],[-49.29954,-25.22523],[-49.29922,-25.2255],[-49.29892,-25.22571],[-49.2986,-25.22588],[-49.29831,-25.226],[-49.29804,-25.22611],[-49.29764,-25.22611],[-49.29752,-25.22589],[-49.29747,-25.22562],[-49.29735,-25.22536],[-49.29716,-25.22496],[-49.29703,-25.22482],[-49.29678,-25.22477],[-49.29653,-25.22474],[-49.29615,-25.22469],[-49.29532,-25.22488],[-49.29484,-25.22507],[-49.29457,-25.22504],[-49.29397,-25.22485],[-49.29307,-25.22462],[-49.29264,-25.22456],[-49.29219,-25.22464],[-49.29145,-25.22467],[-49.29118,-25.22469],[-49.29093,-25.22466],[-49.29069,-25.22458],[-49.29032,-25.22436],[-49.28972,-25.22437],[-49.28919,-25.22451],[-49.28874,-25.22471],[-49.28844,-25.22486],[-49.28823,-25.22497],[-49.28804,-25.22504],[-49.28782,-25.22521],[-49.28764,-25.22538],[-49.28728,-25.22563],[-49.28711,-25.22582],[-49.28663,-25.22613],[-49.28614,-25.22628],[-49.2851,-25.22665],[-49.28431,-25.22695],[-49.28357,-25.22721],[-49.28326,-25.22736],[-49.28291,-25.22758],[-49.28263,-25.22784],[-49.28244,-25.22799],[-49.28204,-25.22816],[-49.28137,-25.22838],[-49.28029,-25.22879],[-49.27997,-25.22899],[-49.27985,-25.22921],[-49.27965,-25.22934],[-49.27934,-25.22955],[-49.27917,-25.22973],[-49.27871,-25.22986],[-49.27838,-25.22982],[-49.27815,-25.22981],[-49.27793,-25.22981],[-49.27763,-25.22984],[-49.27695,-25.23001],[-49.27631,-25.23038],[-49.27545,-25.23064],[-49.27469,-25.23051],[-49.27443,-25.23042],[-49.27431,-25.23033],[-49.27411,-25.23019],[-49.27395,-25.23006],[-49.27388,-25.23002],[-49.27383,-25.22999],[-49.27376,-25.22996],[-49.27369,-25.22993],[-49.27364,-25.22989],[-49.27356,-25.22987],[-49.27351,-25.22986],[-49.27339,-25.22986],[-49.27302,-25.22989],[-49.27301,-25.22989],[-49.27277,-25.23012],[-49.27255,-25.2304],[-49.27217,-25.23052],[-49.27175,-25.23062],[-49.27138,-25.23097],[-49.27097,-25.23147],[-49.27081,-25.23182],[-49.27044,-25.23201],[-49.27026,-25.23227],[-49.26983,-25.23263],[-49.2696,-25.23259],[-49.26947,-25.23271],[-49.26903,-25.2328],[-49.26845,-25.23283],[-49.2678,-25.23278],[-49.26766,-25.23276],[-49.2676,-25.2327],[-49.26759,-25.23265],[-49.26759,-25.23256],[-49.26761,-25.23249],[-49.2676,-25.23246],[-49.26756,-25.2324],[-49.26752,-25.23236],[-49.26746,-25.23232],[-49.26738,-25.23229],[-49.26728,-25.23226],[-49.26719,-25.23223],[-49.2671,-25.23221],[-49.26701,-25.23218],[-49.26687,-25.23214],[-49.26661,-25.232],[-49.26634,-25.23183],[-49.26607,-25.23164],[-49.26579,-25.23159],[-49.26549,-25.23165],[-49.26526,-25.23167],[-49.265,-25.23171],[-49.26468,-25.23179],[-49.26442,-25.23191],[-49.2641,-25.23208],[-49.26377,-25.23218],[-49.26354,-25.23243],[-49.26335,-25.23268],[-49.263,-25.23276],[-49.26266,-25.23297],[-49.26237,-25.2331],[-49.26211,-25.23312],[-49.26181,-25.2333],[-49.26146,-25.23338],[-49.26118,-25.23334],[-49.26094,-25.23334],[-49.26065,-25.23325],[-49.26039,-25.23313],[-49.26032,-25.23281],[-49.26016,-25.23267],[-49.26005,-25.23244],[-49.26002,-25.23218],[-49.25989,-25.23195],[-49.25975,-25.23166],[-49.2595,-25.23166],[-49.25923,-25.23167],[-49.25897,-25.23168],[-49.25865,-25.23192],[-49.25836,-25.23186],[-49.2581,-25.23189],[-49.25779,-25.23196],[-49.25751,-25.23192],[-49.25729,-25.23185],[-49.2571,-25.23165],[-49.25688,-25.23152],[-49.2566,-25.23155],[-49.25639,-25.23172],[-49.25612,-25.23189],[-49.25579,-25.23206],[-49.25533,-25.23223],[-49.25508,-25.23248],[-49.25466,-25.23267],[-49.25429,-25.23286],[-49.25389,-25.23294],[-49.25374,-25.23307],[-49.25374,-25.23326],[-49.25382,-25.23352],[-49.2537,-25.2337],[-49.25367,-25.23394],[-49.25335,-25.234],[-49.2528,-25.23397],[-49.25228,-25.23411],[-49.25181,-25.23414],[-49.2514,-25.23425],[-49.25094,-25.23422],[-49.25033,-25.23431],[-49.24997,-25.23432],[-49.24946,-25.23428],[-49.24875,-25.23414],[-49.24798,-25.23387],[-49.24779,-25.23386],[-49.24751,-25.23389],[-49.24701,-25.23388],[-49.24671,-25.23393],[-49.24654,-25.23393],[-49.24579,-25.23383],[-49.24551,-25.23374],[-49.24522,-25.23358],[-49.24517,-25.23353],[-49.24511,-25.23347],[-49.24504,-25.23332],[-49.24503,-25.23309],[-49.24506,-25.23282],[-49.24504,-25.23266],[-49.245,-25.23259],[-49.24493,-25.23255],[-49.24487,-25.23253],[-49.24458,-25.23246],[-49.24446,-25.23234],[-49.24417,-25.23217],[-49.24404,-25.23204],[-49.24401,-25.23189],[-49.24403,-25.23171],[-49.24401,-25.23156],[-49.24397,-25.23149],[-49.24373,-25.23121],[-49.24359,-25.23099],[-49.24359,-25.23077],[-49.24367,-25.23055],[-49.24369,-25.2304],[-49.24368,-25.23031],[-49.24364,-25.23024],[-49.24353,-25.2302],[-49.24323,-25.2302],[-49.24302,-25.23017],[-49.24288,-25.2301],[-49.24272,-25.22995],[-49.24248,-25.22981],[-49.24239,-25.22973],[-49.24227,-25.22959],[-49.24221,-25.22942],[-49.24218,-25.22926],[-49.24218,-25.22882],[-49.24221,-25.22859],[-49.24218,-25.22844],[-49.24215,-25.22838],[-49.24207,-25.22829],[-49.24185,-25.22819],[-49.24144,-25.22813],[-49.24103,-25.22794],[-49.24023,-25.22764],[-49.24017,-25.22758],[-49.24011,-25.22745],[-49.24014,-25.22713],[-49.2401,-25.22694],[-49.24004,-25.22684],[-49.23988,-25.2267],[-49.23974,-25.22647],[-49.23966,-25.22645],[-49.23941,-25.22662],[-49.23927,-25.22667],[-49.23912,-25.22667],[-49.23891,-25.22658],[-49.23875,-25.22649],[-49.23853,-25.22628],[-49.23839,-25.2261],[-49.23826,-25.22584],[-49.23809,-25.22571],[-49.23797,-25.22579],[-49.23792,-25.22589],[-49.2379,-25.22598],[-49.23795,-25.22614],[-49.23794,-25.2262],[-49.23751,-25.22627],[-49.23746,-25.22633],[-49.23747,-25.22647],[-49.23746,-25.22656],[-49.23735,-25.22695],[-49.23726,-25.22715],[-49.23719,-25.22717],[-49.23703,-25.22713],[-49.23691,-25.22717],[-49.23685,-25.22736],[-49.23674,-25.22744],[-49.23632,-25.22759],[-49.23615,-25.22768],[-49.2361,-25.22773],[-49.23601,-25.2281],[-49.23604,-25.22829],[-49.23614,-25.2285],[-49.23623,-25.22867],[-49.23625,-25.22889],[-49.23617,-25.22897],[-49.23599,-25.22903],[-49.23587,-25.22918],[-49.23585,-25.2292],[-49.23586,-25.22927],[-49.23594,-25.22945],[-49.23602,-25.22958],[-49.23614,-25.2296],[-49.23623,-25.22966],[-49.23634,-25.22966],[-49.23651,-25.22961],[-49.23661,-25.22962],[-49.23671,-25.22966],[-49.23678,-25.22976],[-49.23684,-25.22996],[-49.23679,-25.23008],[-49.23672,-25.23021],[-49.23657,-25.23065],[-49.23633,-25.23099],[-49.2362,-25.23111],[-49.23613,-25.23113],[-49.23601,-25.23111],[-49.2359,-25.23109],[-49.23581,-25.2311],[-49.23562,-25.23121],[-49.23551,-25.23124],[-49.23511,-25.23122],[-49.23463,-25.23137],[-49.23444,-25.23146],[-49.2343,-25.23155],[-49.23424,-25.23164],[-49.23418,-25.23198],[-49.23414,-25.23206],[-49.23407,-25.23211],[-49.23399,-25.23212],[-49.23391,-25.23209],[-49.23373,-25.23196],[-49.23357,-25.23188],[-49.23347,-25.23179],[-49.23334,-25.23164],[-49.23329,-25.23163],[-49.23304,-25.23162],[-49.23297,-25.23158],[-49.23293,-25.23153],[-49.23292,-25.23146],[-49.23289,-25.23133],[-49.23291,-25.23101],[-49.23286,-25.23083],[-49.23273,-25.23065],[-49.23262,-25.23047],[-49.23254,-25.23034],[-49.23239,-25.23005],[-49.23221,-25.22985],[-49.2321,-25.22976],[-49.23201,-25.22975],[-49.23177,-25.22985],[-49.23167,-25.2299],[-49.23162,-25.23005],[-49.23154,-25.23011],[-49.23133,-25.23012],[-49.23106,-25.23007],[-49.2309,-25.23007],[-49.23077,-25.23011],[-49.23048,-25.23029],[-49.23037,-25.23032],[-49.23013,-25.23029],[-49.22987,-25.23029],[-49.22942,-25.2304],[-49.22926,-25.23041],[-49.229,-25.23037],[-49.22886,-25.2303],[-49.22863,-25.23022],[-49.22858,-25.23022],[-49.2285,-25.23027],[-49.22842,-25.23041],[-49.22829,-25.23049],[-49.22759,-25.23063],[-49.22724,-25.23066],[-49.22692,-25.23077],[-49.22655,-25.23101],[-49.22641,-25.23102],[-49.22618,-25.23095],[-49.22601,-25.23087],[-49.22574,-25.23083],[-49.2256,-25.23076],[-49.22543,-25.23062],[-49.22525,-25.23053],[-49.22515,-25.23033],[-49.22509,-25.2303],[-49.22501,-25.23029],[-49.22494,-25.23029],[-49.22482,-25.23024],[-49.22475,-25.23021],[-49.22449,-25.23025],[-49.22427,-25.23013],[-49.22404,-25.23008],[-49.22376,-25.23006],[-49.22357,-25.23008],[-49.22324,-25.23021],[-49.22312,-25.23021],[-49.22301,-25.23013],[-49.22288,-25.22985],[-49.2228,-25.22977],[-49.22254,-25.22966],[-49.22232,-25.22965],[-49.22225,-25.22967],[-49.2222,-25.22973],[-49.22221,-25.22988],[-49.22209,-25.23018],[-49.22196,-25.23024],[-49.22111,-25.20981],[-49.20384,-25.20498],[-49.20135,-25.20428],[-49.20064,-25.20293],[-49.19998,-25.20257],[-49.19383,-25.20261],[-49.18718,-25.1989],[-49.1839,-25.19939],[-49.18129,-25.19796],[-49.17782,-25.198],[-49.17656,-25.19632],[-49.17554,-25.1958],[-49.17547,-25.19576],[-49.17559,-25.19384],[-49.1745,-25.1925],[-49.173,-25.19184],[-49.16895,-25.19135],[-49.16409,-25.18991],[-49.16192,-25.18592],[-49.1581,-25.18257],[-49.15765,-25.18179],[-49.15829,-25.18082],[-49.16224,-25.1772],[-49.16341,-25.17518],[-49.16637,-25.17279],[-49.16734,-25.17245],[-49.17121,-25.17258],[-49.17192,-25.17244],[-49.17618,-25.1703],[-49.17744,-25.16887],[-49.17891,-25.16537],[-49.17832,-25.16441],[-49.17487,-25.16253],[-49.17403,-25.16206],[-49.16945,-25.15956],[-49.16788,-25.15776],[-49.16722,-25.15761],[-49.16429,-25.15865],[-49.16259,-25.15805],[-49.16029,-25.1562],[-49.15849,-25.15304],[-49.15497,-25.15204],[-49.1523,-25.14956],[-49.14612,-25.15003],[-49.14382,-25.14884],[-49.14227,-25.14727],[-49.13854,-25.14672],[-49.13549,-25.14546],[-49.13354,-25.14303],[-49.13238,-25.13867],[-49.13135,-25.13783],[-49.12972,-25.13754],[-49.12883,-25.13453],[-49.12837,-25.13406],[-49.12495,-25.13336],[-49.12243,-25.131],[-49.1164,-25.12996],[-49.1136,-25.13136],[-49.11318,-25.13143],[-49.11242,-25.13128],[-49.1123,-25.13125],[-49.11183,-25.13116],[-49.10679,-25.12957],[-49.10257,-25.12823],[-49.10122,-25.12781],[-49.10071,-25.127],[-49.10025,-25.12362],[-49.0986,-25.12204],[-49.09637,-25.12186],[-49.09033,-25.12378],[-49.08619,-25.12399],[-49.07613,-25.12134],[-49.07495,-25.11817],[-49.07305,-25.11655],[-49.06991,-25.11513],[-49.06815,-25.11539],[-49.06594,-25.11644],[-49.06492,-25.11638],[-49.06455,-25.11583],[-49.06548,-25.11327],[-49.06353,-25.10965],[-49.06492,-25.10758],[-49.06603,-25.10724],[-49.06822,-25.10772],[-49.07135,-25.10529],[-49.07377,-25.10548],[-49.07717,-25.10489],[-49.07843,-25.10425],[-49.08125,-25.10506],[-49.08191,-25.10484],[-49.08308,-25.10103],[-49.08554,-25.09878],[-49.08538,-25.09673],[-49.08717,-25.09789],[-49.08846,-25.09771],[-49.08894,-25.09718],[-49.09069,-25.09385],[-49.09085,-25.09203],[-49.09193,-25.0913],[-49.09225,-25.08852],[-49.09249,-25.0864],[-49.09262,-25.08607],[-49.09489,-25.08511],[-49.0957,-25.08341],[-49.09359,-25.08046],[-49.09323,-25.07906],[-49.09307,-25.077],[-49.09391,-25.07414]],"limite_fechado":true}