{"type":"FeatureCollection","attribution":"(c) OpenStreetMap contributors, ODbL","nota":"malha VIÁRIA COMPLETA (com e sem nome). Insumo do gen_malha_ibge.py e do mapa 3D. NÃO é a fonte do autocomplete do app de campo — essa é ruas_rbs.geojson.","meta":{"vias":964,"sem_nome":586,"km":872.7,"classes":{"tertiary":137,"unclassified":333,"primary":38,"residential":376,"secondary":53,"living_street":2,"track":25}},"features":[{"type":"Feature","properties":{"n":"","h":"tertiary"},"geometry":{"type":"LineString","coordinates":[[-49.20334,-25.12343],[-49.20319,-25.12334],[-49.20297,-25.12305],[-49.20295,-25.12294],[-49.20296,-25.12279],[-49.2031,-25.12243],[-49.20308,-25.12202],[-49.20313,-25.12177],[-49.2032,-25.12149],[-49.2034,-25.12115],[-49.20355,-25.12094],[-49.2037,-25.12075],[-49.20389,-25.1205],[-49.20411,-25.12014],[-49.20422,-25.1199],[-49.20428,-25.11959],[-49.20421,-25.1193],[-49.20413,-25.11908],[-49.20404,-25.11887],[-49.20395,-25.11874],[-49.20387,-25.11866],[-49.20368,-25.11857],[-49.20346,-25.11855],[-49.20313,-25.11845],[-49.20269,-25.11845],[-49.20231,-25.11851],[-49.20171,-25.11854],[-49.20153,-25.11855],[-49.20137,-25.11859],[-49.20125,-25.11858],[-49.2012,-25.11854],[-49.20121,-25.11847],[-49.20124,-25.11841],[-49.20139,-25.11825],[-49.20165,-25.11807],[-49.20223,-25.11777],[-49.20237,-25.11762],[-49.20248,-25.11742],[-49.20251,-25.11729],[-49.2026,-25.11714],[-49.20269,-25.11699],[-49.20271,-25.11673],[-49.20267,-25.11651],[-49.20259,-25.11635],[-49.20242,-25.11619],[-49.20227,-25.11598],[-49.20222,-25.11588],[-49.20211,-25.11576],[-49.20204,-25.11573],[-49.20179,-25.11566],[-49.2013,-25.11549],[-49.20032,-25.1149],[-49.2,-25.11474],[-49.1997,-25.1146],[-49.19938,-25.11448],[-49.19909,-25.11442],[-49.19881,-25.11437],[-49.19858,-25.11433],[-49.19853,-25.11427],[-49.19856,-25.1141],[-49.19858,-25.11391],[-49.1986,-25.11382],[-49.19859,-25.11375],[-49.19855,-25.11366],[-49.1983,-25.11343],[-49.19804,-25.1132],[-49.19779,-25.11297],[-49.19746,-25.11278],[-49.19732,-25.11268],[-49.19727,-25.1126],[-49.19712,-25.11203],[-49.19701,-25.11175],[-49.19689,-25.11147],[-49.19678,-25.11128],[-49.19662,-25.11109],[-49.1964,-25.11089],[-49.19605,-25.11061],[-49.19592,-25.1104],[-49.19577,-25.11013],[-49.19554,-25.10979],[-49.19533,-25.10945],[-49.19519,-25.10928],[-49.19504,-25.10917],[-49.19494,-25.10914],[-49.19479,-25.10909],[-49.19466,-25.10899],[-49.19443,-25.10884],[-49.19423,-25.10867],[-49.19406,-25.10849],[-49.19379,-25.10839],[-49.19358,-25.10835],[-49.19322,-25.10847],[-49.19254,-25.10863],[-49.19207,-25.10883],[-49.19191,-25.10886],[-49.19167,-25.10887],[-49.19137,-25.10899],[-49.19117,-25.10912],[-49.19108,-25.10912],[-49.19095,-25.10908],[-49.19091,-25.10902],[-49.19089,-25.10897],[-49.19088,-25.10887],[-49.19091,-25.10879],[-49.19101,-25.1086],[-49.19104,-25.1085],[-49.19104,-25.1084],[-49.19097,-25.10828],[-49.19091,-25.10818],[-49.19076,-25.10799],[-49.19056,-25.1078],[-49.1902,-25.1074],[-49.18999,-25.10709],[-49.18986,-25.10691],[-49.18976,-25.10674],[-49.18951,-25.10658],[-49.18917,-25.10646],[-49.18888,-25.1064],[-49.18871,-25.10639],[-49.18853,-25.10635],[-49.18828,-25.1063],[-49.18793,-25.10628],[-49.18753,-25.10631],[-49.18723,-25.10625],[-49.18713,-25.10614],[-49.18698,-25.10587],[-49.18689,-25.10577],[-49.18678,-25.10572],[-49.18649,-25.10568],[-49.18619,-25.10571],[-49.18569,-25.10545],[-49.1854,-25.1053],[-49.18513,-25.10517],[-49.1849,-25.10498],[-49.18477,-25.10478],[-49.18467,-25.10457],[-49.1845,-25.10432],[-49.18438,-25.10412],[-49.18424,-25.10398],[-49.184,-25.10377],[-49.18374,-25.10355],[-49.18341,-25.10333],[-49.18323,-25.10327],[-49.18294,-25.10318],[-49.18256,-25.10314],[-49.18227,-25.103],[-49.18203,-25.10282],[-49.18195,-25.10275],[-49.18182,-25.1027],[-49.18168,-25.10271],[-49.18155,-25.10275],[-49.18131,-25.10278],[-49.18113,-25.10276],[-49.18098,-25.10271],[-49.18084,-25.10268],[-49.18069,-25.10267],[-49.18035,-25.10269],[-49.18021,-25.10271],[-49.1792,-25.10294],[-49.17873,-25.10297],[-49.17832,-25.10288],[-49.17801,-25.10265],[-49.17773,-25.10251],[-49.1775,-25.10245],[-49.17721,-25.10246],[-49.17704,-25.10244],[-49.17692,-25.10233],[-49.17683,-25.10219],[-49.17677,-25.10209],[-49.17673,-25.1019],[-49.17673,-25.10172],[-49.17685,-25.10136],[-49.1768,-25.10121],[-49.17662,-25.10107],[-49.17635,-25.10095],[-49.17611,-25.10088],[-49.17572,-25.10079],[-49.17473,-25.10051],[-49.17409,-25.10022],[-49.17329,-25.09968],[-49.17259,-25.09911],[-49.17197,-25.09877],[-49.17067,-25.09763],[-49.17042,-25.0975],[-49.17004,-25.09721],[-49.16974,-25.09697],[-49.16957,-25.09661],[-49.16936,-25.0963],[-49.16905,-25.09593],[-49.1689,-25.09541],[-49.16888,-25.09441],[-49.16893,-25.09387],[-49.16884,-25.09355],[-49.1688,-25.09325],[-49.16861,-25.09304],[-49.16829,-25.09296],[-49.1681,-25.0931],[-49.16789,-25.09347],[-49.16769,-25.09354],[-49.16721,-25.09349],[-49.16684,-25.09349],[-49.16661,-25.09341],[-49.16647,-25.09312],[-49.16648,-25.09268],[-49.16659,-25.09233],[-49.16667,-25.09207],[-49.16686,-25.09182],[-49.16701,-25.09159],[-49.16703,-25.09121],[-49.16689,-25.09098],[-49.16673,-25.09069],[-49.16649,-25.09039],[-49.16625,-25.09026],[-49.16587,-25.09011],[-49.16444,-25.08996],[-49.16386,-25.0898],[-49.16354,-25.08961],[-49.16322,-25.0896],[-49.16299,-25.08953],[-49.16273,-25.08936],[-49.16255,-25.08895],[-49.16239,-25.08878],[-49.16218,-25.0887],[-49.16196,-25.08868],[-49.16172,-25.08865],[-49.16145,-25.08876],[-49.16064,-25.08875],[-49.16003,-25.08878],[-49.15958,-25.08874],[-49.15926,-25.08856],[-49.15889,-25.08812],[-49.15863,-25.08803],[-49.15832,-25.08804],[-49.15807,-25.08815],[-49.1578,-25.08828],[-49.1575,-25.08826],[-49.15716,-25.08811],[-49.15698,-25.08794],[-49.15669,-25.08795],[-49.15641,-25.08796],[-49.15606,-25.08787],[-49.15563,-25.08781],[-49.15538,-25.08762],[-49.15502,-25.08745],[-49.15452,-25.08747],[-49.15357,-25.08757],[-49.15292,-25.08764],[-49.15256,-25.08766],[-49.15224,-25.08777],[-49.15201,-25.08779],[-49.15183,-25.0877],[-49.15151,-25.08775],[-49.15108,-25.08744],[-49.15072,-25.08718],[-49.15049,-25.08681],[-49.15031,-25.0867],[-49.15015,-25.08649],[-49.14997,-25.08624],[-49.1497,-25.08614],[-49.1493,-25.08623],[-49.14902,-25.08635],[-49.14875,-25.08643],[-49.14819,-25.08645],[-49.14751,-25.08643],[-49.14695,-25.08631],[-49.14636,-25.08609],[-49.14611,-25.08602],[-49.14572,-25.08612],[-49.14532,-25.08608],[-49.14473,-25.08575],[-49.14439,-25.08546],[-49.14413,-25.08517],[-49.14384,-25.08463],[-49.1436,-25.08408],[-49.14345,-25.08379],[-49.14331,-25.08308],[-49.14297,-25.08225],[-49.14265,-25.08169],[-49.14239,-25.08141],[-49.14224,-25.0812],[-49.14191,-25.0811],[-49.14155,-25.08116],[-49.14107,-25.08128],[-49.14031,-25.08116],[-49.13951,-25.08101],[-49.13892,-25.08086],[-49.13784,-25.08056],[-49.13728,-25.08034],[-49.13704,-25.07989],[-49.13693,-25.07918],[-49.13675,-25.07842],[-49.13668,-25.0777],[-49.13649,-25.07721],[-49.13625,-25.07681],[-49.13595,-25.07669],[-49.1357,-25.07643],[-49.13538,-25.07588],[-49.13517,-25.07541],[-49.13492,-25.07501],[-49.13475,-25.07455],[-49.13422,-25.07365],[-49.13349,-25.0727],[-49.13331,-25.07243],[-49.1333,-25.07203],[-49.13321,-25.07181],[-49.13301,-25.07156],[-49.13255,-25.07141],[-49.1318,-25.07078],[-49.13148,-25.07063],[-49.13117,-25.07042],[-49.131,-25.07025],[-49.13062,-25.06983],[-49.13046,-25.06951],[-49.13048,-25.0692],[-49.13071,-25.06882],[-49.13091,-25.06855],[-49.13097,-25.06836],[-49.13087,-25.06819],[-49.13076,-25.06802],[-49.13058,-25.0679],[-49.13017,-25.06783],[-49.1296,-25.06788],[-49.12911,-25.06769],[-49.12882,-25.06756],[-49.12854,-25.06754],[-49.12831,-25.06757],[-49.12798,-25.06766],[-49.12732,-25.06785],[-49.12689,-25.06779],[-49.12636,-25.06747],[-49.12603,-25.06696],[-49.12583,-25.06661],[-49.12555,-25.06651],[-49.12523,-25.06635],[-49.12396,-25.06523],[-49.12356,-25.06514],[-49.12238,-25.06504],[-49.12209,-25.06499],[-49.12151,-25.06522],[-49.12112,-25.06532],[-49.12097,-25.0654],[-49.12053,-25.06543],[-49.12006,-25.0654],[-49.11979,-25.06515],[-49.11963,-25.06491],[-49.11956,-25.06443],[-49.11951,-25.06396],[-49.11944,-25.06368],[-49.11941,-25.06351],[-49.11902,-25.06356],[-49.11842,-25.06376],[-49.11783,-25.06393],[-49.11713,-25.06407],[-49.11613,-25.06409],[-49.11589,-25.06411],[-49.11559,-25.06406],[-49.11445,-25.06362],[-49.11399,-25.06313],[-49.11379,-25.06276],[-49.11349,-25.06247],[-49.11278,-25.06213],[-49.11205,-25.06159],[-49.11123,-25.06111],[-49.11094,-25.06089],[-49.1106,-25.06072],[-49.11027,-25.0607],[-49.11006,-25.06058],[-49.1098,-25.06023],[-49.10953,-25.06007],[-49.10922,-25.05987],[-49.10897,-25.05962],[-49.10876,-25.05953],[-49.10853,-25.05946],[-49.10817,-25.05924],[-49.10755,-25.0589],[-49.10654,-25.05835],[-49.10624,-25.05821],[-49.1052,-25.05765],[-49.10495,-25.05749],[-49.10474,-25.05716],[-49.10453,-25.05702],[-49.10432,-25.05696],[-49.1041,-25.05699],[-49.10391,-25.05697],[-49.10378,-25.05687],[-49.10365,-25.05676],[-49.10333,-25.05654],[-49.10293,-25.05608],[-49.10226,-25.05549],[-49.10196,-25.05536],[-49.10168,-25.05513],[-49.10117,-25.05487],[-49.1008,-25.0545],[-49.10065,-25.05422],[-49.10039,-25.05398],[-49.09996,-25.05383],[-49.09972,-25.05366],[-49.09964,-25.05344],[-49.09965,-25.05309],[-49.09962,-25.05298],[-49.0995,-25.05288],[-49.09925,-25.05279],[-49.09898,-25.05277],[-49.09874,-25.05279],[-49.09834,-25.05294],[-49.09768,-25.05339],[-49.09743,-25.05358],[-49.09662,-25.05394],[-49.09651,-25.05397],[-49.09644,-25.05396],[-49.09637,-25.05393],[-49.09633,-25.05386],[-49.09632,-25.05377],[-49.09634,-25.05363],[-49.09635,-25.05341],[-49.0963,-25.05327],[-49.09613,-25.05309],[-49.09586,-25.0525],[-49.09581,-25.05216],[-49.09586,-25.05188],[-49.09584,-25.05172],[-49.09571,-25.05163],[-49.09523,-25.05157],[-49.09473,-25.05154],[-49.09458,-25.05147],[-49.09444,-25.05132],[-49.09418,-25.05084],[-49.09399,-25.05034],[-49.09386,-25.05021],[-49.09374,-25.05016],[-49.09348,-25.05021],[-49.09316,-25.05013],[-49.09276,-25.04992],[-49.09227,-25.05006],[-49.0917,-25.04988],[-49.0915,-25.04961],[-49.09115,-25.04943],[-49.09088,-25.04929],[-49.09029,-25.04951],[-49.08998,-25.04979],[-49.08949,-25.05006],[-49.08862,-25.05048],[-49.08834,-25.05061],[-49.08813,-25.05061],[-49.08792,-25.05051],[-49.08766,-25.05025],[-49.08749,-25.05019],[-49.08733,-25.05019],[-49.08714,-25.05025],[-49.08688,-25.05035],[-49.08655,-25.05044],[-49.0864,-25.05042],[-49.08628,-25.0503],[-49.08624,-25.05015],[-49.08625,-25.04997],[-49.08639,-25.04979],[-49.0866,-25.04966],[-49.08668,-25.04949],[-49.08662,-25.04926],[-49.08649,-25.04914]]}},{"type":"Feature","properties":{"n":"","h":"unclassified"},"geometry":{"type":"LineString","coordinates":[[-49.17762,-25.11007],[-49.17767,-25.10995],[-49.17778,-25.10984],[-49.17807,-25.10967],[-49.17827,-25.10948],[-49.17838,-25.10929],[-49.17842,-25.10908],[-49.17849,-25.10858],[-49.17855,-25.10837],[-49.17863,-25.10823],[-49.1787,-25.1081],[-49.17898,-25.10785],[-49.17924,-25.10766],[-49.17943,-25.10752],[-49.17962,-25.10747],[-49.18008,-25.10745],[-49.18074,-25.10751],[-49.18122,-25.10759],[-49.18134,-25.10761],[-49.1815,-25.10761],[-49.18164,-25.10759],[-49.18178,-25.10752],[-49.18188,-25.1074],[-49.18195,-25.10727],[-49.18201,-25.10698],[-49.18201,-25.10682],[-49.18196,-25.10669],[-49.18192,-25.10653],[-49.18185,-25.10641],[-49.18156,-25.10613],[-49.18142,-25.10602],[-49.18124,-25.10594],[-49.18119,-25.10585],[-49.18117,-25.10572],[-49.1811,-25.10557],[-49.18092,-25.10528],[-49.18084,-25.10509],[-49.18069,-25.10469],[-49.18053,-25.10443],[-49.18037,-25.10419],[-49.18023,-25.10402],[-49.17981,-25.10359],[-49.17932,-25.10321],[-49.17929,-25.10315],[-49.1792,-25.10294]]}},{"type":"Feature","properties":{"n":"Rua Prefeito Octávio Furquim","h":"tertiary"},"geometry":{"type":"LineString","coordinates":[[-49.31034,-25.19559],[-49.31009,-25.19545],[-49.30995,-25.19532],[-49.30958,-25.19482],[-49.30947,-25.19466],[-49.30929,-25.19442],[-49.30916,-25.19431],[-49.30907,-25.19425],[-49.30896,-25.19416],[-49.30876,-25.19403],[-49.30868,-25.19395],[-49.30861,-25.19385],[-49.30853,-25.19366],[-49.30835,-25.19308],[-49.3083,-25.19291],[-49.30828,-25.19279],[-49.30824,-25.19267],[-49.30817,-25.19257],[-49.30807,-25.19248],[-49.30795,-25.19239],[-49.30781,-25.19229],[-49.30771,-25.1922],[-49.30767,-25.19213],[-49.30763,-25.19205],[-49.30761,-25.19198],[-49.3076,-25.19193],[-49.30759,-25.19182]]}},{"type":"Feature","properties":{"n":"","h":"unclassified"},"geometry":{"type":"LineString","coordinates":[[-49.28686,-25.17856],[-49.28619,-25.17933],[-49.28615,-25.17935],[-49.28611,-25.17937],[-49.28604,-25.17938],[-49.28598,-25.17937],[-49.28588,-25.17933],[-49.28579,-25.17928],[-49.28569,-25.17922],[-49.28564,-25.17918],[-49.2856,-25.17914],[-49.28555,-25.1791],[-49.28547,-25.17902],[-49.28542,-25.179],[-49.2853,-25.17894],[-49.28524,-25.17892],[-49.28512,-25.17888],[-49.28502,-25.17885],[-49.28489,-25.17886],[-49.28483,-25.17891],[-49.28479,-25.17895],[-49.2847,-25.17904],[-49.28465,-25.1791],[-49.2846,-25.17915],[-49.28448,-25.17926],[-49.28441,-25.17931],[-49.28428,-25.17938],[-49.28415,-25.17941],[-49.28401,-25.17941],[-49.28395,-25.1794],[-49.28389,-25.17939],[-49.28383,-25.17938],[-49.28377,-25.17937],[-49.28371,-25.17936],[-49.28364,-25.17934],[-49.28358,-25.17932],[-49.28351,-25.17929],[-49.2834,-25.17923],[-49.28333,-25.1792],[-49.28324,-25.1792],[-49.28319,-25.17922],[-49.28317,-25.17924],[-49.28315,-25.17926],[-49.28314,-25.17927],[-49.28312,-25.17928]]}},{"type":"Feature","properties":{"n":"Avenida Agrimensor Gildo Pinheiro da Luz","h":"primary"},"geometry":{"type":"LineString","coordinates":[[-49.32971,-25.21769],[-49.32913,-25.21768],[-49.32867,-25.21768],[-49.32772,-25.21769],[-49.32767,-25.21769],[-49.32693,-25.21768],[-49.32631,-25.21769],[-49.32599,-25.2177],[-49.32576,-25.21772],[-49.32563,-25.21774],[-49.32543,-25.21781],[-49.32517,-25.21797],[-49.32494,-25.21817],[-49.32453,-25.2187],[-49.32432,-25.219],[-49.32412,-25.21924],[-49.32387,-25.21949],[-49.32363,-25.21966],[-49.32331,-25.21982],[-49.32293,-25.21994],[-49.32249,-25.22008],[-49.32224,-25.22014],[-49.3219,-25.22022],[-49.32145,-25.22031],[-49.32081,-25.22048],[-49.3202,-25.22063],[-49.31974,-25.22076],[-49.31961,-25.22079],[-49.31946,-25.22086],[-49.31928,-25.22096],[-49.31893,-25.2212],[-49.31869,-25.22138],[-49.31826,-25.2217],[-49.31804,-25.22185],[-49.31781,-25.22202],[-49.31759,-25.22216],[-49.31742,-25.22224],[-49.31726,-25.22228],[-49.31704,-25.22233],[-49.31675,-25.22235],[-49.31632,-25.22235]]}},{"type":"Feature","properties":{"n":"Rua Amazonas","h":"residential"},"geometry":{"type":"LineString","coordinates":[[-49.30631,-25.18594],[-49.30595,-25.18613],[-49.30564,-25.18629],[-49.30535,-25.18645],[-49.30503,-25.18665],[-49.30447,-25.18708],[-49.30418,-25.18729],[-49.30386,-25.18751],[-49.30363,-25.18765],[-49.30346,-25.18777],[-49.3034,-25.1878],[-49.30332,-25.18789],[-49.30329,-25.18791]]}},{"type":"Feature","properties":{"n":"Rua Rondônia","h":"residential"},"geometry":{"type":"LineString","coordinates":[[-49.30397,-25.18571],[-49.3039,-25.1858],[-49.30389,-25.18584],[-49.30388,-25.18587],[-49.30391,-25.18596],[-49.30412,-25.1864],[-49.30439,-25.18694],[-49.30447,-25.18708]]}},{"type":"Feature","properties":{"n":"Rua São Paulo","h":"residential"},"geometry":{"type":"LineString","coordinates":[[-49.30327,-25.18626],[-49.30351,-25.1867],[-49.30386,-25.18751]]}},{"type":"Feature","properties":{"n":"Rua Paraíba","h":"residential"},"geometry":{"type":"LineString","coordinates":[[-49.30269,-25.18659],[-49.3031,-25.18756],[-49.30313,-25.18768],[-49.30315,-25.18777]]}},{"type":"Feature","properties":{"n":"Rua Santa Catarina","h":"residential"},"geometry":{"type":"LineString","coordinates":[[-49.30554,-25.18477],[-49.305,-25.18499],[-49.30469,-25.18514],[-49.30443,-25.18533],[-49.30397,-25.18571],[-49.30387,-25.18575],[-49.30384,-25.18576],[-49.30372,-25.18593],[-49.3036,-25.18604],[-49.30342,-25.18616],[-49.30327,-25.18626],[-49.30304,-25.1864],[-49.30269,-25.18659],[-49.30238,-25.18681],[-49.30212,-25.18699],[-49.30176,-25.18719],[-49.30133,-25.18749],[-49.301,-25.18767],[-49.30063,-25.18789]]}},{"type":"Feature","properties":{"n":"Rua Antônio Nunes","h":"residential"},"geometry":{"type":"LineString","coordinates":[[-49.29927,-25.18888],[-49.30136,-25.18832],[-49.30175,-25.18822],[-49.30313,-25.18784]]}},{"type":"Feature","properties":{"n":"Rua Vereador Rene Bitencourt Vaz","h":"residential"},"geometry":{"type":"LineString","coordinates":[[-49.29942,-25.18948],[-49.30125,-25.18901],[-49.30155,-25.18893],[-49.30314,-25.18853],[-49.30358,-25.18842]]}},{"type":"Feature","properties":{"n":"Rua Espírito Santo","h":"residential"},"geometry":{"type":"LineString","coordinates":[[-49.30198,-25.19169],[-49.3023,-25.19136],[-49.30285,-25.19095],[-49.30311,-25.19068],[-49.30323,-25.19054],[-49.30369,-25.19007],[-49.30418,-25.18954],[-49.30434,-25.18938],[-49.3048,-25.18886]]}},{"type":"Feature","properties":{"n":"Rua Acre","h":"residential"},"geometry":{"type":"LineString","coordinates":[[-49.3033,-25.18872],[-49.30434,-25.18938]]}},{"type":"Feature","properties":{"n":"Rua Ceará","h":"residential"},"geometry":{"type":"LineString","coordinates":[[-49.30498,-25.19038],[-49.30474,-25.19015],[-49.30451,-25.18992],[-49.30418,-25.18954]]}},{"type":"Feature","properties":{"n":"Rua Roraima","h":"residential"},"geometry":{"type":"LineString","coordinates":[[-49.30311,-25.19068],[-49.30345,-25.19103],[-49.30379,-25.19142],[-49.30401,-25.19157],[-49.30433,-25.19177],[-49.30465,-25.19193],[-49.30483,-25.19204],[-49.30496,-25.19213],[-49.30514,-25.1923]]}},{"type":"Feature","properties":{"n":"Rua Pernambuco","h":"residential"},"geometry":{"type":"LineString","coordinates":[[-49.30231,-25.19243],[-49.30278,-25.19218],[-49.30288,-25.19214],[-49.303,-25.1921],[-49.30326,-25.19192],[-49.30379,-25.19142],[-49.30447,-25.19085],[-49.3047,-25.19064],[-49.30484,-25.19051],[-49.30498,-25.19038],[-49.30528,-25.19009],[-49.30555,-25.18985],[-49.30562,-25.18976],[-49.30572,-25.18956]]}},{"type":"Feature","properties":{"n":"Rua Generoso Marques","h":"tertiary"},"geometry":{"type":"LineString","coordinates":[[-49.30421,-25.19297],[-49.30391,-25.19322],[-49.30364,-25.19337],[-49.30328,-25.19354],[-49.3027,-25.1938],[-49.30265,-25.19382],[-49.30259,-25.19384],[-49.30239,-25.19388],[-49.30217,-25.19392],[-49.30208,-25.19396],[-49.30198,-25.19403],[-49.30179,-25.19422],[-49.30157,-25.19444],[-49.30128,-25.19468],[-49.30101,-25.1949],[-49.30093,-25.19493],[-49.30077,-25.19497],[-49.30061,-25.19498],[-49.3005,-25.19499],[-49.30025,-25.19501],[-49.30008,-25.19503],[-49.3,-25.19505],[-49.29996,-25.19508],[-49.29991,-25.19511],[-49.2998,-25.19524],[-49.29965,-25.1955],[-49.29933,-25.19594],[-49.29927,-25.19606]]}},{"type":"Feature","properties":{"n":"Avenida Derson Costa","h":"secondary"},"geometry":{"type":"LineString","coordinates":[[-49.31258,-25.19293],[-49.31224,-25.19344],[-49.31212,-25.19359],[-49.31185,-25.19393],[-49.31159,-25.19429],[-49.31151,-25.19442],[-49.31132,-25.19468],[-49.3111,-25.19501],[-49.31106,-25.1951],[-49.31105,-25.19515],[-49.31106,-25.19555],[-49.31107,-25.19577],[-49.31109,-25.19591],[-49.31114,-25.19606],[-49.31121,-25.19621],[-49.31128,-25.1963]]}},{"type":"Feature","properties":{"n":"Avenida Derson Costa","h":"secondary"},"geometry":{"type":"LineString","coordinates":[[-49.31113,-25.19639],[-49.31101,-25.19603],[-49.31096,-25.19579],[-49.31095,-25.19554],[-49.31097,-25.19528],[-49.31098,-25.19513],[-49.31099,-25.19506],[-49.31104,-25.19495],[-49.31112,-25.19481],[-49.31133,-25.19442],[-49.31143,-25.19422]]}},{"type":"Feature","properties":{"n":"Rua Coronel Carlos Pioli","h":"secondary"},"geometry":{"type":"LineString","coordinates":[[-49.31293,-25.19219],[-49.31328,-25.19156],[-49.3134,-25.19131]]}},{"type":"Feature","properties":{"n":"Rua Luiz Baido","h":"residential"},"geometry":{"type":"LineString","coordinates":[[-49.31577,-25.1885],[-49.31621,-25.18804]]}},{"type":"Feature","properties":{"n":"","h":"tertiary"},"geometry":{"type":"LineString","coordinates":[[-49.31872,-25.19117],[-49.31878,-25.19107],[-49.31883,-25.19101],[-49.31892,-25.19094],[-49.31904,-25.19089],[-49.31912,-25.19081],[-49.31916,-25.19073],[-49.31914,-25.19044]]}},{"type":"Feature","properties":{"n":"Rua Padre Ribeiro","h":"secondary"},"geometry":{"type":"LineString","coordinates":[[-49.31561,-25.18735],[-49.31515,-25.18762],[-49.31478,-25.18786],[-49.3146,-25.18797],[-49.31448,-25.18805],[-49.31421,-25.18821],[-49.31408,-25.18829],[-49.31403,-25.18833],[-49.31399,-25.18837],[-49.31397,-25.18841],[-49.31377,-25.18877],[-49.3136,-25.18914]]}},{"type":"Feature","properties":{"n":"","h":"tertiary"},"geometry":{"type":"LineString","coordinates":[[-49.31953,-25.19077],[-49.31961,-25.19077],[-49.31982,-25.19066],[-49.3201,-25.19046],[-49.32022,-25.19035],[-49.32041,-25.19021]]}},{"type":"Feature","properties":{"n":"Rua 7 de Setembro","h":"tertiary"},"geometry":{"type":"LineString","coordinates":[[-49.31336,-25.18568],[-49.31353,-25.18574],[-49.31401,-25.18591],[-49.31434,-25.18613],[-49.31475,-25.18649],[-49.315,-25.18671],[-49.31515,-25.18688],[-49.31561,-25.18735]]}},{"type":"Feature","properties":{"n":"Praça Castelo Branco","h":"tertiary"},"geometry":{"type":"LineString","coordinates":[[-49.31617,-25.18799],[-49.31599,-25.1878],[-49.31585,-25.18763],[-49.31571,-25.18748],[-49.31561,-25.18735]]}},{"type":"Feature","properties":{"n":"Rua Domingos de Faria","h":"secondary"},"geometry":{"type":"LineString","coordinates":[[-49.3136,-25.18914],[-49.3136,-25.18876],[-49.3136,-25.18868],[-49.31356,-25.18842],[-49.31355,-25.18837],[-49.3135,-25.18801],[-49.31336,-25.18752],[-49.31332,-25.18741],[-49.31306,-25.18681],[-49.31283,-25.18639],[-49.31255,-25.18594],[-49.31241,-25.18567],[-49.31239,-25.18553]]}},{"type":"Feature","properties":{"n":"","h":"residential"},"geometry":{"type":"LineString","coordinates":[[-49.31875,-25.19054],[-49.31892,-25.1904],[-49.31901,-25.19033]]}},{"type":"Feature","properties":{"n":"Praça Castelo Branco","h":"tertiary"},"geometry":{"type":"LineString","coordinates":[[-49.31617,-25.18799],[-49.31617,-25.18787],[-49.31616,-25.18782],[-49.31612,-25.18769],[-49.31602,-25.18748],[-49.31596,-25.18736],[-49.31587,-25.18721]]}},{"type":"Feature","properties":{"n":"Travessa Piaui","h":"residential"},"geometry":{"type":"LineString","coordinates":[[-49.3182,-25.18959],[-49.31781,-25.18982]]}},{"type":"Feature","properties":{"n":"Rua Flávio Johnsson","h":"residential"},"geometry":{"type":"LineString","coordinates":[[-49.31875,-25.19054],[-49.31872,-25.19052],[-49.31781,-25.18982],[-49.31729,-25.18943],[-49.31702,-25.18922],[-49.31589,-25.18857],[-49.31577,-25.1885]]}},{"type":"Feature","properties":{"n":"Rua Juca de Oliveira","h":"residential"},"geometry":{"type":"LineString","coordinates":[[-49.31857,-25.18839],[-49.31845,-25.18836],[-49.31838,-25.18832],[-49.31831,-25.18828],[-49.31823,-25.18823],[-49.31793,-25.18845],[-49.31783,-25.18852],[-49.3173,-25.1889]]}},{"type":"Feature","properties":{"n":"Rua Clarinda Martins Santana","h":"residential"},"geometry":{"type":"LineString","coordinates":[[-49.31901,-25.18935],[-49.31911,-25.18947],[-49.31921,-25.18958],[-49.3193,-25.18969],[-49.31938,-25.18977],[-49.31946,-25.18983]]}},{"type":"Feature","properties":{"n":"Travessa Piaui","h":"residential"},"geometry":{"type":"LineString","coordinates":[[-49.31681,-25.18946],[-49.31705,-25.18967],[-49.31729,-25.18988],[-49.31742,-25.18998],[-49.31745,-25.19],[-49.31749,-25.19],[-49.31781,-25.18982]]}},{"type":"Feature","properties":{"n":"Rua Elpídio Costa","h":"residential"},"geometry":{"type":"LineString","coordinates":[[-49.31841,-25.18978],[-49.31879,-25.18952],[-49.31901,-25.18935],[-49.31934,-25.18907],[-49.31959,-25.18889],[-49.31989,-25.18866]]}},{"type":"Feature","properties":{"n":"Rua Rubens Celso Armstrong","h":"residential"},"geometry":{"type":"LineString","coordinates":[[-49.31687,-25.18751],[-49.31684,-25.18757],[-49.31685,-25.1876],[-49.31689,-25.18764],[-49.31706,-25.18776],[-49.31721,-25.18789],[-49.31749,-25.18816],[-49.31783,-25.18852]]}},{"type":"Feature","properties":{"n":"Rua Santo Antônio Costa","h":"residential"},"geometry":{"type":"LineString","coordinates":[[-49.31998,-25.18938],[-49.31988,-25.18924],[-49.31979,-25.18914],[-49.31968,-25.18899],[-49.31959,-25.18889]]}},{"type":"Feature","properties":{"n":"Rua Dom Pedro","h":"residential"},"geometry":{"type":"LineString","coordinates":[[-49.31568,-25.18537],[-49.31542,-25.18586],[-49.31531,-25.18608],[-49.31515,-25.18633],[-49.315,-25.18671]]}},{"type":"Feature","properties":{"n":"Rua José Bonifácio","h":"residential"},"geometry":{"type":"LineString","coordinates":[[-49.31307,-25.18404],[-49.31305,-25.18387],[-49.31306,-25.18375],[-49.31306,-25.18354],[-49.31305,-25.18346]]}},{"type":"Feature","properties":{"n":"Rua Borges de Medeiros","h":"tertiary"},"geometry":{"type":"LineString","coordinates":[[-49.31023,-25.18295],[-49.31056,-25.18351],[-49.31077,-25.18383],[-49.31095,-25.18394],[-49.3112,-25.184],[-49.31151,-25.18408],[-49.31153,-25.18409],[-49.31203,-25.18422]]}},{"type":"Feature","properties":{"n":"Rua Natan Milder","h":"residential"},"geometry":{"type":"LineString","coordinates":[[-49.31573,-25.18646],[-49.31585,-25.18646],[-49.31595,-25.18645],[-49.31608,-25.18641],[-49.3162,-25.18628],[-49.31635,-25.18613],[-49.31666,-25.1858],[-49.31681,-25.18564],[-49.31682,-25.18557],[-49.3168,-25.18549],[-49.31673,-25.18542],[-49.31655,-25.18529],[-49.31635,-25.18514],[-49.31626,-25.18507],[-49.3162,-25.18507],[-49.31616,-25.1851],[-49.31602,-25.18527],[-49.31594,-25.18534],[-49.31588,-25.18539],[-49.31581,-25.1854],[-49.31568,-25.18537],[-49.31551,-25.18534],[-49.31536,-25.18529],[-49.31514,-25.1852],[-49.31499,-25.18511],[-49.31482,-25.18494],[-49.31476,-25.18485],[-49.3148,-25.18457],[-49.31487,-25.18446]]}},{"type":"Feature","properties":{"n":"Rua Germano Leão Paciornik","h":"residential"},"geometry":{"type":"LineString","coordinates":[[-49.3163,-25.18694],[-49.31624,-25.18689],[-49.31589,-25.18661],[-49.31573,-25.18646],[-49.31531,-25.18608],[-49.31505,-25.18585],[-49.31464,-25.1855],[-49.31428,-25.18526],[-49.31399,-25.18514],[-49.31391,-25.18511],[-49.31361,-25.18501],[-49.31325,-25.18488],[-49.31309,-25.18483]]}},{"type":"Feature","properties":{"n":"Rua Irene Osório Matias","h":"residential"},"geometry":{"type":"LineString","coordinates":[[-49.31503,-25.18347],[-49.31496,-25.18349],[-49.31487,-25.18348],[-49.31476,-25.18345],[-49.31436,-25.18329],[-49.31421,-25.18328],[-49.31396,-25.18335],[-49.31369,-25.18341],[-49.31326,-25.1835],[-49.31306,-25.18354]]}},{"type":"Feature","properties":{"n":"","h":"residential"},"geometry":{"type":"LineString","coordinates":[[-49.31501,-25.18312],[-49.31497,-25.18318],[-49.31489,-25.18328],[-49.31482,-25.1833],[-49.31476,-25.18328],[-49.31468,-25.18324],[-49.3145,-25.18313],[-49.31444,-25.18311],[-49.31421,-25.18312],[-49.31398,-25.18316],[-49.3138,-25.18319],[-49.31354,-25.18324],[-49.31341,-25.18327],[-49.31317,-25.1833],[-49.31307,-25.1833],[-49.31306,-25.18335]]}},{"type":"Feature","properties":{"n":"Rua Tiradentes","h":"residential"},"geometry":{"type":"LineString","coordinates":[[-49.31336,-25.18568],[-49.31344,-25.18564],[-49.31352,-25.18558],[-49.31391,-25.18511],[-49.31403,-25.18493],[-49.31419,-25.18456],[-49.31437,-25.18383]]}},{"type":"Feature","properties":{"n":"Rua Duque de Caxias","h":"tertiary"},"geometry":{"type":"LineString","coordinates":[[-49.31437,-25.18383],[-49.31451,-25.18383],[-49.31482,-25.18383],[-49.31507,-25.18387],[-49.31534,-25.18393],[-49.31554,-25.18409],[-49.31592,-25.18442]]}},{"type":"Feature","properties":{"n":"Rua Olavo Bilac","h":"residential"},"geometry":{"type":"LineString","coordinates":[[-49.31096,-25.18691],[-49.31086,-25.18682],[-49.31076,-25.18673],[-49.31069,-25.18651],[-49.31067,-25.18622],[-49.31071,-25.18601],[-49.31079,-25.18571]]}},{"type":"Feature","properties":{"n":"Rua Doutor Zony","h":"residential"},"geometry":{"type":"LineString","coordinates":[[-49.31478,-25.18786],[-49.3145,-25.1875],[-49.31442,-25.18739],[-49.31413,-25.18696],[-49.31361,-25.18621],[-49.31341,-25.18589],[-49.31335,-25.18578],[-49.31336,-25.18568]]}},{"type":"Feature","properties":{"n":"Rua José Bonifácio","h":"tertiary"},"geometry":{"type":"LineString","coordinates":[[-49.31309,-25.18483],[-49.31305,-25.18468],[-49.31305,-25.18441],[-49.31306,-25.18419],[-49.31307,-25.18404]]}},{"type":"Feature","properties":{"n":"Rua Abrahan Lincoln","h":"residential"},"geometry":{"type":"LineString","coordinates":[[-49.31043,-25.19],[-49.31032,-25.19046],[-49.31023,-25.19108]]}},{"type":"Feature","properties":{"n":"Rua Parigot de Souza","h":"tertiary"},"geometry":{"type":"LineString","coordinates":[[-49.31538,-25.19415],[-49.31507,-25.1933],[-49.31495,-25.19299],[-49.31494,-25.19278],[-49.31499,-25.19269],[-49.31512,-25.1926],[-49.31522,-25.19252]]}},{"type":"Feature","properties":{"n":"Rua Pedro Wosch","h":"tertiary"},"geometry":{"type":"LineString","coordinates":[[-49.3134,-25.19131],[-49.31363,-25.19134],[-49.31382,-25.19142],[-49.31398,-25.19152],[-49.31435,-25.19176]]}},{"type":"Feature","properties":{"n":"","h":"tertiary"},"geometry":{"type":"LineString","coordinates":[[-49.31522,-25.1923],[-49.31522,-25.19237],[-49.31522,-25.19252]]}},{"type":"Feature","properties":{"n":"Rua João Costa","h":"residential"},"geometry":{"type":"LineString","coordinates":[[-49.31435,-25.19176],[-49.31391,-25.19254],[-49.31363,-25.193]]}},{"type":"Feature","properties":{"n":"","h":"tertiary"},"geometry":{"type":"LineString","coordinates":[[-49.31538,-25.19455],[-49.31541,-25.19443],[-49.31541,-25.19427],[-49.31538,-25.19415]]}},{"type":"Feature","properties":{"n":"Rua José Waldemar Wosch","h":"residential"},"geometry":{"type":"LineString","coordinates":[[-49.30843,-25.18936],[-49.30777,-25.18984],[-49.30742,-25.19011],[-49.30711,-25.19042]]}},{"type":"Feature","properties":{"n":"Rua Dois","h":"residential"},"geometry":{"type":"LineString","coordinates":[[-49.30733,-25.18742],[-49.30732,-25.18738],[-49.30726,-25.18725],[-49.3068,-25.18629],[-49.3066,-25.18595],[-49.30651,-25.18591],[-49.30642,-25.1859],[-49.30631,-25.18594]]}},{"type":"Feature","properties":{"n":"Rua Horacy Santos","h":"tertiary"},"geometry":{"type":"LineString","coordinates":[[-49.31286,-25.19226],[-49.31291,-25.1923],[-49.31322,-25.19249],[-49.31332,-25.19259],[-49.31363,-25.193],[-49.31418,-25.1937],[-49.31484,-25.19453],[-49.31505,-25.1948]]}},{"type":"Feature","properties":{"n":"Rua Francisco Wosch","h":"residential"},"geometry":{"type":"LineString","coordinates":[[-49.30829,-25.18898],[-49.30817,-25.1888],[-49.30813,-25.18877],[-49.30807,-25.18879],[-49.30729,-25.18935],[-49.30685,-25.18971],[-49.30655,-25.18998]]}},{"type":"Feature","properties":{"n":"Rua Prefeito José Pedroso de Moraes","h":"residential"},"geometry":{"type":"LineString","coordinates":[[-49.31168,-25.18618],[-49.31189,-25.18635],[-49.31204,-25.18648],[-49.31221,-25.18675],[-49.3124,-25.18704],[-49.3126,-25.18743],[-49.31267,-25.18756],[-49.3127,-25.18769],[-49.31275,-25.18783],[-49.31281,-25.18808],[-49.3129,-25.18838],[-49.31297,-25.18858],[-49.31303,-25.1888],[-49.31302,-25.18894],[-49.31296,-25.18905],[-49.31278,-25.18921],[-49.31272,-25.18936],[-49.31266,-25.18953],[-49.31261,-25.18961],[-49.31255,-25.18966],[-49.31244,-25.18971],[-49.31235,-25.18975],[-49.31205,-25.18982],[-49.31144,-25.18995],[-49.3111,-25.19002],[-49.31043,-25.19]]}},{"type":"Feature","properties":{"n":"Rua Barbara Wosch","h":"residential"},"geometry":{"type":"LineString","coordinates":[[-49.30589,-25.18965],[-49.30592,-25.18961],[-49.30595,-25.18958],[-49.30617,-25.18939],[-49.30664,-25.18899],[-49.30691,-25.18877],[-49.30744,-25.18838]]}},{"type":"Feature","properties":{"n":"Rua Francisca Cavassin Wosch","h":"residential"},"geometry":{"type":"LineString","coordinates":[[-49.30854,-25.1901],[-49.30745,-25.19102]]}},{"type":"Feature","properties":{"n":"Rua Félix Novak","h":"residential"},"geometry":{"type":"LineString","coordinates":[[-49.30861,-25.1876],[-49.30863,-25.18771],[-49.3087,-25.18808],[-49.30888,-25.18872],[-49.30901,-25.18923],[-49.30908,-25.18955],[-49.30909,-25.18968],[-49.30914,-25.19097],[-49.30916,-25.1911],[-49.30922,-25.19125],[-49.30932,-25.1914]]}},{"type":"Feature","properties":{"n":"Rua Eduardo Alves Ribeiro","h":"residential"},"geometry":{"type":"LineString","coordinates":[[-49.31008,-25.18739],[-49.30994,-25.1875],[-49.30986,-25.18759],[-49.30978,-25.18767],[-49.30968,-25.18776],[-49.30957,-25.18782],[-49.30942,-25.18787],[-49.30935,-25.18787],[-49.30932,-25.18787],[-49.30926,-25.18785],[-49.30917,-25.18782],[-49.30911,-25.18777],[-49.309,-25.1877],[-49.30884,-25.18762],[-49.30873,-25.1876],[-49.30861,-25.1876],[-49.30843,-25.18757],[-49.30817,-25.18754],[-49.30805,-25.18752]]}},{"type":"Feature","properties":{"n":"","h":"residential"},"geometry":{"type":"LineString","coordinates":[[-49.31205,-25.18982],[-49.31196,-25.19057],[-49.31191,-25.19113]]}},{"type":"Feature","properties":{"n":"Rua Manoel Pinto Ferro","h":"tertiary"},"geometry":{"type":"LineString","coordinates":[[-49.31191,-25.19113],[-49.31198,-25.19115],[-49.31225,-25.19122],[-49.31263,-25.19135],[-49.31296,-25.19146],[-49.31319,-25.19153],[-49.31328,-25.19156]]}},{"type":"Feature","properties":{"n":"Rua Paraná","h":"residential"},"geometry":{"type":"LineString","coordinates":[[-49.31233,-25.19309],[-49.31215,-25.19324],[-49.31201,-25.19335],[-49.31188,-25.19343],[-49.31176,-25.19344],[-49.31169,-25.19343],[-49.3116,-25.19342],[-49.3114,-25.19339],[-49.31106,-25.19334]]}},{"type":"Feature","properties":{"n":"","h":"residential"},"geometry":{"type":"LineString","coordinates":[[-49.31176,-25.19344],[-49.31168,-25.19365],[-49.31165,-25.19379]]}},{"type":"Feature","properties":{"n":"Rua Waldinir de Castro Porfirio","h":"residential"},"geometry":{"type":"LineString","coordinates":[[-49.31537,-25.19082],[-49.31557,-25.19088],[-49.31567,-25.19095],[-49.31583,-25.19112],[-49.31604,-25.19131],[-49.3163,-25.19147],[-49.3165,-25.19154],[-49.31655,-25.19153],[-49.31659,-25.19151],[-49.31666,-25.19118],[-49.31671,-25.19107],[-49.31676,-25.19098],[-49.31681,-25.19088],[-49.31681,-25.19079],[-49.31673,-25.19072],[-49.31663,-25.19062],[-49.31652,-25.1904],[-49.31644,-25.19021],[-49.31635,-25.19009],[-49.31579,-25.18969],[-49.31535,-25.18942],[-49.31506,-25.18932]]}},{"type":"Feature","properties":{"n":"Rua Carolina B. Zen de Cristo","h":"residential"},"geometry":{"type":"LineString","coordinates":[[-49.31537,-25.19082],[-49.31548,-25.19055],[-49.31556,-25.19027],[-49.31565,-25.1902],[-49.31576,-25.19016],[-49.31587,-25.19015],[-49.31602,-25.19021],[-49.31616,-25.19034],[-49.31629,-25.19053],[-49.31642,-25.19062],[-49.31657,-25.19068],[-49.31673,-25.19072]]}},{"type":"Feature","properties":{"n":"Rua Joaquim Martins","h":"residential"},"geometry":{"type":"LineString","coordinates":[[-49.30503,-25.18665],[-49.30491,-25.18636],[-49.30465,-25.18578],[-49.30454,-25.1855],[-49.30449,-25.18541],[-49.30443,-25.18533]]}},{"type":"Feature","properties":{"n":"Rua Colerinho","h":"residential"},"geometry":{"type":"LineString","coordinates":[[-49.3018,-25.18356],[-49.30221,-25.18411],[-49.3027,-25.1848],[-49.3032,-25.18543]]}},{"type":"Feature","properties":{"n":"Rua Beija Flor","h":"residential"},"geometry":{"type":"LineString","coordinates":[[-49.30059,-25.18521],[-49.30156,-25.18651]]}},{"type":"Feature","properties":{"n":"Rua Canário","h":"residential"},"geometry":{"type":"LineString","coordinates":[[-49.30113,-25.18373],[-49.30169,-25.18446],[-49.30212,-25.18511],[-49.30237,-25.18547],[-49.30261,-25.18579]]}},{"type":"Feature","properties":{"n":"Rua José Amancio Stresser","h":"residential"},"geometry":{"type":"LineString","coordinates":[[-49.30473,-25.18452],[-49.305,-25.18499],[-49.30529,-25.18561],[-49.30548,-25.18594],[-49.30564,-25.18629]]}},{"type":"Feature","properties":{"n":"","h":"residential"},"geometry":{"type":"LineString","coordinates":[[-49.30389,-25.19463],[-49.30383,-25.19457],[-49.30331,-25.19421],[-49.30318,-25.19411],[-49.30303,-25.19401],[-49.3029,-25.19394],[-49.30275,-25.19389]]}},{"type":"Feature","properties":{"n":"Rua Bem Te Vi","h":"residential"},"geometry":{"type":"LineString","coordinates":[[-49.30052,-25.18397],[-49.30115,-25.18485],[-49.3021,-25.18617]]}},{"type":"Feature","properties":{"n":"Rua João de Barro","h":"residential"},"geometry":{"type":"LineString","coordinates":[[-49.29926,-25.18616],[-49.29956,-25.18591],[-49.30006,-25.18556],[-49.30059,-25.18521],[-49.30099,-25.18495],[-49.30115,-25.18485],[-49.30169,-25.18446],[-49.30221,-25.18411],[-49.30277,-25.18378],[-49.30333,-25.18341],[-49.30389,-25.18304],[-49.30407,-25.18293]]}},{"type":"Feature","properties":{"n":"Rua Araça","h":"residential"},"geometry":{"type":"LineString","coordinates":[[-49.30421,-25.19297],[-49.30398,-25.19464],[-49.30394,-25.19498],[-49.30394,-25.19507],[-49.30398,-25.19526],[-49.30398,-25.19539],[-49.30396,-25.19552],[-49.30393,-25.19566],[-49.30392,-25.19572],[-49.3039,-25.1958],[-49.30386,-25.1959],[-49.30383,-25.19594],[-49.30381,-25.196],[-49.3038,-25.19604],[-49.30381,-25.1961],[-49.30383,-25.19614],[-49.30383,-25.19619],[-49.30381,-25.19624],[-49.30379,-25.19629],[-49.30377,-25.19632],[-49.30366,-25.19643],[-49.30358,-25.19649]]}},{"type":"Feature","properties":{"n":"Rua Gralha Azul","h":"residential"},"geometry":{"type":"LineString","coordinates":[[-49.30027,-25.18742],[-49.30033,-25.18734],[-49.30042,-25.18723],[-49.30054,-25.18714],[-49.30069,-25.18705],[-49.30101,-25.18691],[-49.30156,-25.18651],[-49.30167,-25.18644],[-49.30182,-25.18636],[-49.3021,-25.18617],[-49.30261,-25.18579],[-49.30303,-25.18555],[-49.3032,-25.18543],[-49.3037,-25.18506],[-49.3042,-25.18473],[-49.30425,-25.1847],[-49.30456,-25.18448],[-49.30465,-25.18447],[-49.30473,-25.18452]]}},{"type":"Feature","properties":{"n":"Rua Marly do Rocio","h":"residential"},"geometry":{"type":"LineString","coordinates":[[-49.3027,-25.1938],[-49.30275,-25.19389],[-49.30278,-25.19408],[-49.30288,-25.19429],[-49.30293,-25.19443],[-49.30293,-25.19455],[-49.30293,-25.1946],[-49.30296,-25.19472],[-49.30301,-25.195],[-49.30309,-25.1953],[-49.30317,-25.19566],[-49.30326,-25.19589],[-49.30327,-25.196],[-49.30327,-25.19611],[-49.30331,-25.19616],[-49.30339,-25.19623],[-49.30344,-25.19628],[-49.30347,-25.19633],[-49.30349,-25.19638]]}},{"type":"Feature","properties":{"n":"Rua Arapongas","h":"residential"},"geometry":{"type":"LineString","coordinates":[[-49.30101,-25.18691],[-49.30006,-25.18556]]}},{"type":"Feature","properties":{"n":"Rua Professora Aline Miranda Porfírio","h":"residential"},"geometry":{"type":"LineString","coordinates":[[-49.31264,-25.17763],[-49.31351,-25.17733],[-49.31381,-25.17723],[-49.31431,-25.17705],[-49.3145,-25.177],[-49.31505,-25.17681],[-49.31516,-25.17676],[-49.31581,-25.1765],[-49.31592,-25.1764],[-49.31594,-25.17635],[-49.31604,-25.176],[-49.31606,-25.1759],[-49.31613,-25.17575],[-49.31619,-25.17571],[-49.31621,-25.17566],[-49.31627,-25.17529],[-49.31631,-25.17515],[-49.31632,-25.17503],[-49.31638,-25.17484],[-49.31643,-25.17464],[-49.31643,-25.17455],[-49.31646,-25.17448],[-49.31654,-25.17434]]}},{"type":"Feature","properties":{"n":"Rua Sete de Abril","h":"residential"},"geometry":{"type":"LineString","coordinates":[[-49.31628,-25.18006],[-49.31658,-25.17987],[-49.31663,-25.17983],[-49.31667,-25.17977],[-49.31671,-25.17967],[-49.31674,-25.17958],[-49.31675,-25.17939],[-49.31673,-25.17914],[-49.31676,-25.1788],[-49.31673,-25.17815],[-49.31658,-25.17746],[-49.31657,-25.17741],[-49.31652,-25.17728]]}},{"type":"Feature","properties":{"n":"","h":"residential"},"geometry":{"type":"LineString","coordinates":[[-49.31522,-25.18225],[-49.3156,-25.18267],[-49.31583,-25.18294],[-49.31593,-25.18309],[-49.31597,-25.18326],[-49.31605,-25.18339],[-49.31629,-25.18355]]}},{"type":"Feature","properties":{"n":"Rua Cinco","h":"residential"},"geometry":{"type":"LineString","coordinates":[[-49.31733,-25.17974],[-49.31714,-25.18003],[-49.31695,-25.18029]]}},{"type":"Feature","properties":{"n":"","h":"residential"},"geometry":{"type":"LineString","coordinates":[[-49.3171,-25.18228],[-49.31718,-25.18259],[-49.31721,-25.18272],[-49.31719,-25.18282],[-49.31712,-25.18296]]}},{"type":"Feature","properties":{"n":"","h":"residential"},"geometry":{"type":"LineString","coordinates":[[-49.32061,-25.17883],[-49.32049,-25.17898],[-49.32028,-25.17924],[-49.32009,-25.17943],[-49.31971,-25.17986],[-49.3192,-25.18049],[-49.31861,-25.18111]]}},{"type":"Feature","properties":{"n":"Rua Benedito","h":"residential"},"geometry":{"type":"LineString","coordinates":[[-49.31897,-25.18134],[-49.31861,-25.18111],[-49.31802,-25.18069],[-49.31714,-25.18003]]}},{"type":"Feature","properties":{"n":"Rua Joaquim Domingues","h":"residential"},"geometry":{"type":"LineString","coordinates":[[-49.31767,-25.18118],[-49.31746,-25.18092],[-49.31695,-25.18029],[-49.31658,-25.17987]]}},{"type":"Feature","properties":{"n":"Rua Padre Antônio Vieira","h":"residential"},"geometry":{"type":"LineString","coordinates":[[-49.31628,-25.18006],[-49.31648,-25.18058],[-49.31672,-25.18119],[-49.31679,-25.18138],[-49.31688,-25.18158],[-49.31699,-25.18177],[-49.31705,-25.18185],[-49.31713,-25.18193],[-49.31722,-25.18196],[-49.3173,-25.18199],[-49.31744,-25.18204],[-49.31759,-25.18211],[-49.31773,-25.18224],[-49.31786,-25.18231]]}},{"type":"Feature","properties":{"n":"Rua Paulo Cezar Bonfim","h":"residential"},"geometry":{"type":"LineString","coordinates":[[-49.3157,-25.17426],[-49.31629,-25.17431],[-49.31654,-25.17434],[-49.31679,-25.17435],[-49.31694,-25.1744],[-49.31713,-25.17442],[-49.31736,-25.17447]]}},{"type":"Feature","properties":{"n":"","h":"residential"},"geometry":{"type":"LineString","coordinates":[[-49.31293,-25.17836],[-49.31258,-25.17852],[-49.31245,-25.17855],[-49.31183,-25.17846]]}},{"type":"Feature","properties":{"n":"Rua Epitácio Pessoa","h":"residential"},"geometry":{"type":"LineString","coordinates":[[-49.31509,-25.1817],[-49.31499,-25.18147],[-49.31487,-25.18118],[-49.31471,-25.18079],[-49.3146,-25.18039],[-49.31456,-25.18009],[-49.31454,-25.17991],[-49.31438,-25.17951],[-49.31421,-25.17891],[-49.31399,-25.17831],[-49.31395,-25.17808]]}},{"type":"Feature","properties":{"n":"Rua Agrimensor Gildo Pinheiro","h":"residential"},"geometry":{"type":"LineString","coordinates":[[-49.31255,-25.1826],[-49.31279,-25.18252],[-49.31338,-25.18234],[-49.31426,-25.18201],[-49.31509,-25.1817],[-49.31549,-25.18158],[-49.31596,-25.18142],[-49.31672,-25.18119],[-49.31746,-25.18092],[-49.31802,-25.18069]]}},{"type":"Feature","properties":{"n":"Rua Marechal Candido Rondon","h":"residential"},"geometry":{"type":"LineString","coordinates":[[-49.31323,-25.17832],[-49.31322,-25.17857],[-49.31323,-25.17865],[-49.31346,-25.17914]]}},{"type":"Feature","properties":{"n":"Rua Benedito Gonçalves","h":"residential"},"geometry":{"type":"LineString","coordinates":[[-49.31745,-25.17924],[-49.31758,-25.17928],[-49.31771,-25.17923],[-49.31785,-25.17912],[-49.31805,-25.17898],[-49.31812,-25.17887],[-49.31811,-25.17879],[-49.31805,-25.17871],[-49.3178,-25.17856],[-49.31768,-25.17844],[-49.31756,-25.1782]]}},{"type":"Feature","properties":{"n":"Rua João Alves Viana","h":"residential"},"geometry":{"type":"LineString","coordinates":[[-49.31718,-25.17549],[-49.31696,-25.17546],[-49.3165,-25.17535],[-49.31627,-25.17529],[-49.31605,-25.17522],[-49.31578,-25.17518],[-49.31557,-25.17511]]}},{"type":"Feature","properties":{"n":"Rua Antônio Ozório","h":"residential"},"geometry":{"type":"LineString","coordinates":[[-49.32087,-25.1795],[-49.32056,-25.17934],[-49.32028,-25.17924],[-49.32005,-25.17911],[-49.31908,-25.17841],[-49.3185,-25.17812],[-49.31848,-25.17812],[-49.31756,-25.1782],[-49.31697,-25.17817],[-49.31679,-25.17815],[-49.31673,-25.17815]]}},{"type":"Feature","properties":{"n":"Rua Manoel Bandeira","h":"residential"},"geometry":{"type":"LineString","coordinates":[[-49.3141,-25.17648],[-49.31431,-25.17705],[-49.31466,-25.17796],[-49.31494,-25.17869],[-49.31549,-25.18021],[-49.31596,-25.18142]]}},{"type":"Feature","properties":{"n":"","h":"residential"},"geometry":{"type":"LineString","coordinates":[[-49.31336,-25.17696],[-49.31344,-25.17716],[-49.31351,-25.17733],[-49.31387,-25.1781]]}},{"type":"Feature","properties":{"n":"Rua Evangelizador Augusto E Santos","h":"residential"},"geometry":{"type":"LineString","coordinates":[[-49.31817,-25.17974],[-49.3192,-25.18049],[-49.3196,-25.18078],[-49.3199,-25.18105],[-49.31999,-25.18114],[-49.32013,-25.18135]]}},{"type":"Feature","properties":{"n":"Rua B","h":"residential"},"geometry":{"type":"LineString","coordinates":[[-49.31868,-25.17906],[-49.31889,-25.17931],[-49.31895,-25.17935],[-49.31917,-25.17948],[-49.31927,-25.17952],[-49.31971,-25.17986]]}},{"type":"Feature","properties":{"n":"Rua Venâncio da Silva","h":"residential"},"geometry":{"type":"LineString","coordinates":[[-49.31621,-25.18373],[-49.31629,-25.18355],[-49.31635,-25.18349],[-49.31647,-25.1834],[-49.31691,-25.18309],[-49.31712,-25.18296],[-49.31729,-25.18284],[-49.3174,-25.18273],[-49.3175,-25.18258],[-49.31757,-25.18249],[-49.31766,-25.18242],[-49.31786,-25.18231]]}},{"type":"Feature","properties":{"n":"Rua Treze de Maio","h":"residential"},"geometry":{"type":"LineString","coordinates":[[-49.31282,-25.18096],[-49.31293,-25.18114],[-49.31302,-25.18136],[-49.31309,-25.18161],[-49.31325,-25.182],[-49.31338,-25.18234]]}},{"type":"Feature","properties":{"n":"Rua Antônio Elias","h":"tertiary"},"geometry":{"type":"LineString","coordinates":[[-49.31257,-25.17954],[-49.31252,-25.17947],[-49.31251,-25.17943],[-49.31248,-25.17915],[-49.31246,-25.17889],[-49.31245,-25.17855],[-49.31244,-25.17836],[-49.31243,-25.17819],[-49.31244,-25.17806],[-49.31245,-25.178],[-49.3125,-25.1779],[-49.31258,-25.17775],[-49.31264,-25.17763],[-49.31265,-25.17743],[-49.31266,-25.17739],[-49.31268,-25.17734],[-49.31277,-25.17718],[-49.31286,-25.17701],[-49.31298,-25.17679],[-49.31302,-25.17671],[-49.31305,-25.1766],[-49.3131,-25.17653],[-49.31313,-25.1765],[-49.31317,-25.17649],[-49.31325,-25.1765],[-49.31335,-25.17651],[-49.31363,-25.17653],[-49.31387,-25.17652],[-49.3141,-25.17648],[-49.31437,-25.17641],[-49.3148,-25.17624],[-49.31489,-25.17621],[-49.31495,-25.17617],[-49.31501,-25.17612],[-49.3151,-25.17601],[-49.31542,-25.17548],[-49.31546,-25.17541],[-49.31548,-25.17536],[-49.31553,-25.17524],[-49.31557,-25.17511],[-49.3157,-25.17426],[-49.31572,-25.17416],[-49.3158,-25.17381],[-49.31593,-25.17336],[-49.31596,-25.1732],[-49.31608,-25.17295],[-49.31615,-25.17279],[-49.31618,-25.1727],[-49.3162,-25.1726],[-49.3162,-25.17248],[-49.31616,-25.17231],[-49.31615,-25.17222],[-49.31613,-25.17209],[-49.3161,-25.17196],[-49.3161,-25.17189],[-49.31612,-25.17174],[-49.31618,-25.17152],[-49.31626,-25.17126],[-49.31632,-25.17114],[-49.31639,-25.17101],[-49.31654,-25.17082]]}},{"type":"Feature","properties":{"n":"Rua João Santana","h":"tertiary"},"geometry":{"type":"LineString","coordinates":[[-49.31137,-25.17559],[-49.31132,-25.17552],[-49.3113,-25.17541],[-49.31127,-25.17523],[-49.31125,-25.1751],[-49.31121,-25.17495],[-49.31116,-25.17481],[-49.31112,-25.17464],[-49.31112,-25.17447],[-49.31107,-25.17428],[-49.31104,-25.1741],[-49.31104,-25.17393],[-49.31104,-25.17374],[-49.31102,-25.17353],[-49.31102,-25.17351],[-49.31101,-25.17345],[-49.31098,-25.17332],[-49.31093,-25.17313],[-49.31082,-25.17289],[-49.31059,-25.17228],[-49.31033,-25.17165],[-49.31017,-25.17125],[-49.31009,-25.17102],[-49.30986,-25.17035],[-49.30963,-25.16971],[-49.30951,-25.16939],[-49.30934,-25.16903],[-49.30929,-25.16888]]}},{"type":"Feature","properties":{"n":"Rua João Maltaca","h":"residential"},"geometry":{"type":"LineString","coordinates":[[-49.31216,-25.17599],[-49.31235,-25.17575],[-49.31261,-25.17557],[-49.31278,-25.17541],[-49.31322,-25.17499],[-49.31423,-25.17404],[-49.31476,-25.17357],[-49.31544,-25.17284],[-49.31573,-25.17247],[-49.31584,-25.1724],[-49.31597,-25.17235],[-49.31616,-25.17231]]}},{"type":"Feature","properties":{"n":"Rua João Alves Viana","h":"residential"},"geometry":{"type":"LineString","coordinates":[[-49.31557,-25.17511],[-49.31552,-25.17504],[-49.31547,-25.17496],[-49.31527,-25.17483],[-49.31506,-25.17471],[-49.31498,-25.17469],[-49.31473,-25.1745],[-49.31449,-25.17425],[-49.31423,-25.17404],[-49.31392,-25.17382],[-49.3138,-25.17374],[-49.31371,-25.17368],[-49.31367,-25.17366],[-49.31362,-25.17366],[-49.31357,-25.17367],[-49.3135,-25.17376],[-49.31282,-25.17443],[-49.31264,-25.17462],[-49.31246,-25.1748],[-49.31235,-25.17489],[-49.31223,-25.17498],[-49.31213,-25.17509],[-49.31164,-25.17562],[-49.31157,-25.17572]]}},{"type":"Feature","properties":{"n":"","h":"residential"},"geometry":{"type":"LineString","coordinates":[[-49.31581,-25.1765],[-49.31593,-25.17667],[-49.31616,-25.17699],[-49.31622,-25.17707],[-49.31635,-25.17719],[-49.31652,-25.17728]]}},{"type":"Feature","properties":{"n":"Rua Eurides Maltaca","h":"residential"},"geometry":{"type":"LineString","coordinates":[[-49.31593,-25.17336],[-49.31566,-25.1736],[-49.3154,-25.1738],[-49.31516,-25.17413],[-49.31496,-25.17436],[-49.31473,-25.1745],[-49.31445,-25.17478],[-49.31426,-25.17497],[-49.31423,-25.17501],[-49.31423,-25.17507],[-49.31429,-25.17518],[-49.3143,-25.17523],[-49.31426,-25.17529],[-49.31406,-25.17538],[-49.31379,-25.17541],[-49.31369,-25.17545],[-49.31358,-25.17554],[-49.31336,-25.17576],[-49.31313,-25.17595],[-49.3129,-25.17615],[-49.31275,-25.17632]]}},{"type":"Feature","properties":{"n":"Rua Benjamin Costa","h":"residential"},"geometry":{"type":"LineString","coordinates":[[-49.318,-25.17364],[-49.31757,-25.17358],[-49.31699,-25.17349],[-49.3167,-25.17347],[-49.31613,-25.17338],[-49.31593,-25.17336]]}},{"type":"Feature","properties":{"n":"Avenida Industrial","h":"primary"},"geometry":{"type":"LineString","coordinates":[[-49.32369,-25.1943],[-49.32367,-25.19448],[-49.32354,-25.19478],[-49.32339,-25.19505],[-49.3233,-25.1954],[-49.3233,-25.19566],[-49.32347,-25.19601],[-49.32438,-25.19743],[-49.32456,-25.19771],[-49.32493,-25.19827],[-49.32537,-25.19889],[-49.32584,-25.19951],[-49.3261,-25.19982]]}},{"type":"Feature","properties":{"n":"","h":"unclassified"},"geometry":{"type":"LineString","coordinates":[[-49.31034,-25.19559],[-49.31041,-25.19558],[-49.31055,-25.19555],[-49.31072,-25.19545],[-49.31082,-25.1953],[-49.31087,-25.19516],[-49.31091,-25.19508],[-49.31104,-25.19495]]}},{"type":"Feature","properties":{"n":"","h":"secondary"},"geometry":{"type":"LineString","coordinates":[[-49.32108,-25.17188],[-49.321,-25.17189],[-49.32094,-25.1719],[-49.32088,-25.17191],[-49.32078,-25.17193]]}},{"type":"Feature","properties":{"n":"","h":"secondary"},"geometry":{"type":"LineString","coordinates":[[-49.32134,-25.17191],[-49.32131,-25.17194],[-49.32126,-25.17196],[-49.32121,-25.17196],[-49.32116,-25.17195],[-49.32112,-25.17193],[-49.32108,-25.17188],[-49.32107,-25.17182],[-49.32109,-25.17177],[-49.32113,-25.17172],[-49.32117,-25.1717],[-49.32123,-25.17169],[-49.32128,-25.1717],[-49.32133,-25.17173],[-49.32136,-25.17177],[-49.32137,-25.17182],[-49.32137,-25.17187],[-49.32134,-25.17191]]}},{"type":"Feature","properties":{"n":"Rodovia Gertrudes Manguer da Rosa","h":"secondary"},"geometry":{"type":"LineString","coordinates":[[-49.32131,-25.17227],[-49.32137,-25.17252],[-49.32148,-25.17284],[-49.32168,-25.17326],[-49.32175,-25.17353],[-49.32176,-25.17372],[-49.32173,-25.17392],[-49.32167,-25.17419],[-49.32162,-25.17434],[-49.32157,-25.17448],[-49.32149,-25.17463],[-49.32139,-25.1748],[-49.32127,-25.17498],[-49.32106,-25.17519],[-49.32067,-25.17556],[-49.32022,-25.17595],[-49.31992,-25.17625],[-49.31971,-25.17644],[-49.31933,-25.17681],[-49.31923,-25.17692],[-49.31916,-25.17702],[-49.31911,-25.17713],[-49.31908,-25.17725],[-49.31908,-25.1773],[-49.31908,-25.17738],[-49.3191,-25.17746],[-49.31912,-25.17751],[-49.31915,-25.17757],[-49.31917,-25.17763],[-49.31921,-25.17768],[-49.31925,-25.17772],[-49.31929,-25.17777],[-49.31936,-25.17782],[-49.31946,-25.17789],[-49.31962,-25.178],[-49.31985,-25.17812],[-49.32001,-25.17823],[-49.32015,-25.17834],[-49.32027,-25.17846],[-49.32044,-25.17864],[-49.32061,-25.17883],[-49.32075,-25.17908],[-49.32084,-25.17929],[-49.32087,-25.1795],[-49.32088,-25.17982],[-49.32084,-25.18003],[-49.32075,-25.18027],[-49.32069,-25.18042],[-49.32064,-25.18052],[-49.32051,-25.18075],[-49.32027,-25.18114],[-49.32013,-25.18135],[-49.32002,-25.18147],[-49.31983,-25.18165],[-49.31971,-25.18175],[-49.31958,-25.18185],[-49.31934,-25.18203],[-49.31908,-25.18225],[-49.31886,-25.18245],[-49.31868,-25.18261],[-49.31858,-25.18271],[-49.31853,-25.1828],[-49.31847,-25.18291],[-49.31844,-25.18299],[-49.31842,-25.18309],[-49.31841,-25.18316],[-49.31839,-25.18324],[-49.31839,-25.18331],[-49.3184,-25.18341]]}},{"type":"Feature","properties":{"n":"","h":"unclassified"},"geometry":{"type":"LineString","coordinates":[[-49.34351,-25.17688],[-49.3433,-25.17671],[-49.34321,-25.17657],[-49.34317,-25.17648],[-49.34316,-25.17641],[-49.34315,-25.17633],[-49.34316,-25.17627],[-49.34319,-25.1762],[-49.34323,-25.17613],[-49.3433,-25.17609],[-49.34352,-25.17594],[-49.34361,-25.17584],[-49.34363,-25.17577],[-49.34365,-25.17569],[-49.34363,-25.17561],[-49.34358,-25.17556],[-49.34349,-25.17553],[-49.34341,-25.17552],[-49.34324,-25.17552],[-49.34299,-25.17553],[-49.34281,-25.17552],[-49.34264,-25.17545],[-49.34251,-25.17535],[-49.34242,-25.17525],[-49.34229,-25.17514],[-49.34212,-25.17505],[-49.34178,-25.17485],[-49.34155,-25.17477],[-49.34123,-25.17468],[-49.34105,-25.1746],[-49.34101,-25.17455],[-49.34097,-25.17447],[-49.34096,-25.17441],[-49.34097,-25.17432],[-49.341,-25.17425],[-49.3411,-25.17416],[-49.3412,-25.17411],[-49.34143,-25.17401],[-49.3416,-25.174],[-49.34188,-25.17404],[-49.34219,-25.1741],[-49.34253,-25.17421],[-49.34271,-25.17424],[-49.34303,-25.17425],[-49.34326,-25.17424],[-49.34349,-25.17417],[-49.34366,-25.17407],[-49.34374,-25.17395],[-49.34379,-25.1738],[-49.34379,-25.17363],[-49.34368,-25.1734],[-49.34359,-25.17324],[-49.34345,-25.17291],[-49.3432,-25.17229],[-49.34301,-25.17185],[-49.34286,-25.17146],[-49.34269,-25.17122],[-49.34253,-25.17109],[-49.34239,-25.17097],[-49.34222,-25.17089],[-49.34197,-25.17087],[-49.34148,-25.17088],[-49.34123,-25.17086],[-49.3408,-25.17089],[-49.34045,-25.17087],[-49.34025,-25.17084],[-49.34008,-25.17078],[-49.33993,-25.17068],[-49.33984,-25.17057],[-49.33975,-25.17042],[-49.33965,-25.1702],[-49.33941,-25.16978],[-49.33925,-25.16949],[-49.33903,-25.16904],[-49.33892,-25.16883],[-49.33887,-25.16869],[-49.33886,-25.16858],[-49.33889,-25.16844],[-49.33898,-25.16829],[-49.33902,-25.16821],[-49.33907,-25.16813],[-49.33909,-25.16805],[-49.33908,-25.16799],[-49.33905,-25.16787],[-49.33899,-25.16774],[-49.33884,-25.16746],[-49.33879,-25.16734],[-49.33874,-25.16715],[-49.33867,-25.16687],[-49.33862,-25.16666],[-49.33849,-25.16643],[-49.33845,-25.16626],[-49.33844,-25.16613],[-49.33843,-25.16593],[-49.33843,-25.16576],[-49.3384,-25.16568],[-49.33831,-25.16564],[-49.33822,-25.16566],[-49.33811,-25.16574],[-49.33801,-25.16587],[-49.33797,-25.16596],[-49.33794,-25.16608],[-49.33793,-25.16637],[-49.33798,-25.16665],[-49.33801,-25.16687],[-49.33807,-25.1671],[-49.33808,-25.1672],[-49.33805,-25.16731],[-49.33797,-25.16742],[-49.3379,-25.16751],[-49.33781,-25.16755],[-49.33767,-25.16758],[-49.33753,-25.1676],[-49.3373,-25.16761]]}},{"type":"Feature","properties":{"n":"","h":"unclassified"},"geometry":{"type":"LineString","coordinates":[[-49.44503,-25.14569],[-49.44529,-25.14552],[-49.44547,-25.14535],[-49.44549,-25.14521]]}},{"type":"Feature","properties":{"n":"","h":"unclassified"},"geometry":{"type":"LineString","coordinates":[[-49.40102,-25.1092],[-49.40107,-25.10952],[-49.40091,-25.10976],[-49.40055,-25.11007],[-49.40054,-25.11057],[-49.40052,-25.11119],[-49.40027,-25.1122],[-49.40028,-25.11262],[-49.40067,-25.11308],[-49.401,-25.1136],[-49.40126,-25.11489],[-49.40156,-25.11544],[-49.40204,-25.11616],[-49.40273,-25.11703],[-49.40337,-25.11743],[-49.40365,-25.11817],[-49.402,-25.11887],[-49.40137,-25.11919],[-49.40146,-25.11984],[-49.40007,-25.12064],[-49.39934,-25.12131],[-49.39884,-25.12137],[-49.39888,-25.12184],[-49.39711,-25.12274],[-49.39587,-25.12337],[-49.39523,-25.1239],[-49.39434,-25.12454],[-49.39262,-25.12588],[-49.39187,-25.12575],[-49.39105,-25.12569],[-49.39108,-25.12611],[-49.39162,-25.12653],[-49.39141,-25.12702],[-49.39056,-25.12779],[-49.38977,-25.12826],[-49.38912,-25.12871],[-49.3888,-25.12931],[-49.38821,-25.12945],[-49.38788,-25.12994],[-49.38716,-25.13042],[-49.38639,-25.13056],[-49.38607,-25.13089],[-49.38534,-25.13081],[-49.38499,-25.13095],[-49.38513,-25.13139],[-49.3852,-25.13207],[-49.38507,-25.13251],[-49.38496,-25.13287],[-49.38474,-25.13342],[-49.38455,-25.13409],[-49.3848,-25.13446],[-49.38464,-25.13473],[-49.38393,-25.13479],[-49.3838,-25.1348],[-49.3836,-25.13525],[-49.3835,-25.13548],[-49.38305,-25.13532],[-49.38275,-25.13566],[-49.38217,-25.13621],[-49.38143,-25.13624],[-49.38117,-25.13663],[-49.38079,-25.13669],[-49.38037,-25.13694],[-49.37951,-25.13753],[-49.37879,-25.13803],[-49.3785,-25.13853],[-49.37821,-25.13883],[-49.37774,-25.13884],[-49.37703,-25.13872],[-49.37666,-25.13885],[-49.37633,-25.13906],[-49.37559,-25.13871],[-49.37517,-25.13859],[-49.37446,-25.13859],[-49.374,-25.13836],[-49.37358,-25.13784],[-49.37312,-25.13742],[-49.37271,-25.13743],[-49.37225,-25.13753],[-49.37172,-25.13754],[-49.3706,-25.13741],[-49.37025,-25.13749]]}},{"type":"Feature","properties":{"n":"","h":"unclassified"},"geometry":{"type":"LineString","coordinates":[[-49.3373,-25.16761],[-49.33713,-25.16756],[-49.33693,-25.16746],[-49.33676,-25.16731],[-49.33653,-25.16717],[-49.33625,-25.16705],[-49.33601,-25.16695],[-49.33575,-25.1668],[-49.33555,-25.16668],[-49.33529,-25.16641],[-49.33505,-25.16619],[-49.33483,-25.16606],[-49.33439,-25.16589],[-49.3341,-25.16576],[-49.33373,-25.1656],[-49.33355,-25.16552],[-49.3334,-25.16544],[-49.33319,-25.16529],[-49.33308,-25.1652],[-49.33302,-25.16512],[-49.33298,-25.16501],[-49.33295,-25.16485],[-49.33298,-25.16465],[-49.33299,-25.16445],[-49.33292,-25.16424],[-49.33281,-25.16407],[-49.33262,-25.16384],[-49.3323,-25.16357],[-49.33207,-25.16345],[-49.33179,-25.16333],[-49.33164,-25.16325],[-49.33152,-25.16314],[-49.33145,-25.16305],[-49.33137,-25.16282],[-49.3313,-25.16266],[-49.33124,-25.16253],[-49.33117,-25.16245],[-49.33082,-25.16225],[-49.33045,-25.16201],[-49.33016,-25.1618],[-49.32984,-25.16166],[-49.32961,-25.16155],[-49.32947,-25.16142],[-49.32935,-25.16125],[-49.32922,-25.16108],[-49.32906,-25.16094],[-49.32897,-25.16085],[-49.32883,-25.16077],[-49.32873,-25.16073],[-49.32861,-25.16068],[-49.32843,-25.1606],[-49.32825,-25.16046]]}},{"type":"Feature","properties":{"n":"","h":"unclassified"},"geometry":{"type":"LineString","coordinates":[[-49.41006,-25.10197],[-49.41018,-25.10219],[-49.41029,-25.10242],[-49.41021,-25.10262],[-49.40997,-25.10276],[-49.40963,-25.10315],[-49.40948,-25.10373],[-49.4095,-25.10421],[-49.40953,-25.10525],[-49.40958,-25.10542]]}},{"type":"Feature","properties":{"n":"","h":"unclassified"},"geometry":{"type":"LineString","coordinates":[[-49.34897,-25.17463],[-49.34898,-25.17478],[-49.34899,-25.17491],[-49.34897,-25.17504],[-49.3489,-25.17542],[-49.34883,-25.17554],[-49.34871,-25.17565],[-49.34861,-25.17575],[-49.34861,-25.17609],[-49.3486,-25.17633],[-49.34862,-25.17652],[-49.34874,-25.17658],[-49.34891,-25.1766],[-49.34902,-25.17657],[-49.3491,-25.17658],[-49.34918,-25.1766],[-49.34924,-25.17672],[-49.3493,-25.17688],[-49.34934,-25.17691],[-49.34939,-25.17693],[-49.34946,-25.17692],[-49.34951,-25.17688],[-49.34952,-25.17682],[-49.34953,-25.17672],[-49.34959,-25.17664],[-49.34972,-25.17664],[-49.34981,-25.17671],[-49.34984,-25.17685],[-49.34981,-25.17701],[-49.34975,-25.17716],[-49.34973,-25.17733],[-49.34973,-25.1774],[-49.34976,-25.17751],[-49.34989,-25.17761],[-49.35011,-25.17765],[-49.35037,-25.1776],[-49.35107,-25.17736],[-49.35121,-25.17728],[-49.35126,-25.17723],[-49.35132,-25.17713],[-49.35137,-25.17705],[-49.35155,-25.17699],[-49.35186,-25.17698],[-49.3521,-25.17699],[-49.3522,-25.17702],[-49.35237,-25.17711],[-49.35244,-25.17713],[-49.35255,-25.17715],[-49.35265,-25.17715],[-49.35281,-25.17712],[-49.35288,-25.17711],[-49.35298,-25.17712],[-49.35309,-25.17714],[-49.35333,-25.17723],[-49.35351,-25.17725],[-49.35358,-25.17723],[-49.35369,-25.17721],[-49.35381,-25.17717],[-49.35396,-25.17714],[-49.35407,-25.17715],[-49.35428,-25.1772],[-49.35446,-25.17728],[-49.35453,-25.17733],[-49.35455,-25.17737],[-49.35456,-25.17746],[-49.35458,-25.17768],[-49.35463,-25.17775],[-49.35475,-25.17785],[-49.35493,-25.17797],[-49.3551,-25.17801],[-49.35519,-25.17797],[-49.35522,-25.17791],[-49.35524,-25.17784],[-49.35524,-25.17772],[-49.35532,-25.17753],[-49.35545,-25.17741],[-49.35565,-25.17734],[-49.35591,-25.17736],[-49.35607,-25.17738],[-49.35618,-25.17744],[-49.35637,-25.17761],[-49.35645,-25.17765],[-49.3566,-25.17766],[-49.35686,-25.17764]]}},{"type":"Feature","properties":{"n":"","h":"unclassified"},"geometry":{"type":"LineString","coordinates":[[-49.35538,-25.19366],[-49.35519,-25.19374],[-49.35505,-25.1938],[-49.35494,-25.19382],[-49.35466,-25.19388],[-49.35443,-25.19395],[-49.35423,-25.19407],[-49.35405,-25.19414],[-49.35389,-25.19412],[-49.35378,-25.19407],[-49.35358,-25.1939],[-49.35354,-25.19377],[-49.35354,-25.1937],[-49.3536,-25.19363],[-49.35376,-25.19356],[-49.35392,-25.19354],[-49.35402,-25.1935],[-49.35407,-25.19346],[-49.3541,-25.19332],[-49.35414,-25.19314],[-49.35413,-25.19297],[-49.35406,-25.19286],[-49.35383,-25.19267],[-49.35359,-25.19256],[-49.3535,-25.19253],[-49.35348,-25.19249],[-49.35348,-25.19244],[-49.35355,-25.19227],[-49.35362,-25.19208],[-49.35365,-25.19201],[-49.35378,-25.1919]]}},{"type":"Feature","properties":{"n":"","h":"tertiary"},"geometry":{"type":"LineString","coordinates":[[-49.4152,-25.11271],[-49.41521,-25.11248],[-49.415,-25.11206],[-49.41485,-25.11141],[-49.4149,-25.11076],[-49.41504,-25.11017],[-49.4152,-25.10935],[-49.41529,-25.10879],[-49.41501,-25.10841],[-49.41458,-25.10803],[-49.41342,-25.10714],[-49.41287,-25.10673],[-49.41209,-25.10614],[-49.41179,-25.10596],[-49.41156,-25.10593],[-49.41138,-25.10602],[-49.4112,-25.10619],[-49.41099,-25.10625],[-49.41074,-25.10619],[-49.41032,-25.10595],[-49.40994,-25.10564],[-49.40973,-25.10558]]}},{"type":"Feature","properties":{"n":"","h":"unclassified"},"geometry":{"type":"LineString","coordinates":[[-49.35813,-25.18428],[-49.35823,-25.18442],[-49.35837,-25.18475],[-49.35859,-25.18513],[-49.35872,-25.18539],[-49.35873,-25.18559],[-49.35872,-25.18611],[-49.35866,-25.18677],[-49.35866,-25.18705],[-49.35868,-25.18712],[-49.35871,-25.18721],[-49.35879,-25.18731],[-49.359,-25.18762],[-49.35905,-25.18771],[-49.35907,-25.1878],[-49.35907,-25.18795],[-49.35906,-25.18812],[-49.35911,-25.18829],[-49.35923,-25.18851],[-49.35926,-25.18858],[-49.35929,-25.18868],[-49.35927,-25.18874],[-49.35919,-25.18877],[-49.35905,-25.18877],[-49.35872,-25.18864],[-49.35834,-25.18865],[-49.35819,-25.18871],[-49.35807,-25.18879],[-49.35784,-25.18896],[-49.35757,-25.18921],[-49.35738,-25.18931],[-49.35727,-25.18937],[-49.35713,-25.18939],[-49.35701,-25.18939],[-49.35684,-25.18936],[-49.35639,-25.18921],[-49.35629,-25.1892],[-49.35621,-25.18921],[-49.35615,-25.18926],[-49.3557,-25.18969],[-49.3556,-25.1898],[-49.35554,-25.18997],[-49.35549,-25.19028],[-49.35547,-25.19039],[-49.3554,-25.19053],[-49.35524,-25.19073],[-49.3551,-25.19111],[-49.35495,-25.19146],[-49.35496,-25.19169],[-49.35503,-25.19183],[-49.3551,-25.19211],[-49.35525,-25.19241],[-49.35527,-25.19253],[-49.35522,-25.19273],[-49.35508,-25.19309],[-49.35503,-25.19333],[-49.35505,-25.19347],[-49.35515,-25.19361],[-49.35538,-25.19366],[-49.35556,-25.19363],[-49.35599,-25.19362],[-49.35627,-25.19363],[-49.35653,-25.1937],[-49.35667,-25.19382],[-49.35674,-25.19392],[-49.35675,-25.19402],[-49.35674,-25.19408],[-49.35665,-25.19414],[-49.35658,-25.19419],[-49.35653,-25.19426],[-49.35648,-25.19452],[-49.35644,-25.1948],[-49.35646,-25.19505],[-49.35659,-25.19527],[-49.35666,-25.19538],[-49.35688,-25.19558]]}},{"type":"Feature","properties":{"n":"","h":"tertiary"},"geometry":{"type":"LineString","coordinates":[[-49.37993,-25.12921],[-49.37989,-25.12903],[-49.37988,-25.12865],[-49.38006,-25.12826],[-49.38015,-25.12811],[-49.38025,-25.1278],[-49.3802,-25.1274],[-49.37998,-25.12713],[-49.37999,-25.12668],[-49.3799,-25.1263],[-49.37985,-25.12564],[-49.37997,-25.12541],[-49.38045,-25.12514],[-49.3811,-25.12497],[-49.38141,-25.12483],[-49.38163,-25.1246],[-49.38163,-25.12422],[-49.38153,-25.12383],[-49.38172,-25.12358],[-49.3819,-25.12345],[-49.38242,-25.12348],[-49.38274,-25.12337],[-49.38284,-25.1232],[-49.38294,-25.12266],[-49.3832,-25.12239],[-49.38354,-25.12203],[-49.38379,-25.12186],[-49.38476,-25.1215],[-49.38562,-25.12109],[-49.38625,-25.12075],[-49.38637,-25.12001],[-49.38654,-25.11983],[-49.38678,-25.11973],[-49.38733,-25.11947],[-49.38826,-25.11933],[-49.3889,-25.11934],[-49.38944,-25.11912],[-49.39003,-25.11881],[-49.39057,-25.11845],[-49.39072,-25.11806],[-49.39064,-25.11772],[-49.3903,-25.11769],[-49.3897,-25.11781],[-49.3893,-25.11801],[-49.38854,-25.1182],[-49.38819,-25.11814],[-49.38807,-25.118],[-49.38801,-25.11772],[-49.38832,-25.1171],[-49.38859,-25.11635],[-49.38908,-25.11585],[-49.38963,-25.11529],[-49.39005,-25.11488],[-49.39065,-25.11413],[-49.3911,-25.11357],[-49.39131,-25.11293],[-49.39148,-25.1124],[-49.39186,-25.1119],[-49.39236,-25.11133],[-49.39274,-25.11124],[-49.39305,-25.11093],[-49.39301,-25.11051],[-49.39277,-25.10981],[-49.39259,-25.10916],[-49.39247,-25.109],[-49.39209,-25.10889],[-49.39206,-25.10846],[-49.39228,-25.108],[-49.39252,-25.10754],[-49.39224,-25.10699],[-49.39196,-25.1066],[-49.39193,-25.10619],[-49.39192,-25.10588],[-49.39185,-25.10554],[-49.39183,-25.10532],[-49.39211,-25.10492],[-49.39226,-25.10473],[-49.39242,-25.10441],[-49.3926,-25.10421],[-49.39273,-25.10396],[-49.39281,-25.10362],[-49.39281,-25.1033],[-49.39323,-25.10281],[-49.3934,-25.10245],[-49.3938,-25.10234],[-49.39418,-25.10225],[-49.3945,-25.10187],[-49.39476,-25.10156],[-49.39507,-25.10099],[-49.39513,-25.10079],[-49.39501,-25.1006],[-49.39486,-25.10035],[-49.39477,-25.10009],[-49.39477,-25.09987]]}},{"type":"Feature","properties":{"n":"","h":"unclassified"},"geometry":{"type":"LineString","coordinates":[[-49.42418,-25.12257],[-49.42392,-25.12246],[-49.42366,-25.12233],[-49.42343,-25.12231],[-49.42327,-25.12239],[-49.42303,-25.12272],[-49.42272,-25.12299],[-49.42251,-25.12321],[-49.42245,-25.12364],[-49.42209,-25.12394],[-49.42178,-25.12402],[-49.42147,-25.12439],[-49.42135,-25.12488],[-49.42121,-25.12508],[-49.42089,-25.12517],[-49.42049,-25.12508],[-49.4202,-25.12517],[-49.41996,-25.12529],[-49.41968,-25.12539],[-49.41922,-25.12575],[-49.41908,-25.12597],[-49.41924,-25.12632],[-49.41933,-25.12689],[-49.41928,-25.12721],[-49.41902,-25.12754],[-49.41879,-25.12783],[-49.41871,-25.1284],[-49.41856,-25.12902],[-49.41809,-25.12952],[-49.41802,-25.1299],[-49.41765,-25.13035],[-49.41742,-25.13071],[-49.41687,-25.13096],[-49.41662,-25.13123],[-49.41627,-25.1315],[-49.41624,-25.13206],[-49.41623,-25.13245],[-49.41576,-25.13284],[-49.41539,-25.13304],[-49.41513,-25.13314],[-49.41489,-25.13342],[-49.41464,-25.13371],[-49.41441,-25.13368],[-49.41416,-25.13366],[-49.41392,-25.13378],[-49.41349,-25.13374],[-49.41316,-25.13369],[-49.41298,-25.13367],[-49.41277,-25.13372],[-49.41237,-25.13407],[-49.41224,-25.13418],[-49.41203,-25.13428],[-49.41174,-25.13429],[-49.41133,-25.13424],[-49.41116,-25.13433],[-49.41109,-25.13446],[-49.41113,-25.13462],[-49.41126,-25.13468],[-49.41139,-25.13484],[-49.41145,-25.13501],[-49.41143,-25.13512],[-49.41128,-25.13518],[-49.41099,-25.13529],[-49.41051,-25.13535],[-49.4103,-25.13549],[-49.41023,-25.13589],[-49.4101,-25.136],[-49.40948,-25.13595],[-49.40922,-25.13605],[-49.40898,-25.1363],[-49.40886,-25.13653],[-49.40868,-25.13657],[-49.40852,-25.13666],[-49.40847,-25.13676],[-49.40841,-25.13687],[-49.4083,-25.13687],[-49.40819,-25.13693],[-49.4081,-25.13708],[-49.4081,-25.13716],[-49.40804,-25.13724],[-49.40784,-25.13732],[-49.40775,-25.13741],[-49.4075,-25.13793],[-49.40738,-25.138],[-49.4068,-25.13794],[-49.40635,-25.13812],[-49.406,-25.13835],[-49.4056,-25.13849],[-49.40544,-25.13871],[-49.40492,-25.13864],[-49.40471,-25.13882],[-49.4047,-25.1392],[-49.40462,-25.13944],[-49.4045,-25.13954],[-49.40417,-25.13944],[-49.40382,-25.13943],[-49.40354,-25.13961],[-49.40347,-25.13992],[-49.40347,-25.14043],[-49.40343,-25.14074],[-49.40332,-25.14079],[-49.40313,-25.14074],[-49.40288,-25.14048],[-49.40271,-25.1404],[-49.40255,-25.14042],[-49.40173,-25.14042],[-49.40147,-25.14051],[-49.40124,-25.14056],[-49.40076,-25.1404],[-49.40061,-25.14036],[-49.40044,-25.14039]]}},{"type":"Feature","properties":{"n":"","h":"unclassified"},"geometry":{"type":"LineString","coordinates":[[-49.37261,-25.19144],[-49.37263,-25.19125],[-49.37264,-25.1911],[-49.37259,-25.19093],[-49.37252,-25.1908],[-49.3725,-25.19064],[-49.37242,-25.19047],[-49.37223,-25.19016],[-49.37195,-25.18984],[-49.3717,-25.18956],[-49.37145,-25.18923],[-49.37141,-25.1892],[-49.37106,-25.18873],[-49.37097,-25.18848],[-49.37113,-25.18816],[-49.37125,-25.18793],[-49.37127,-25.18766],[-49.37109,-25.1874],[-49.37082,-25.18708],[-49.37056,-25.18684],[-49.37046,-25.18675],[-49.37019,-25.18652],[-49.3701,-25.1864],[-49.36993,-25.1862],[-49.3699,-25.18587],[-49.36989,-25.18574],[-49.36989,-25.18568],[-49.37002,-25.18551],[-49.37021,-25.18526],[-49.37047,-25.18512],[-49.37084,-25.18485],[-49.37098,-25.18466],[-49.371,-25.18448],[-49.37095,-25.18419],[-49.37094,-25.18403],[-49.37099,-25.18392],[-49.37116,-25.18372],[-49.37123,-25.18359],[-49.37124,-25.18344],[-49.37119,-25.18333],[-49.37115,-25.18325],[-49.37104,-25.1831],[-49.37103,-25.18291],[-49.37106,-25.18273],[-49.37117,-25.18251],[-49.37123,-25.18225],[-49.37121,-25.18207],[-49.37111,-25.18189],[-49.37104,-25.18177],[-49.37094,-25.1815],[-49.37097,-25.18118],[-49.37084,-25.18095],[-49.37069,-25.18081],[-49.37048,-25.18064],[-49.37023,-25.18026],[-49.37,-25.18007],[-49.36992,-25.17996],[-49.36989,-25.17988],[-49.36997,-25.17964],[-49.37031,-25.17915],[-49.37051,-25.17887],[-49.37063,-25.17859],[-49.37078,-25.17841],[-49.37095,-25.1783],[-49.37142,-25.17809],[-49.3718,-25.17786],[-49.37215,-25.17766],[-49.37262,-25.17734],[-49.37302,-25.1772],[-49.37335,-25.17687],[-49.37371,-25.17639],[-49.37379,-25.17612],[-49.37372,-25.17581],[-49.37349,-25.17533],[-49.3732,-25.17458],[-49.37305,-25.17374],[-49.37297,-25.17336],[-49.37289,-25.17299],[-49.37277,-25.1726],[-49.37271,-25.17219],[-49.37276,-25.17189],[-49.3728,-25.17157],[-49.3729,-25.17083],[-49.37299,-25.17022],[-49.37307,-25.16936],[-49.37315,-25.16866],[-49.37318,-25.16825],[-49.37312,-25.16763],[-49.3732,-25.16736],[-49.37335,-25.16712],[-49.37416,-25.16633],[-49.37477,-25.1657],[-49.37494,-25.16504],[-49.37546,-25.1646],[-49.37588,-25.16406],[-49.37618,-25.16332],[-49.37622,-25.16273],[-49.37622,-25.16248],[-49.37635,-25.1623],[-49.37662,-25.16204],[-49.37688,-25.16181],[-49.37733,-25.16166],[-49.37772,-25.16144],[-49.37817,-25.16062],[-49.37888,-25.15984],[-49.37897,-25.15977],[-49.37883,-25.15927],[-49.37895,-25.15889],[-49.37913,-25.1586],[-49.37926,-25.15797],[-49.37916,-25.15746],[-49.37913,-25.15723]]}},{"type":"Feature","properties":{"n":"","h":"unclassified"},"geometry":{"type":"LineString","coordinates":[[-49.40044,-25.14039],[-49.40047,-25.14028],[-49.40035,-25.13992],[-49.4003,-25.13952],[-49.40004,-25.13899],[-49.39993,-25.1387],[-49.39969,-25.1384],[-49.3994,-25.13768],[-49.39934,-25.13661],[-49.39898,-25.13658],[-49.39827,-25.13665],[-49.3981,-25.13661],[-49.39802,-25.13645],[-49.39792,-25.13579],[-49.39832,-25.13547],[-49.39878,-25.13513],[-49.39884,-25.13474],[-49.39878,-25.13423],[-49.39869,-25.13357],[-49.39922,-25.13334],[-49.39952,-25.13296],[-49.39981,-25.13291],[-49.40013,-25.13274],[-49.40092,-25.13183],[-49.4017,-25.13153],[-49.40246,-25.1313],[-49.40358,-25.13106],[-49.40434,-25.13092],[-49.40475,-25.13065],[-49.40541,-25.1303],[-49.40625,-25.12977],[-49.40689,-25.12931],[-49.40712,-25.12901],[-49.40745,-25.12872],[-49.40816,-25.12853],[-49.40868,-25.12832],[-49.40895,-25.12784],[-49.40909,-25.12754],[-49.40998,-25.12734],[-49.41049,-25.12693],[-49.41084,-25.1266],[-49.41098,-25.12618],[-49.41087,-25.12562],[-49.41097,-25.12527],[-49.41118,-25.12491],[-49.41147,-25.12467],[-49.41195,-25.12445],[-49.41259,-25.12432],[-49.41338,-25.12412],[-49.41419,-25.12399],[-49.41473,-25.12389],[-49.41491,-25.12369],[-49.41495,-25.12341],[-49.41462,-25.12316],[-49.41425,-25.12285],[-49.41401,-25.12257],[-49.41377,-25.12213],[-49.41338,-25.12167],[-49.41328,-25.12106],[-49.41322,-25.12027],[-49.41306,-25.11984],[-49.41301,-25.11942],[-49.41255,-25.11878],[-49.41199,-25.11806],[-49.41146,-25.11768],[-49.41074,-25.11723],[-49.41047,-25.11681],[-49.41014,-25.11658],[-49.40976,-25.11623],[-49.40926,-25.11616],[-49.40923,-25.11585],[-49.40919,-25.11552],[-49.4094,-25.11533],[-49.40931,-25.11504],[-49.40905,-25.11456],[-49.4089,-25.11426],[-49.40896,-25.11399],[-49.40933,-25.1136],[-49.40942,-25.11322],[-49.40953,-25.11288],[-49.40993,-25.11258],[-49.4103,-25.11196],[-49.41077,-25.1116],[-49.41104,-25.11107],[-49.41133,-25.11059],[-49.41182,-25.11034],[-49.41232,-25.11017],[-49.41273,-25.11013],[-49.41317,-25.10988]]}},{"type":"Feature","properties":{"n":"","h":"unclassified"},"geometry":{"type":"LineString","coordinates":[[-49.34862,-25.17652],[-49.34876,-25.17679],[-49.34883,-25.17698],[-49.34884,-25.17724],[-49.34883,-25.17739],[-49.34871,-25.17756],[-49.3485,-25.17784],[-49.34847,-25.17809],[-49.34862,-25.17835],[-49.34885,-25.17849],[-49.34902,-25.1785],[-49.34942,-25.17847],[-49.3496,-25.1785],[-49.34966,-25.17853],[-49.34971,-25.17858],[-49.34978,-25.17888],[-49.34986,-25.17927],[-49.35015,-25.17967],[-49.3506,-25.18014],[-49.35107,-25.1805],[-49.35127,-25.18074],[-49.35146,-25.18092],[-49.35171,-25.18121],[-49.35182,-25.18135],[-49.3519,-25.18142],[-49.35243,-25.18149],[-49.3526,-25.18158],[-49.35272,-25.18175],[-49.35279,-25.18198],[-49.35276,-25.18228],[-49.3526,-25.18253],[-49.35219,-25.18298],[-49.3521,-25.18317],[-49.35207,-25.18339],[-49.35214,-25.18353],[-49.35223,-25.18364],[-49.35282,-25.18385],[-49.35334,-25.18386],[-49.35385,-25.18375],[-49.35452,-25.18367],[-49.35488,-25.18387],[-49.35532,-25.18422],[-49.35577,-25.18455],[-49.35607,-25.18482],[-49.35616,-25.1849],[-49.35628,-25.18507],[-49.35633,-25.18518],[-49.35642,-25.18539],[-49.3565,-25.18554],[-49.35658,-25.18559],[-49.35665,-25.18557],[-49.35684,-25.18546],[-49.35709,-25.18525],[-49.35734,-25.18504],[-49.3576,-25.18481],[-49.35777,-25.18461],[-49.35798,-25.18439],[-49.35813,-25.18428],[-49.35814,-25.18403],[-49.35815,-25.18394],[-49.35804,-25.18356],[-49.35786,-25.18335],[-49.35722,-25.18254],[-49.35663,-25.18172]]}},{"type":"Feature","properties":{"n":"Rua Benjamin Bontorin","h":"tertiary"},"geometry":{"type":"LineString","coordinates":[[-49.31914,-25.19044],[-49.31901,-25.19033],[-49.31872,-25.19005],[-49.31841,-25.18978],[-49.3182,-25.18959],[-49.31794,-25.18933],[-49.31762,-25.18907],[-49.3173,-25.1889],[-49.31701,-25.18873],[-49.31682,-25.18863],[-49.31665,-25.18852],[-49.31656,-25.18844],[-49.31642,-25.18828],[-49.31634,-25.18819],[-49.31621,-25.18804]]}},{"type":"Feature","properties":{"n":"","h":"unclassified"},"geometry":{"type":"LineString","coordinates":[[-49.28732,-25.17848],[-49.28718,-25.17845],[-49.28706,-25.17846],[-49.28686,-25.17856],[-49.28705,-25.17827],[-49.28708,-25.17819]]}},{"type":"Feature","properties":{"n":"Avenida Brasil","h":"tertiary"},"geometry":{"type":"LineString","coordinates":[[-49.30755,-25.19152],[-49.30752,-25.19138],[-49.30738,-25.1911],[-49.3073,-25.19095],[-49.30703,-25.19047],[-49.30694,-25.19039],[-49.30685,-25.1903],[-49.30668,-25.19017],[-49.30649,-25.19005],[-49.30589,-25.18965],[-49.30572,-25.18956],[-49.30546,-25.18937],[-49.30506,-25.18908],[-49.3048,-25.18886],[-49.30464,-25.18872],[-49.30451,-25.18861],[-49.30441,-25.18852],[-49.30436,-25.18848],[-49.3043,-25.18845],[-49.30407,-25.18837],[-49.30372,-25.18827],[-49.30361,-25.18822],[-49.30349,-25.18815],[-49.30327,-25.18794],[-49.30313,-25.18784],[-49.30305,-25.18782],[-49.30289,-25.18781],[-49.3024,-25.1878],[-49.30201,-25.18783],[-49.30171,-25.18786],[-49.30123,-25.18794],[-49.30095,-25.18799],[-49.30087,-25.18798],[-49.30079,-25.18796]]}},{"type":"Feature","properties":{"n":"","h":"tertiary"},"geometry":{"type":"LineString","coordinates":[[-49.22655,-25.23169],[-49.2267,-25.23159],[-49.22713,-25.23101],[-49.22725,-25.2309],[-49.22741,-25.23082],[-49.22812,-25.23072],[-49.22822,-25.23066],[-49.22856,-25.2306],[-49.22913,-25.2306],[-49.22947,-25.23063],[-49.22969,-25.23062],[-49.23035,-25.23054],[-49.2309,-25.23053],[-49.23142,-25.23046],[-49.23162,-25.23031],[-49.23178,-25.23003],[-49.23189,-25.22966],[-49.23196,-25.22962],[-49.23206,-25.22963],[-49.23216,-25.22971],[-49.23229,-25.22986],[-49.23246,-25.23002],[-49.23263,-25.23019],[-49.23273,-25.23044],[-49.23281,-25.23056],[-49.23291,-25.23073],[-49.23311,-25.23105],[-49.23335,-25.23121],[-49.23351,-25.23133],[-49.23357,-25.23138],[-49.23365,-25.23137],[-49.23413,-25.23131],[-49.23452,-25.23116],[-49.2351,-25.23087],[-49.2354,-25.23063],[-49.2356,-25.23038],[-49.23575,-25.23015],[-49.23581,-25.23001],[-49.23578,-25.22985],[-49.23574,-25.22961],[-49.23567,-25.2294],[-49.23574,-25.22916],[-49.23581,-25.2291],[-49.23596,-25.22907],[-49.23614,-25.22912],[-49.23634,-25.22916],[-49.23651,-25.22901],[-49.2366,-25.22884],[-49.23662,-25.22865],[-49.2367,-25.22851],[-49.23685,-25.22839],[-49.23732,-25.22818],[-49.23736,-25.22789],[-49.23733,-25.2276],[-49.23737,-25.22747],[-49.23783,-25.22692],[-49.23789,-25.22689],[-49.2386,-25.22722],[-49.23912,-25.22686],[-49.23985,-25.22648],[-49.23992,-25.22642],[-49.24039,-25.22602],[-49.24053,-25.22576],[-49.24075,-25.22478],[-49.2415,-25.22368],[-49.24183,-25.22326],[-49.24208,-25.22303],[-49.2428,-25.22249],[-49.24356,-25.22182],[-49.24397,-25.22132],[-49.24402,-25.22123],[-49.24457,-25.22037],[-49.24491,-25.21984],[-49.24559,-25.21924],[-49.2459,-25.21907],[-49.2462,-25.21907]]}},{"type":"Feature","properties":{"n":"","h":"tertiary"},"geometry":{"type":"LineString","coordinates":[[-49.2259,-25.20533],[-49.2257,-25.20574],[-49.22564,-25.20584],[-49.22556,-25.20592],[-49.22546,-25.20598],[-49.22532,-25.20603],[-49.22514,-25.20609],[-49.22495,-25.20615],[-49.22483,-25.20621],[-49.22456,-25.20639],[-49.2244,-25.20647],[-49.22416,-25.20655],[-49.22401,-25.20659],[-49.22378,-25.20659],[-49.22336,-25.20657],[-49.22305,-25.20654],[-49.22297,-25.20654],[-49.22289,-25.20656],[-49.22253,-25.2067],[-49.22228,-25.20679],[-49.2222,-25.20685],[-49.22209,-25.20696],[-49.22198,-25.20703],[-49.22186,-25.20707],[-49.22173,-25.2071],[-49.22146,-25.20714],[-49.22093,-25.20713],[-49.22049,-25.2071],[-49.21995,-25.20696],[-49.21969,-25.20691],[-49.21911,-25.20692],[-49.21843,-25.20697],[-49.21816,-25.20704],[-49.21743,-25.20681],[-49.21668,-25.20676],[-49.21615,-25.20672],[-49.21579,-25.20678],[-49.21534,-25.2067],[-49.21511,-25.20677],[-49.21486,-25.20658],[-49.21493,-25.20634],[-49.21504,-25.20561],[-49.21484,-25.2055],[-49.21428,-25.2052],[-49.21344,-25.20485],[-49.21311,-25.20472],[-49.21259,-25.20464],[-49.21216,-25.20466],[-49.21189,-25.20478],[-49.2117,-25.20501],[-49.21153,-25.20523],[-49.21129,-25.20537],[-49.21094,-25.20548],[-49.20854,-25.20636],[-49.20801,-25.20651],[-49.20766,-25.20649],[-49.20729,-25.20629],[-49.20686,-25.20594],[-49.20613,-25.20577],[-49.20582,-25.20566],[-49.20497,-25.20557],[-49.20371,-25.20548],[-49.20279,-25.20531],[-49.20185,-25.20515],[-49.20107,-25.20503],[-49.20071,-25.20496],[-49.20034,-25.20503],[-49.19989,-25.20528],[-49.19954,-25.20546],[-49.19917,-25.20547],[-49.19864,-25.20529],[-49.1983,-25.20496],[-49.19818,-25.20446],[-49.198,-25.20389],[-49.19769,-25.20354],[-49.19667,-25.20331],[-49.19566,-25.20321],[-49.19543,-25.2032],[-49.19503,-25.20317],[-49.1948,-25.20314],[-49.19415,-25.20298],[-49.1937,-25.20292],[-49.19332,-25.20295],[-49.19305,-25.203],[-49.19287,-25.20307],[-49.19233,-25.20328],[-49.19199,-25.20337],[-49.19172,-25.20346],[-49.19158,-25.20348],[-49.19144,-25.20342],[-49.19118,-25.20314],[-49.19097,-25.20292],[-49.19043,-25.2027],[-49.18995,-25.20261],[-49.18964,-25.20249],[-49.18946,-25.2022],[-49.18918,-25.20204],[-49.18896,-25.20196],[-49.18865,-25.20185],[-49.18787,-25.20172],[-49.18715,-25.20154],[-49.18661,-25.20125],[-49.18648,-25.20106],[-49.18644,-25.20062],[-49.18643,-25.2004],[-49.18636,-25.20027],[-49.18618,-25.20014],[-49.18594,-25.2001],[-49.1856,-25.20013],[-49.18389,-25.20019],[-49.18338,-25.20017],[-49.18282,-25.2002]]}},{"type":"Feature","properties":{"n":"Rodovia dos Minérios","h":"primary"},"geometry":{"type":"LineString","coordinates":[[-49.30345,-25.21873],[-49.30349,-25.21842],[-49.30349,-25.21817],[-49.30349,-25.21784],[-49.30345,-25.2175],[-49.3034,-25.21684],[-49.3034,-25.21675],[-49.30344,-25.21656],[-49.3035,-25.21636],[-49.30355,-25.21626],[-49.3036,-25.21618],[-49.30375,-25.21599],[-49.30392,-25.21581],[-49.30428,-25.21554],[-49.30486,-25.21512],[-49.30526,-25.21479],[-49.30559,-25.21461],[-49.30567,-25.21456],[-49.30587,-25.21449],[-49.3061,-25.21446],[-49.3062,-25.21446],[-49.30639,-25.21449],[-49.30652,-25.21452],[-49.30685,-25.21463],[-49.30711,-25.2147],[-49.30738,-25.21479],[-49.30757,-25.21484],[-49.30782,-25.21487],[-49.308,-25.21488],[-49.30815,-25.21485],[-49.30835,-25.21481],[-49.30846,-25.21475],[-49.30869,-25.21459],[-49.30876,-25.21454],[-49.30883,-25.21448],[-49.30892,-25.21436],[-49.30904,-25.21414],[-49.30922,-25.21385],[-49.30922,-25.21382],[-49.30935,-25.21353],[-49.30943,-25.21327],[-49.30947,-25.21311],[-49.30949,-25.21299],[-49.30953,-25.2128],[-49.30955,-25.21261]]}},{"type":"Feature","properties":{"n":"Rua Antônio de Faria","h":"residential"},"geometry":{"type":"LineString","coordinates":[[-49.32238,-25.1921],[-49.32218,-25.19192],[-49.32197,-25.19177],[-49.32172,-25.19159],[-49.32153,-25.19151],[-49.32135,-25.19146],[-49.32115,-25.19145],[-49.32087,-25.19146],[-49.32066,-25.19146],[-49.32051,-25.19146],[-49.32038,-25.19145],[-49.32028,-25.19139],[-49.32005,-25.1912],[-49.3197,-25.19092]]}},{"type":"Feature","properties":{"n":"Rua Antônio de Barros Teixeira","h":"residential"},"geometry":{"type":"LineString","coordinates":[[-49.32115,-25.19145],[-49.32132,-25.191],[-49.32151,-25.19056],[-49.32163,-25.1903]]}},{"type":"Feature","properties":{"n":"Rua Américo de Souza","h":"residential"},"geometry":{"type":"LineString","coordinates":[[-49.321,-25.19024],[-49.32116,-25.19035],[-49.32151,-25.19056],[-49.32204,-25.19087],[-49.32229,-25.19097],[-49.32241,-25.19103],[-49.32256,-25.19113],[-49.32266,-25.1912],[-49.32283,-25.1913],[-49.32305,-25.19142],[-49.3234,-25.19166],[-49.32344,-25.19174],[-49.32347,-25.19213],[-49.32377,-25.19201]]}},{"type":"Feature","properties":{"n":"Rua França Emidiod e Paula","h":"residential"},"geometry":{"type":"LineString","coordinates":[[-49.32246,-25.18999],[-49.32234,-25.1902],[-49.32228,-25.19035],[-49.32222,-25.19054],[-49.32212,-25.19072],[-49.32204,-25.19087],[-49.32195,-25.19105],[-49.32189,-25.1912],[-49.32182,-25.19136],[-49.32177,-25.19149],[-49.32172,-25.19159],[-49.32156,-25.19192],[-49.32153,-25.192]]}},{"type":"Feature","properties":{"n":"","h":"secondary"},"geometry":{"type":"LineString","coordinates":[[-49.31239,-25.18553],[-49.31235,-25.18552],[-49.31231,-25.1855],[-49.31228,-25.18547],[-49.31227,-25.18543],[-49.31226,-25.18539],[-49.31228,-25.18536],[-49.3123,-25.18533],[-49.31234,-25.1853]]}},{"type":"Feature","properties":{"n":"Rua Sete de Abril","h":"secondary"},"geometry":{"type":"LineString","coordinates":[[-49.31234,-25.1853],[-49.31226,-25.18517],[-49.31223,-25.1851],[-49.31219,-25.18499],[-49.31209,-25.18459],[-49.31203,-25.18437],[-49.31203,-25.18422],[-49.31207,-25.18412],[-49.31214,-25.18395],[-49.31221,-25.1837],[-49.31238,-25.1832]]}},{"type":"Feature","properties":{"n":"","h":"tertiary"},"geometry":{"type":"LineString","coordinates":[[-49.55925,-24.9403],[-49.55924,-24.94044],[-49.5592,-24.94063],[-49.55911,-24.94091]]}},{"type":"Feature","properties":{"n":"","h":"tertiary"},"geometry":{"type":"LineString","coordinates":[[-49.55911,-24.94091],[-49.55901,-24.94104]]}},{"type":"Feature","properties":{"n":"","h":"residential"},"geometry":{"type":"LineString","coordinates":[[-49.31374,-25.18275],[-49.31363,-25.18289],[-49.31346,-25.18297],[-49.31329,-25.18299],[-49.31325,-25.18303],[-49.31317,-25.1833]]}},{"type":"Feature","properties":{"n":"Rua José de Freitas","h":"residential"},"geometry":{"type":"LineString","coordinates":[[-49.31363,-25.17976],[-49.31342,-25.17982],[-49.31296,-25.18012],[-49.31271,-25.18027],[-49.31231,-25.18048],[-49.31227,-25.18048],[-49.31213,-25.18045],[-49.31162,-25.18026],[-49.31155,-25.18021],[-49.31152,-25.18009],[-49.31161,-25.17994],[-49.31179,-25.17984],[-49.31216,-25.17981],[-49.31257,-25.17957]]}},{"type":"Feature","properties":{"n":"Rua Antônio de Freitas","h":"residential"},"geometry":{"type":"LineString","coordinates":[[-49.31071,-25.18063],[-49.31089,-25.18055],[-49.31111,-25.18052],[-49.31142,-25.18046],[-49.31188,-25.18045],[-49.31213,-25.18045]]}},{"type":"Feature","properties":{"n":"Rua Marechal Floriano","h":"residential"},"geometry":{"type":"LineString","coordinates":[[-49.31077,-25.18383],[-49.30996,-25.18457]]}},{"type":"Feature","properties":{"n":"Rua Joana Angélica","h":"residential"},"geometry":{"type":"LineString","coordinates":[[-49.31056,-25.18351],[-49.31018,-25.18369],[-49.30945,-25.18404]]}},{"type":"Feature","properties":{"n":"Rua Mascarenhas de Moraes","h":"residential"},"geometry":{"type":"LineString","coordinates":[[-49.3098,-25.18306],[-49.31018,-25.18369]]}},{"type":"Feature","properties":{"n":"","h":"residential"},"geometry":{"type":"LineString","coordinates":[[-49.3112,-25.184],[-49.31093,-25.18439]]}},{"type":"Feature","properties":{"n":"","h":"residential"},"geometry":{"type":"LineString","coordinates":[[-49.31272,-25.19065],[-49.31249,-25.19058],[-49.31196,-25.19057]]}},{"type":"Feature","properties":{"n":"Rua Alaor Pinto Ferro","h":"residential"},"geometry":{"type":"LineString","coordinates":[[-49.31477,-25.19116],[-49.3153,-25.19155]]}},{"type":"Feature","properties":{"n":"Rua José Bueno de Freitas","h":"residential"},"geometry":{"type":"LineString","coordinates":[[-49.31594,-25.19172],[-49.3158,-25.19203],[-49.31573,-25.19216],[-49.31561,-25.19234]]}},{"type":"Feature","properties":{"n":"","h":"residential"},"geometry":{"type":"LineString","coordinates":[[-49.3166,-25.19242],[-49.31658,-25.1925],[-49.31655,-25.19275],[-49.31658,-25.19303]]}},{"type":"Feature","properties":{"n":"","h":"residential"},"geometry":{"type":"LineString","coordinates":[[-49.31555,-25.19238],[-49.31576,-25.19258],[-49.31589,-25.19272],[-49.31599,-25.19281],[-49.31633,-25.1928]]}},{"type":"Feature","properties":{"n":"","h":"residential"},"geometry":{"type":"LineString","coordinates":[[-49.31529,-25.19313],[-49.31564,-25.19358]]}},{"type":"Feature","properties":{"n":"Rua José V. Wosch","h":"residential"},"geometry":{"type":"LineString","coordinates":[[-49.3073,-25.19095],[-49.30651,-25.19114]]}},{"type":"Feature","properties":{"n":"Rua Angelina S Veloso","h":"residential"},"geometry":{"type":"LineString","coordinates":[[-49.30668,-25.19017],[-49.30583,-25.19087]]}},{"type":"Feature","properties":{"n":"Rua Coronel Carlos Pioli","h":"secondary"},"geometry":{"type":"LineString","coordinates":[[-49.3134,-25.19131],[-49.31343,-25.19076],[-49.3135,-25.19006],[-49.31352,-25.18982],[-49.31357,-25.18941],[-49.3136,-25.18914]]}},{"type":"Feature","properties":{"n":"Rua Visconde de Mauá","h":"residential"},"geometry":{"type":"LineString","coordinates":[[-49.32147,-25.18974],[-49.32106,-25.18928]]}},{"type":"Feature","properties":{"n":"Rua Bento Gonçalves","h":"residential"},"geometry":{"type":"LineString","coordinates":[[-49.32325,-25.18959],[-49.32307,-25.18953],[-49.32283,-25.18945],[-49.32254,-25.18933],[-49.32237,-25.18925],[-49.3223,-25.18921],[-49.32228,-25.18917],[-49.32228,-25.18912],[-49.32228,-25.18908]]}},{"type":"Feature","properties":{"n":"","h":"residential"},"geometry":{"type":"LineString","coordinates":[[-49.3228,-25.18873],[-49.32269,-25.18893]]}},{"type":"Feature","properties":{"n":"","h":"residential"},"geometry":{"type":"LineString","coordinates":[[-49.31989,-25.18866],[-49.32025,-25.18893]]}},{"type":"Feature","properties":{"n":"","h":"residential"},"geometry":{"type":"LineString","coordinates":[[-49.31823,-25.18823],[-49.31814,-25.18815],[-49.31798,-25.18804],[-49.31786,-25.18794],[-49.31771,-25.18782],[-49.31766,-25.18771],[-49.31766,-25.18762],[-49.31773,-25.18757],[-49.3178,-25.18757],[-49.31784,-25.18759],[-49.3179,-25.18766],[-49.31794,-25.18774],[-49.31801,-25.18782],[-49.31813,-25.18787],[-49.31833,-25.18789]]}},{"type":"Feature","properties":{"n":"Rua Prefeito José Pioli","h":"residential"},"geometry":{"type":"LineString","coordinates":[[-49.31233,-25.19309],[-49.31147,-25.1927]]}},{"type":"Feature","properties":{"n":"Rua Carlos Cavalcante","h":"tertiary"},"geometry":{"type":"LineString","coordinates":[[-49.31258,-25.19293],[-49.31258,-25.19299],[-49.31259,-25.19306],[-49.31259,-25.19312],[-49.31256,-25.1932],[-49.31252,-25.19328],[-49.31246,-25.19337],[-49.31241,-25.19346],[-49.31237,-25.19354],[-49.3123,-25.19368],[-49.31228,-25.19385],[-49.31227,-25.19404],[-49.31228,-25.19433],[-49.31231,-25.19454]]}},{"type":"Feature","properties":{"n":"Rua Carlos Cavalcante","h":"tertiary"},"geometry":{"type":"LineString","coordinates":[[-49.31231,-25.19454],[-49.3124,-25.19473],[-49.31253,-25.19494],[-49.31259,-25.1951],[-49.31259,-25.19533]]}},{"type":"Feature","properties":{"n":"Travessa Furquim","h":"tertiary"},"geometry":{"type":"LineString","coordinates":[[-49.31231,-25.19454],[-49.31159,-25.19429],[-49.31143,-25.19422]]}},{"type":"Feature","properties":{"n":"Rua Três","h":"residential"},"geometry":{"type":"LineString","coordinates":[[-49.30805,-25.18752],[-49.30795,-25.18701],[-49.30788,-25.18689],[-49.30745,-25.18644],[-49.3072,-25.18613]]}},{"type":"Feature","properties":{"n":"","h":"residential"},"geometry":{"type":"LineString","coordinates":[[-49.30384,-25.18576],[-49.30374,-25.1856],[-49.30368,-25.18554],[-49.30363,-25.1855],[-49.30356,-25.18549],[-49.30348,-25.18549],[-49.30326,-25.18554],[-49.30303,-25.18555]]}},{"type":"Feature","properties":{"n":"Rua Curruira","h":"residential"},"geometry":{"type":"LineString","coordinates":[[-49.30211,-25.18289],[-49.30277,-25.18378],[-49.3037,-25.18506]]}},{"type":"Feature","properties":{"n":"Rua Zacarias Teixeira Rocha","h":"residential"},"geometry":{"type":"LineString","coordinates":[[-49.30372,-25.18827],[-49.30358,-25.18842],[-49.3033,-25.18872],[-49.303,-25.18904],[-49.30286,-25.18918],[-49.30274,-25.18929],[-49.30176,-25.18955],[-49.29978,-25.19004]]}},{"type":"Feature","properties":{"n":"Rua Antônio Nunes","h":"residential"},"geometry":{"type":"LineString","coordinates":[[-49.30123,-25.18794],[-49.30136,-25.18832],[-49.30155,-25.18893],[-49.30176,-25.18955]]}},{"type":"Feature","properties":{"n":"Rua João de Barro","h":"residential"},"geometry":{"type":"LineString","coordinates":[[-49.29978,-25.19004],[-49.2997,-25.19004],[-49.29963,-25.19002],[-49.29955,-25.18991],[-49.29949,-25.18974],[-49.29942,-25.18948],[-49.29934,-25.18913],[-49.29927,-25.18888],[-49.29921,-25.18877],[-49.29915,-25.18865],[-49.2991,-25.18849],[-49.29906,-25.18823],[-49.29901,-25.18805],[-49.29887,-25.18758],[-49.29878,-25.18741],[-49.29869,-25.18726],[-49.29867,-25.18714],[-49.29869,-25.18698],[-49.29869,-25.18686],[-49.29862,-25.18651],[-49.29855,-25.18625]]}},{"type":"Feature","properties":{"n":"","h":"residential"},"geometry":{"type":"LineString","coordinates":[[-49.30063,-25.18789],[-49.30042,-25.18788],[-49.30031,-25.1879],[-49.30012,-25.18796],[-49.29954,-25.18808]]}},{"type":"Feature","properties":{"n":"","h":"residential"},"geometry":{"type":"LineString","coordinates":[[-49.30023,-25.18733],[-49.30009,-25.18731],[-49.29992,-25.18731],[-49.29972,-25.18736],[-49.29929,-25.18751],[-49.29906,-25.18756],[-49.29887,-25.18758]]}},{"type":"Feature","properties":{"n":"Rua Rancharia","h":"residential"},"geometry":{"type":"LineString","coordinates":[[-49.29869,-25.18698],[-49.29838,-25.18704],[-49.29815,-25.1871],[-49.29828,-25.18742],[-49.29825,-25.18745],[-49.29818,-25.1875],[-49.29813,-25.18753],[-49.298,-25.18756],[-49.29799,-25.18758],[-49.29798,-25.18762],[-49.29803,-25.18776],[-49.29776,-25.18798],[-49.29764,-25.18807],[-49.29751,-25.18817],[-49.29719,-25.18776]]}},{"type":"Feature","properties":{"n":"","h":"residential"},"geometry":{"type":"LineString","coordinates":[[-49.29749,-25.1876],[-49.29776,-25.18798]]}},{"type":"Feature","properties":{"n":"","h":"residential"},"geometry":{"type":"LineString","coordinates":[[-49.29828,-25.18742],[-49.29834,-25.18732],[-49.29837,-25.18723],[-49.29838,-25.18714],[-49.29838,-25.18704]]}},{"type":"Feature","properties":{"n":"","h":"residential"},"geometry":{"type":"LineString","coordinates":[[-49.29869,-25.18698],[-49.29999,-25.18669]]}},{"type":"Feature","properties":{"n":"Rua Minas Gerais","h":"residential"},"geometry":{"type":"LineString","coordinates":[[-49.30274,-25.18929],[-49.30284,-25.18939],[-49.30369,-25.19007],[-49.30409,-25.19047],[-49.30447,-25.19085]]}},{"type":"Feature","properties":{"n":"","h":"residential"},"geometry":{"type":"LineString","coordinates":[[-49.30323,-25.19054],[-49.30283,-25.1903]]}},{"type":"Feature","properties":{"n":"","h":"residential"},"geometry":{"type":"LineString","coordinates":[[-49.3023,-25.19136],[-49.30214,-25.19146],[-49.30206,-25.19148],[-49.30198,-25.19149],[-49.30189,-25.19149]]}},{"type":"Feature","properties":{"n":"","h":"residential"},"geometry":{"type":"LineString","coordinates":[[-49.30691,-25.18877],[-49.30615,-25.18801],[-49.30597,-25.18779],[-49.3059,-25.18775],[-49.30574,-25.18778]]}},{"type":"Feature","properties":{"n":"Rua Camilo","h":"residential"},"geometry":{"type":"LineString","coordinates":[[-49.32235,-25.18886],[-49.32245,-25.18882],[-49.32261,-25.18878],[-49.3228,-25.18873],[-49.32289,-25.1887],[-49.32306,-25.18867],[-49.32322,-25.18866],[-49.32336,-25.18866]]}},{"type":"Feature","properties":{"n":"Rua João Santana","h":"residential"},"geometry":{"type":"LineString","coordinates":[[-49.31989,-25.18866],[-49.31961,-25.18845],[-49.31923,-25.18821],[-49.31883,-25.18791],[-49.3186,-25.18775],[-49.31846,-25.18763]]}},{"type":"Feature","properties":{"n":"Rua Um","h":"residential"},"geometry":{"type":"LineString","coordinates":[[-49.30744,-25.18838],[-49.30754,-25.18821],[-49.30765,-25.18815],[-49.30775,-25.18811],[-49.3087,-25.18808]]}},{"type":"Feature","properties":{"n":"","h":"unclassified"},"geometry":{"type":"LineString","coordinates":[[-49.33152,-25.1908],[-49.33112,-25.19082],[-49.3306,-25.1908],[-49.33013,-25.19069],[-49.32969,-25.19062],[-49.32938,-25.19062],[-49.32912,-25.19061],[-49.329,-25.19063],[-49.32884,-25.19069],[-49.32869,-25.19079],[-49.32851,-25.19096],[-49.32843,-25.19106],[-49.32836,-25.19123],[-49.32839,-25.19147],[-49.32845,-25.19159],[-49.32854,-25.19174],[-49.32888,-25.19224],[-49.32909,-25.19263],[-49.32924,-25.19287],[-49.32937,-25.193],[-49.3295,-25.19308],[-49.32992,-25.19336],[-49.33009,-25.19356],[-49.33012,-25.19366],[-49.33013,-25.19372],[-49.33012,-25.19377],[-49.33007,-25.19384],[-49.32995,-25.19391],[-49.32978,-25.19394],[-49.32955,-25.19396],[-49.32933,-25.19411],[-49.32923,-25.19421],[-49.32918,-25.19426],[-49.32897,-25.19434],[-49.32885,-25.19432],[-49.32857,-25.19429],[-49.32837,-25.1942],[-49.32831,-25.1941],[-49.32822,-25.19394],[-49.32817,-25.19386],[-49.3281,-25.19379],[-49.32797,-25.19373],[-49.32784,-25.19371],[-49.32769,-25.19368],[-49.32747,-25.19366],[-49.32732,-25.19365],[-49.32706,-25.19366],[-49.32578,-25.19434],[-49.32485,-25.19475],[-49.32469,-25.19476],[-49.32454,-25.19473],[-49.32443,-25.1947],[-49.32414,-25.19471],[-49.32391,-25.1948],[-49.32377,-25.19492],[-49.32364,-25.19507],[-49.32358,-25.19517],[-49.32354,-25.19529],[-49.32353,-25.19539],[-49.32353,-25.19549],[-49.32353,-25.19559],[-49.32352,-25.19566],[-49.32351,-25.19573],[-49.32345,-25.19583]]}},{"type":"Feature","properties":{"n":"","h":"unclassified"},"geometry":{"type":"LineString","coordinates":[[-49.32836,-25.19123],[-49.32817,-25.19072],[-49.3279,-25.19042],[-49.32768,-25.1903],[-49.32751,-25.19025],[-49.32733,-25.19022],[-49.32718,-25.19022],[-49.32701,-25.19028],[-49.32675,-25.19041],[-49.32661,-25.19048],[-49.32636,-25.1905],[-49.32607,-25.19049],[-49.32591,-25.19044],[-49.32577,-25.19032],[-49.32571,-25.19018],[-49.32569,-25.19008],[-49.32573,-25.18996],[-49.32578,-25.18988],[-49.32581,-25.18981],[-49.32588,-25.18968]]}},{"type":"Feature","properties":{"n":"","h":"unclassified"},"geometry":{"type":"LineString","coordinates":[[-49.32196,-25.19324],[-49.32175,-25.19288],[-49.32168,-25.19281],[-49.32158,-25.19278],[-49.32151,-25.19277],[-49.32144,-25.19281],[-49.32139,-25.19285],[-49.32137,-25.1929],[-49.32136,-25.19299],[-49.32144,-25.19326],[-49.32149,-25.19339],[-49.32149,-25.19347],[-49.32147,-25.19352],[-49.32144,-25.19359],[-49.32139,-25.19366],[-49.32132,-25.19375],[-49.32123,-25.19381],[-49.32104,-25.19393],[-49.3206,-25.19422],[-49.32003,-25.19462]]}},{"type":"Feature","properties":{"n":"Avenida Ermirio de Moraes","h":"primary"},"geometry":{"type":"LineString","coordinates":[[-49.31872,-25.19117],[-49.31848,-25.19124],[-49.31798,-25.19155],[-49.31764,-25.19182],[-49.31756,-25.19217],[-49.31756,-25.19235],[-49.31758,-25.19285],[-49.31748,-25.19321],[-49.31726,-25.19347],[-49.31697,-25.19363],[-49.31654,-25.19381],[-49.31612,-25.19401],[-49.31587,-25.19417],[-49.3158,-25.19421]]}},{"type":"Feature","properties":{"n":"Estrada do Rio Abaixo","h":"tertiary"},"geometry":{"type":"LineString","coordinates":[[-49.32054,-25.18469],[-49.32066,-25.18472],[-49.3209,-25.18481],[-49.32105,-25.18486],[-49.3216,-25.18504],[-49.32179,-25.18517],[-49.3219,-25.1853],[-49.32205,-25.18542],[-49.32215,-25.18548],[-49.32228,-25.18551],[-49.3225,-25.18551],[-49.32275,-25.18549],[-49.3231,-25.1855],[-49.32324,-25.18548],[-49.3233,-25.18546],[-49.32337,-25.18539],[-49.32344,-25.18508],[-49.32349,-25.18499],[-49.32362,-25.18495],[-49.32419,-25.18499],[-49.32438,-25.18493],[-49.32446,-25.18487],[-49.32464,-25.18451],[-49.32484,-25.18433],[-49.32494,-25.18427],[-49.32505,-25.18423],[-49.32517,-25.18424],[-49.32524,-25.18426],[-49.32532,-25.18435],[-49.32563,-25.18475],[-49.32583,-25.1849],[-49.32593,-25.18492],[-49.32606,-25.18491],[-49.32615,-25.18486],[-49.32625,-25.18475],[-49.32656,-25.18429],[-49.32688,-25.18387],[-49.32702,-25.1838],[-49.32718,-25.18375],[-49.3275,-25.1837],[-49.32773,-25.18365],[-49.32799,-25.18358],[-49.32828,-25.18353],[-49.32848,-25.18354],[-49.32871,-25.1836],[-49.32894,-25.18366],[-49.32921,-25.18369],[-49.32967,-25.18362],[-49.33011,-25.1834],[-49.33041,-25.18316],[-49.33063,-25.18279],[-49.33096,-25.18245],[-49.33154,-25.18188],[-49.33196,-25.18162],[-49.33233,-25.1813],[-49.33246,-25.18106],[-49.33271,-25.18067],[-49.33299,-25.18043],[-49.33335,-25.18021],[-49.3336,-25.18],[-49.33387,-25.17969],[-49.33406,-25.17953],[-49.33459,-25.17927]]}},{"type":"Feature","properties":{"n":"Rodovia Gertrudes Manguer da Rosa","h":"secondary"},"geometry":{"type":"LineString","coordinates":[[-49.32034,-25.18491],[-49.32018,-25.1851],[-49.32014,-25.18516],[-49.32011,-25.18523],[-49.32009,-25.18528],[-49.32009,-25.18534],[-49.32011,-25.18547],[-49.32014,-25.18565],[-49.3202,-25.1858],[-49.32024,-25.18594],[-49.32033,-25.1861],[-49.32043,-25.18631],[-49.32046,-25.18636],[-49.32051,-25.18643],[-49.32057,-25.18647],[-49.3207,-25.18656],[-49.32078,-25.18662],[-49.32085,-25.18667],[-49.3209,-25.18671],[-49.32099,-25.18679],[-49.32119,-25.18701],[-49.32137,-25.18719],[-49.32156,-25.1873],[-49.3219,-25.18748]]}},{"type":"Feature","properties":{"n":"Rua Padre Ribeiro","h":"secondary"},"geometry":{"type":"LineString","coordinates":[[-49.3199,-25.18472],[-49.31995,-25.18461],[-49.31997,-25.18458],[-49.32,-25.18453]]}},{"type":"Feature","properties":{"n":"Rodovia Gertrudes Manguer da Rosa","h":"secondary"},"geometry":{"type":"LineString","coordinates":[[-49.32,-25.18453],[-49.32008,-25.18455],[-49.32021,-25.18459],[-49.32025,-25.1846],[-49.32042,-25.18464],[-49.32049,-25.18467],[-49.32054,-25.18469]]}},{"type":"Feature","properties":{"n":"Rodovia Gertrudes Manguer da Rosa","h":"secondary"},"geometry":{"type":"LineString","coordinates":[[-49.32054,-25.18469],[-49.32054,-25.18472],[-49.32054,-25.18476],[-49.32052,-25.18481],[-49.32047,-25.18487],[-49.32042,-25.1849],[-49.32034,-25.18491]]}},{"type":"Feature","properties":{"n":"Rua Abrahão Elias","h":"residential"},"geometry":{"type":"LineString","coordinates":[[-49.31332,-25.18741],[-49.31267,-25.18756]]}},{"type":"Feature","properties":{"n":"Rua Castelo Branco","h":"residential"},"geometry":{"type":"LineString","coordinates":[[-49.31786,-25.18231],[-49.31794,-25.18232],[-49.3181,-25.18238],[-49.3182,-25.18246],[-49.31823,-25.18252],[-49.31822,-25.1826],[-49.3182,-25.18268],[-49.31819,-25.1828],[-49.31818,-25.18299],[-49.31816,-25.18327],[-49.31819,-25.18333],[-49.31824,-25.18337],[-49.3183,-25.1834],[-49.3184,-25.18341]]}},{"type":"Feature","properties":{"n":"Rua Visconde Cairo","h":"residential"},"geometry":{"type":"LineString","coordinates":[[-49.31419,-25.18456],[-49.31431,-25.18443],[-49.31447,-25.18441],[-49.31472,-25.18443],[-49.31487,-25.18446],[-49.31505,-25.18452],[-49.31523,-25.1846],[-49.3154,-25.18463],[-49.31559,-25.1846],[-49.31598,-25.18448]]}},{"type":"Feature","properties":{"n":"Rua Ercília Borges dos Santos","h":"residential"},"geometry":{"type":"LineString","coordinates":[[-49.32243,-25.18641],[-49.32257,-25.18637],[-49.32271,-25.18628],[-49.32281,-25.18617],[-49.32288,-25.18601]]}},{"type":"Feature","properties":{"n":"Rua Pedro Pereira Bonfim","h":"residential"},"geometry":{"type":"LineString","coordinates":[[-49.32105,-25.18486],[-49.32116,-25.18495],[-49.32128,-25.18502],[-49.32131,-25.18505],[-49.32132,-25.1851],[-49.3213,-25.18515],[-49.32103,-25.18543],[-49.32099,-25.18549],[-49.32099,-25.18554],[-49.32103,-25.18562],[-49.32109,-25.18572],[-49.32121,-25.18587],[-49.32129,-25.18596],[-49.32138,-25.186],[-49.32159,-25.18608],[-49.32175,-25.18615],[-49.32217,-25.18632],[-49.32243,-25.18641],[-49.32312,-25.18668]]}},{"type":"Feature","properties":{"n":"","h":"residential"},"geometry":{"type":"LineString","coordinates":[[-49.32312,-25.18668],[-49.32318,-25.18661],[-49.32324,-25.18653],[-49.32331,-25.18646],[-49.32342,-25.18633],[-49.32352,-25.18617]]}},{"type":"Feature","properties":{"n":"","h":"residential"},"geometry":{"type":"LineString","coordinates":[[-49.32138,-25.186],[-49.32146,-25.18592],[-49.32155,-25.18584],[-49.32168,-25.18573],[-49.32184,-25.18559],[-49.32193,-25.18552],[-49.32205,-25.18542]]}},{"type":"Feature","properties":{"n":"Rua Antônio Elias","h":"residential"},"geometry":{"type":"LineString","coordinates":[[-49.31437,-25.17641],[-49.31485,-25.17585]]}},{"type":"Feature","properties":{"n":"Rua Sete de Abril","h":"secondary"},"geometry":{"type":"LineString","coordinates":[[-49.31652,-25.17728],[-49.31666,-25.17692],[-49.317,-25.17587],[-49.31718,-25.17549],[-49.31724,-25.17535],[-49.31727,-25.17523],[-49.3173,-25.17508],[-49.31733,-25.17491],[-49.31734,-25.17467],[-49.31735,-25.17457],[-49.31736,-25.17447],[-49.31739,-25.17437],[-49.31747,-25.17425],[-49.318,-25.17364],[-49.31804,-25.17359],[-49.31816,-25.17348],[-49.31829,-25.17337],[-49.31841,-25.17328],[-49.3186,-25.17318],[-49.31869,-25.17312],[-49.31881,-25.17308],[-49.31929,-25.17286]]}},{"type":"Feature","properties":{"n":"Rua Coelho Neto","h":"residential"},"geometry":{"type":"LineString","coordinates":[[-49.30996,-25.18457],[-49.30975,-25.18444],[-49.30945,-25.18404],[-49.3091,-25.18355]]}},{"type":"Feature","properties":{"n":"Rua Dois","h":"residential"},"geometry":{"type":"LineString","coordinates":[[-49.31897,-25.18559],[-49.31945,-25.18624]]}},{"type":"Feature","properties":{"n":"Rua Francisco Garcia de Lima","h":"residential"},"geometry":{"type":"LineString","coordinates":[[-49.31815,-25.18569],[-49.31822,-25.18598],[-49.31836,-25.18651],[-49.3184,-25.18656],[-49.31847,-25.1866],[-49.31852,-25.18661],[-49.31859,-25.18661],[-49.31867,-25.18661],[-49.31945,-25.18624],[-49.32024,-25.18594]]}},{"type":"Feature","properties":{"n":"Rua José Severino da Silva","h":"residential"},"geometry":{"type":"LineString","coordinates":[[-49.31673,-25.17815],[-49.31567,-25.17848],[-49.31494,-25.17869],[-49.31421,-25.17891],[-49.31346,-25.17914],[-49.31289,-25.1793],[-49.3126,-25.17939]]}},{"type":"Feature","properties":{"n":"Rua Natan Milder","h":"residential"},"geometry":{"type":"LineString","coordinates":[[-49.31721,-25.18557],[-49.31743,-25.18539],[-49.31785,-25.1851],[-49.31823,-25.18499],[-49.31829,-25.18494],[-49.31829,-25.1849],[-49.31822,-25.18479],[-49.31816,-25.18465],[-49.31815,-25.18456],[-49.31816,-25.18449]]}},{"type":"Feature","properties":{"n":"Rua Alice Costa","h":"residential"},"geometry":{"type":"LineString","coordinates":[[-49.31059,-25.17228],[-49.31153,-25.17194],[-49.31166,-25.17187],[-49.31203,-25.17175],[-49.31221,-25.1717],[-49.31229,-25.17165],[-49.31235,-25.17164],[-49.31244,-25.17166],[-49.31251,-25.17164],[-49.31265,-25.17157],[-49.31277,-25.17149],[-49.31286,-25.17146],[-49.31292,-25.17144],[-49.313,-25.17141],[-49.31317,-25.17136],[-49.31358,-25.17124]]}},{"type":"Feature","properties":{"n":"Rua Antônio Costa","h":"residential"},"geometry":{"type":"LineString","coordinates":[[-49.31102,-25.17353],[-49.31151,-25.17331],[-49.31157,-25.17329],[-49.3118,-25.17327],[-49.31188,-25.17323],[-49.31198,-25.17312],[-49.31205,-25.17307],[-49.3123,-25.17303],[-49.31284,-25.17281],[-49.31338,-25.17264],[-49.3137,-25.17254],[-49.31396,-25.17241],[-49.31438,-25.17223],[-49.31457,-25.17216],[-49.31467,-25.17209],[-49.31479,-25.17197],[-49.31486,-25.1719],[-49.31505,-25.17183],[-49.31521,-25.17177],[-49.31539,-25.17164],[-49.316,-25.17053]]}},{"type":"Feature","properties":{"n":"Rua Antônio de Barros Teixeira","h":"residential"},"geometry":{"type":"LineString","coordinates":[[-49.31082,-25.17289],[-49.3113,-25.17271],[-49.31191,-25.1725],[-49.31247,-25.17232],[-49.31314,-25.17207]]}},{"type":"Feature","properties":{"n":"Rua Otávio dos Santos Castro","h":"residential"},"geometry":{"type":"LineString","coordinates":[[-49.30869,-25.17077],[-49.30986,-25.17035],[-49.31225,-25.16959],[-49.31302,-25.16934],[-49.31322,-25.1693],[-49.31332,-25.16929],[-49.3134,-25.1693],[-49.31352,-25.16933],[-49.31368,-25.16938],[-49.31378,-25.16937]]}},{"type":"Feature","properties":{"n":"Rua Ernani Costa","h":"residential"},"geometry":{"type":"LineString","coordinates":[[-49.31033,-25.17165],[-49.31272,-25.17083],[-49.31379,-25.17047]]}},{"type":"Feature","properties":{"n":"Rua Manoel Muller de Siqueira","h":"tertiary"},"geometry":{"type":"LineString","coordinates":[[-49.316,-25.17053],[-49.31583,-25.17044],[-49.31565,-25.17039],[-49.31532,-25.17033],[-49.31515,-25.17029],[-49.31496,-25.17021],[-49.31485,-25.1701],[-49.31473,-25.17001],[-49.31458,-25.1699],[-49.31445,-25.16985],[-49.3143,-25.16979],[-49.31408,-25.1697],[-49.31399,-25.16964],[-49.31391,-25.16959],[-49.31385,-25.16952],[-49.3138,-25.16944],[-49.31378,-25.16937],[-49.31374,-25.16922],[-49.31372,-25.16912],[-49.31369,-25.16905],[-49.31363,-25.16899],[-49.3136,-25.16896],[-49.31354,-25.16893],[-49.31349,-25.16893],[-49.31337,-25.16893],[-49.31321,-25.16891],[-49.31282,-25.16888],[-49.31219,-25.16891],[-49.31203,-25.1689],[-49.31182,-25.16883],[-49.3116,-25.16872],[-49.31148,-25.16864],[-49.31138,-25.16858],[-49.31129,-25.16851],[-49.31113,-25.16841],[-49.31099,-25.16834],[-49.31084,-25.16827],[-49.31069,-25.16822],[-49.31058,-25.16819]]}},{"type":"Feature","properties":{"n":"Rua Marechal Candido Rondon","h":"residential"},"geometry":{"type":"LineString","coordinates":[[-49.3136,-25.17946],[-49.31362,-25.17969],[-49.31363,-25.17976],[-49.31371,-25.1804]]}},{"type":"Feature","properties":{"n":"Rua Marechal Candido Rondon","h":"residential"},"geometry":{"type":"LineString","coordinates":[[-49.31377,-25.18089],[-49.31399,-25.18123],[-49.31407,-25.18145],[-49.31418,-25.18177],[-49.31426,-25.18201],[-49.31429,-25.18205],[-49.31458,-25.18241],[-49.31498,-25.18283]]}},{"type":"Feature","properties":{"n":"Rua Martinho Fortes Barros","h":"residential"},"geometry":{"type":"LineString","coordinates":[[-49.31009,-25.17102],[-49.30887,-25.17132]]}},{"type":"Feature","properties":{"n":"Rua Martinho Portes Barros","h":"residential"},"geometry":{"type":"LineString","coordinates":[[-49.31112,-25.17065],[-49.31249,-25.17022],[-49.31372,-25.16982],[-49.31385,-25.16979],[-49.314,-25.16979],[-49.31419,-25.1698],[-49.31445,-25.16985]]}},{"type":"Feature","properties":{"n":"Rua Orquídeas","h":"residential"},"geometry":{"type":"LineString","coordinates":[[-49.31338,-25.17264],[-49.31325,-25.17233],[-49.31322,-25.17218],[-49.31314,-25.17207],[-49.3131,-25.17194],[-49.31307,-25.17178],[-49.31305,-25.17166],[-49.313,-25.17154],[-49.31292,-25.17144],[-49.31291,-25.1714],[-49.31288,-25.17133],[-49.31283,-25.1711],[-49.31272,-25.17083],[-49.31249,-25.17022],[-49.31225,-25.16959],[-49.31202,-25.16899],[-49.31203,-25.1689]]}},{"type":"Feature","properties":{"n":"Rua Dalila da Cruz Pilar","h":"residential"},"geometry":{"type":"LineString","coordinates":[[-49.30995,-25.16834],[-49.30984,-25.16827],[-49.30965,-25.1682],[-49.30913,-25.16811],[-49.30885,-25.16805],[-49.30866,-25.168],[-49.30859,-25.16797],[-49.30855,-25.16792],[-49.30853,-25.16787],[-49.30855,-25.16781],[-49.30863,-25.16742]]}},{"type":"Feature","properties":{"n":"Rua Bernardo Cruz","h":"residential"},"geometry":{"type":"LineString","coordinates":[[-49.30856,-25.17007],[-49.30963,-25.16971],[-49.3101,-25.16958],[-49.31061,-25.16943],[-49.31132,-25.1692],[-49.31202,-25.16899]]}},{"type":"Feature","properties":{"n":"Rua Manoel Muller de Siqueira","h":"tertiary"},"geometry":{"type":"LineString","coordinates":[[-49.31935,-25.17259],[-49.31939,-25.1727],[-49.31947,-25.17274],[-49.31956,-25.17275]]}},{"type":"Feature","properties":{"n":"","h":"residential"},"geometry":{"type":"LineString","coordinates":[[-49.31061,-25.16943],[-49.31053,-25.16918],[-49.31046,-25.16904],[-49.3104,-25.16889],[-49.31037,-25.16871],[-49.3104,-25.16859],[-49.31039,-25.16843],[-49.31035,-25.16818]]}},{"type":"Feature","properties":{"n":"Avenida Nossa Senhora do Amparo","h":"tertiary"},"geometry":{"type":"LineString","coordinates":[[-49.31205,-25.19593],[-49.31249,-25.19644],[-49.31264,-25.19661],[-49.31276,-25.19676],[-49.3129,-25.19694],[-49.31308,-25.19718],[-49.31321,-25.1973],[-49.3133,-25.19739],[-49.31339,-25.19747],[-49.31352,-25.19763],[-49.3136,-25.19775],[-49.31365,-25.19785],[-49.3137,-25.19794],[-49.31377,-25.19807],[-49.31382,-25.19816],[-49.31405,-25.19861],[-49.31414,-25.19878],[-49.31428,-25.19899],[-49.3144,-25.19915],[-49.31442,-25.19917],[-49.31447,-25.19925],[-49.31459,-25.19941],[-49.31466,-25.19955],[-49.31474,-25.19977],[-49.31487,-25.20011],[-49.31493,-25.20029],[-49.31498,-25.2004],[-49.31506,-25.20052],[-49.31514,-25.20061],[-49.31526,-25.20074],[-49.31541,-25.20094],[-49.31561,-25.2013],[-49.31581,-25.20163],[-49.3161,-25.20206],[-49.31621,-25.20224]]}},{"type":"Feature","properties":{"n":"Brasio Ismael da silva","h":"residential"},"geometry":{"type":"LineString","coordinates":[[-49.31764,-25.1713],[-49.31771,-25.1712],[-49.31782,-25.17103],[-49.31794,-25.17087]]}},{"type":"Feature","properties":{"n":"Rua Maria do Carmo","h":"residential"},"geometry":{"type":"LineString","coordinates":[[-49.31697,-25.20264],[-49.31757,-25.20233],[-49.31785,-25.20216]]}},{"type":"Feature","properties":{"n":"Rua Brasilino Pedroso Simão dos Santos","h":"residential"},"geometry":{"type":"LineString","coordinates":[[-49.3201,-25.17128],[-49.32001,-25.1713],[-49.31991,-25.17129],[-49.31982,-25.17132],[-49.31973,-25.17138],[-49.31964,-25.17141]]}},{"type":"Feature","properties":{"n":"Rua João Froma","h":"residential"},"geometry":{"type":"LineString","coordinates":[[-49.31774,-25.17172],[-49.31768,-25.17154],[-49.31765,-25.1714],[-49.31764,-25.1713],[-49.31762,-25.17116],[-49.31757,-25.17104],[-49.31751,-25.17094],[-49.31745,-25.17083],[-49.3174,-25.17063],[-49.31734,-25.1704],[-49.31729,-25.17018],[-49.31723,-25.17005],[-49.31719,-25.17],[-49.31705,-25.16992],[-49.3169,-25.16983],[-49.31679,-25.16973],[-49.31667,-25.16964],[-49.31654,-25.1695],[-49.31642,-25.16939],[-49.31632,-25.16933],[-49.31621,-25.16926],[-49.3161,-25.16919],[-49.31599,-25.16911],[-49.31587,-25.16906],[-49.31575,-25.16897],[-49.31567,-25.1689],[-49.31562,-25.16882],[-49.31556,-25.16878],[-49.31546,-25.16876],[-49.31532,-25.16875],[-49.3152,-25.16873],[-49.31511,-25.1687],[-49.31502,-25.16865],[-49.31491,-25.16857],[-49.31481,-25.1685],[-49.3147,-25.16845],[-49.31456,-25.16838],[-49.3145,-25.16836],[-49.31447,-25.16831],[-49.31447,-25.16826],[-49.31451,-25.1682],[-49.31459,-25.16815],[-49.3147,-25.1681],[-49.31478,-25.16805],[-49.31484,-25.16796],[-49.31491,-25.16784],[-49.31495,-25.16778],[-49.31498,-25.16768],[-49.31496,-25.16757],[-49.31487,-25.16746],[-49.31479,-25.16739],[-49.31471,-25.16732],[-49.31467,-25.16724],[-49.3146,-25.16712],[-49.31454,-25.16705],[-49.31443,-25.16698],[-49.31422,-25.16687],[-49.31412,-25.16681],[-49.31409,-25.16679]]}},{"type":"Feature","properties":{"n":"Rua Luiz Machioro","h":"tertiary"},"geometry":{"type":"LineString","coordinates":[[-49.31621,-25.20224],[-49.31649,-25.20209]]}},{"type":"Feature","properties":{"n":"Rua Manoel Borges de Macedo","h":"residential"},"geometry":{"type":"LineString","coordinates":[[-49.31314,-25.1956],[-49.31327,-25.19567],[-49.31387,-25.19603],[-49.31442,-25.19635]]}},{"type":"Feature","properties":{"n":"Rua Mário de Andrade","h":"residential"},"geometry":{"type":"LineString","coordinates":[[-49.31619,-25.20145],[-49.31583,-25.20088],[-49.31566,-25.20058]]}},{"type":"Feature","properties":{"n":"Rua Monteiro Lobato","h":"residential"},"geometry":{"type":"LineString","coordinates":[[-49.31581,-25.20163],[-49.31619,-25.20145],[-49.31684,-25.20114]]}},{"type":"Feature","properties":{"n":"Rua Osvaldo Cruz","h":"residential"},"geometry":{"type":"LineString","coordinates":[[-49.31414,-25.19878],[-49.31448,-25.19819]]}},{"type":"Feature","properties":{"n":"Rua Osvaldo Emidio","h":"residential"},"geometry":{"type":"LineString","coordinates":[[-49.31581,-25.19854],[-49.31557,-25.19867],[-49.31542,-25.19875],[-49.31531,-25.19879],[-49.31522,-25.1988],[-49.31519,-25.19881],[-49.31515,-25.19882],[-49.3151,-25.19881],[-49.31503,-25.1988],[-49.31499,-25.19878],[-49.31492,-25.19869],[-49.31461,-25.19819],[-49.31455,-25.19817],[-49.31448,-25.19819]]}},{"type":"Feature","properties":{"n":"Rua Antonio Costa Rosa","h":"residential"},"geometry":{"type":"LineString","coordinates":[[-49.31172,-25.16663],[-49.3116,-25.16656],[-49.31154,-25.16655],[-49.31144,-25.16656],[-49.31133,-25.16657],[-49.31124,-25.16657],[-49.3111,-25.16658],[-49.31101,-25.16656],[-49.31093,-25.16654],[-49.31081,-25.16653],[-49.31073,-25.16653],[-49.31067,-25.16653],[-49.31063,-25.16654],[-49.31061,-25.16657],[-49.3106,-25.1666],[-49.31057,-25.16671],[-49.31056,-25.16677],[-49.31057,-25.16682],[-49.31058,-25.16687],[-49.31061,-25.16693],[-49.31082,-25.16724],[-49.31088,-25.16731],[-49.3111,-25.16753],[-49.31138,-25.16783],[-49.31154,-25.16798],[-49.31157,-25.16801],[-49.3116,-25.16808],[-49.31163,-25.16812],[-49.31178,-25.16828]]}},{"type":"Feature","properties":{"n":"Rua Silvio dos Santos","h":"residential"},"geometry":{"type":"LineString","coordinates":[[-49.32186,-25.16933],[-49.3217,-25.16931],[-49.32151,-25.16931],[-49.32136,-25.16929],[-49.32128,-25.16926],[-49.3211,-25.16919],[-49.32102,-25.16917],[-49.32089,-25.16916],[-49.32075,-25.16914],[-49.3206,-25.1691],[-49.32051,-25.16906],[-49.32047,-25.16905],[-49.32045,-25.16905],[-49.32044,-25.16906],[-49.32039,-25.16916],[-49.32036,-25.16924],[-49.32035,-25.16929],[-49.3203,-25.16933],[-49.32023,-25.16942],[-49.32018,-25.1695],[-49.32016,-25.1696]]}},{"type":"Feature","properties":{"n":"Rua Miguel do Espírito Santo","h":"residential"},"geometry":{"type":"LineString","coordinates":[[-49.31852,-25.17194],[-49.31868,-25.17154],[-49.31871,-25.17143],[-49.31876,-25.17139],[-49.31882,-25.17137],[-49.31893,-25.17136],[-49.31903,-25.17139],[-49.31934,-25.17145]]}},{"type":"Feature","properties":{"n":"Rua Projetada 5","h":"residential"},"geometry":{"type":"LineString","coordinates":[[-49.31782,-25.17103],[-49.31868,-25.17154]]}},{"type":"Feature","properties":{"n":"Rua Projetada 8","h":"residential"},"geometry":{"type":"LineString","coordinates":[[-49.31282,-25.16888],[-49.31279,-25.16881],[-49.3127,-25.16867],[-49.31262,-25.16849],[-49.31254,-25.16849],[-49.31249,-25.16844],[-49.31241,-25.16839],[-49.31232,-25.16836],[-49.31216,-25.16827],[-49.31211,-25.16824],[-49.31199,-25.1681]]}},{"type":"Feature","properties":{"n":"Rua Projetada 9","h":"residential"},"geometry":{"type":"LineString","coordinates":[[-49.31138,-25.16858],[-49.31146,-25.16851],[-49.31161,-25.16842],[-49.31178,-25.16828],[-49.31186,-25.16821],[-49.31199,-25.1681],[-49.31203,-25.16805],[-49.31229,-25.16779],[-49.31256,-25.16755],[-49.3127,-25.16743],[-49.31277,-25.16736],[-49.31285,-25.16725],[-49.31304,-25.16693],[-49.31311,-25.16685],[-49.31325,-25.16678],[-49.31347,-25.16673],[-49.31377,-25.16672],[-49.31409,-25.16679]]}},{"type":"Feature","properties":{"n":"Rua Quinze de Novembro","h":"residential"},"geometry":{"type":"LineString","coordinates":[[-49.31308,-25.19718],[-49.31387,-25.19603],[-49.31419,-25.19561]]}},{"type":"Feature","properties":{"n":"Rua dos Ferroviários","h":"residential"},"geometry":{"type":"LineString","coordinates":[[-49.31323,-25.19913],[-49.31329,-25.19921],[-49.31335,-25.19932],[-49.31338,-25.19941],[-49.31339,-25.19956],[-49.31338,-25.19987],[-49.31339,-25.2],[-49.31341,-25.20012],[-49.31344,-25.20023],[-49.31348,-25.20031],[-49.31356,-25.20041],[-49.31365,-25.20049],[-49.31375,-25.20057],[-49.31386,-25.20063],[-49.31402,-25.20068],[-49.3142,-25.2007],[-49.31429,-25.2007],[-49.31438,-25.20069],[-49.31451,-25.20066],[-49.31475,-25.20059],[-49.31494,-25.20049],[-49.31498,-25.2004]]}},{"type":"Feature","properties":{"n":"Vila Ricobom","h":"residential"},"geometry":{"type":"LineString","coordinates":[[-49.31565,-25.19906],[-49.31574,-25.19879],[-49.31579,-25.19867],[-49.31581,-25.19854],[-49.31584,-25.19826],[-49.31581,-25.19776],[-49.31582,-25.19755],[-49.31582,-25.19755],[-49.31585,-25.19739]]}},{"type":"Feature","properties":{"n":"Avenida Nossa Senhora do Amparo","h":"tertiary"},"geometry":{"type":"LineString","coordinates":[[-49.31649,-25.20209],[-49.31697,-25.20264],[-49.31722,-25.20295],[-49.31734,-25.20309],[-49.31769,-25.20346],[-49.31775,-25.20353],[-49.31813,-25.20395],[-49.31819,-25.20402],[-49.31825,-25.20408],[-49.31837,-25.20421],[-49.3184,-25.20424]]}},{"type":"Feature","properties":{"n":"","h":"residential"},"geometry":{"type":"LineString","coordinates":[[-49.3207,-25.17199],[-49.32063,-25.17196],[-49.32057,-25.17194],[-49.32048,-25.17196],[-49.32038,-25.172],[-49.32028,-25.17201],[-49.3202,-25.172],[-49.32012,-25.17198],[-49.32001,-25.17193],[-49.31991,-25.17189],[-49.31981,-25.17182],[-49.31975,-25.17171]]}},{"type":"Feature","properties":{"n":"","h":"residential"},"geometry":{"type":"LineString","coordinates":[[-49.32083,-25.17128],[-49.32092,-25.17115],[-49.321,-25.171],[-49.32109,-25.17083],[-49.3211,-25.17076],[-49.32108,-25.17071],[-49.32104,-25.17068],[-49.32094,-25.17065],[-49.32085,-25.17059],[-49.32075,-25.1705],[-49.32065,-25.17044],[-49.32054,-25.17038],[-49.3204,-25.17037]]}},{"type":"Feature","properties":{"n":"","h":"residential"},"geometry":{"type":"LineString","coordinates":[[-49.31046,-25.16582],[-49.31039,-25.16611],[-49.31039,-25.16628],[-49.31038,-25.16638],[-49.31029,-25.16658],[-49.31024,-25.16672],[-49.31021,-25.1668],[-49.3102,-25.16687],[-49.3102,-25.16694],[-49.31023,-25.16711],[-49.31032,-25.16733],[-49.31044,-25.16759],[-49.31056,-25.16775],[-49.31062,-25.16783],[-49.31064,-25.16786],[-49.31064,-25.16789],[-49.31062,-25.16802],[-49.31058,-25.16819]]}},{"type":"Feature","properties":{"n":"Rua Júlio Abrahan","h":"residential"},"geometry":{"type":"LineString","coordinates":[[-49.31864,-25.1747],[-49.3188,-25.17493]]}},{"type":"Feature","properties":{"n":"Rua Carlos Brandt","h":"residential"},"geometry":{"type":"LineString","coordinates":[[-49.31264,-25.19661],[-49.31327,-25.19567]]}},{"type":"Feature","properties":{"n":"","h":"residential"},"geometry":{"type":"LineString","coordinates":[[-49.31989,-25.1732],[-49.32059,-25.1736],[-49.32087,-25.17376],[-49.32094,-25.17382],[-49.32095,-25.17387]]}},{"type":"Feature","properties":{"n":"","h":"residential"},"geometry":{"type":"LineString","coordinates":[[-49.3213,-25.17154],[-49.32124,-25.17142],[-49.32117,-25.17135],[-49.32108,-25.1713],[-49.32099,-25.17128],[-49.32089,-25.17128],[-49.32083,-25.17128],[-49.32072,-25.17131],[-49.3206,-25.17132],[-49.32046,-25.17134],[-49.32031,-25.17136],[-49.32018,-25.17133],[-49.3201,-25.17128],[-49.31994,-25.17121],[-49.31981,-25.17113],[-49.31969,-25.17102],[-49.31954,-25.17093],[-49.31941,-25.17085],[-49.31928,-25.17082],[-49.31911,-25.17082],[-49.31892,-25.17082]]}},{"type":"Feature","properties":{"n":"Rua Antônio Souza Rosa","h":"residential"},"geometry":{"type":"LineString","coordinates":[[-49.31929,-25.17286],[-49.3195,-25.17287],[-49.31961,-25.17286],[-49.31974,-25.17278],[-49.31985,-25.17277],[-49.32002,-25.17278],[-49.32013,-25.17278],[-49.32027,-25.17282],[-49.32015,-25.17294],[-49.32005,-25.17304],[-49.3199,-25.17319],[-49.31989,-25.1732],[-49.31957,-25.17353],[-49.31919,-25.17385],[-49.31879,-25.17408],[-49.31849,-25.17429],[-49.31822,-25.17443],[-49.31793,-25.17466],[-49.31773,-25.1748],[-49.31759,-25.17497],[-49.31735,-25.17518],[-49.31724,-25.17535]]}},{"type":"Feature","properties":{"n":"Rua Júlio Abrahan","h":"residential"},"geometry":{"type":"LineString","coordinates":[[-49.31903,-25.17526],[-49.31948,-25.17579],[-49.31992,-25.17625]]}},{"type":"Feature","properties":{"n":"Rua Zacarias Cardoso de Cristo","h":"residential"},"geometry":{"type":"LineString","coordinates":[[-49.31891,-25.17661],[-49.31865,-25.17635],[-49.3182,-25.17584],[-49.31776,-25.17531]]}},{"type":"Feature","properties":{"n":"Rua Pastor Altair Elias Dos Santos","h":"residential"},"geometry":{"type":"LineString","coordinates":[[-49.31988,-25.17546],[-49.31948,-25.17579],[-49.31865,-25.17635],[-49.31793,-25.17683]]}},{"type":"Feature","properties":{"n":"","h":"residential"},"geometry":{"type":"LineString","coordinates":[[-49.31352,-25.19763],[-49.31369,-25.19752],[-49.31384,-25.19747],[-49.31396,-25.19747],[-49.314,-25.19753],[-49.31401,-25.19762],[-49.31388,-25.19782]]}},{"type":"Feature","properties":{"n":"","h":"residential"},"geometry":{"type":"LineString","coordinates":[[-49.32036,-25.17278],[-49.3204,-25.17275],[-49.32046,-25.17269],[-49.32057,-25.17264],[-49.32071,-25.17256]]}},{"type":"Feature","properties":{"n":"Rua Altamir Abraão","h":"residential"},"geometry":{"type":"LineString","coordinates":[[-49.31666,-25.17692],[-49.3182,-25.17584],[-49.31903,-25.17526],[-49.31983,-25.1747]]}},{"type":"Feature","properties":{"n":"Rua Pedro Cordeiro","h":"residential"},"geometry":{"type":"LineString","coordinates":[[-49.317,-25.17587],[-49.31776,-25.17531],[-49.31864,-25.1747],[-49.31967,-25.17401]]}},{"type":"Feature","properties":{"n":"","h":"residential"},"geometry":{"type":"LineString","coordinates":[[-49.32001,-25.17193],[-49.31998,-25.17173],[-49.32002,-25.17157],[-49.32008,-25.17146],[-49.32018,-25.17133]]}},{"type":"Feature","properties":{"n":"","h":"residential"},"geometry":{"type":"LineString","coordinates":[[-49.31719,-25.17131],[-49.31712,-25.17117],[-49.3171,-25.17106],[-49.31701,-25.17078],[-49.31696,-25.17061],[-49.31689,-25.17045]]}},{"type":"Feature","properties":{"n":"","h":"residential"},"geometry":{"type":"LineString","coordinates":[[-49.31409,-25.16679],[-49.31392,-25.16654],[-49.31386,-25.16647],[-49.31378,-25.16641],[-49.31367,-25.16636],[-49.31352,-25.16628],[-49.31341,-25.16621],[-49.31334,-25.16618],[-49.31324,-25.16617],[-49.31312,-25.16618],[-49.313,-25.16618],[-49.31293,-25.16615],[-49.31291,-25.16611],[-49.3129,-25.16606],[-49.31291,-25.16602],[-49.31298,-25.16594],[-49.31313,-25.16582],[-49.31325,-25.16575],[-49.31335,-25.16566],[-49.31339,-25.16559],[-49.31343,-25.16551],[-49.31343,-25.16543],[-49.31341,-25.16539],[-49.31336,-25.16534],[-49.31333,-25.1653],[-49.3133,-25.16526],[-49.31329,-25.1652],[-49.31328,-25.16505],[-49.31328,-25.16492],[-49.31326,-25.16487],[-49.31323,-25.16481],[-49.31316,-25.16477],[-49.31308,-25.16474],[-49.31299,-25.1647],[-49.31279,-25.16459],[-49.31267,-25.16452],[-49.31257,-25.16448],[-49.31247,-25.16446],[-49.31236,-25.16443],[-49.31227,-25.16439],[-49.31221,-25.16433],[-49.31217,-25.16425],[-49.31215,-25.16419],[-49.31213,-25.16402],[-49.31209,-25.16395],[-49.31198,-25.16386],[-49.31194,-25.16377],[-49.3119,-25.16358],[-49.31186,-25.16352],[-49.31171,-25.1633],[-49.31166,-25.16319],[-49.31161,-25.16309],[-49.31152,-25.16301],[-49.31139,-25.1629],[-49.3112,-25.16277],[-49.31107,-25.16265],[-49.31097,-25.16259],[-49.31092,-25.16256],[-49.31085,-25.16256],[-49.31078,-25.16256],[-49.31071,-25.16256],[-49.31068,-25.16252],[-49.31068,-25.16247],[-49.31071,-25.16238],[-49.31075,-25.16226],[-49.31077,-25.1621],[-49.31075,-25.16194],[-49.31075,-25.16178],[-49.31072,-25.16162]]}},{"type":"Feature","properties":{"n":"","h":"residential"},"geometry":{"type":"LineString","coordinates":[[-49.31311,-25.16854],[-49.313,-25.16851],[-49.31291,-25.16849],[-49.31281,-25.16848],[-49.31268,-25.16848],[-49.31262,-25.16849]]}},{"type":"Feature","properties":{"n":"","h":"residential"},"geometry":{"type":"LineString","coordinates":[[-49.32027,-25.17282],[-49.32031,-25.1728],[-49.32036,-25.17278],[-49.32044,-25.17281],[-49.32052,-25.17287],[-49.32059,-25.17295],[-49.32065,-25.17304]]}},{"type":"Feature","properties":{"n":"","h":"residential"},"geometry":{"type":"LineString","coordinates":[[-49.31125,-25.1751],[-49.31138,-25.17493],[-49.31148,-25.17478],[-49.31164,-25.17462],[-49.31179,-25.17449],[-49.3119,-25.17437],[-49.31229,-25.174],[-49.31271,-25.17359],[-49.31301,-25.17323],[-49.31328,-25.17297],[-49.31352,-25.17276],[-49.3137,-25.17254]]}},{"type":"Feature","properties":{"n":"Rua Antonio Bonfim dos Santos","h":"residential"},"geometry":{"type":"LineString","coordinates":[[-49.31317,-25.16814],[-49.31302,-25.16809],[-49.31291,-25.16807],[-49.31281,-25.16805],[-49.3127,-25.16805],[-49.31257,-25.16805],[-49.31232,-25.16806],[-49.31225,-25.16806],[-49.31216,-25.16806],[-49.31203,-25.16805]]}},{"type":"Feature","properties":{"n":"","h":"residential"},"geometry":{"type":"LineString","coordinates":[[-49.3207,-25.17199],[-49.32072,-25.17204],[-49.32069,-25.1721],[-49.32067,-25.17219],[-49.32061,-25.17226],[-49.32032,-25.1724],[-49.32021,-25.17248],[-49.32016,-25.17255],[-49.32016,-25.17264],[-49.32014,-25.17273],[-49.32013,-25.17278]]}},{"type":"Feature","properties":{"n":"","h":"residential"},"geometry":{"type":"LineString","coordinates":[[-49.32179,-25.17006],[-49.3216,-25.16995],[-49.32146,-25.1699],[-49.32137,-25.16988],[-49.3213,-25.16989],[-49.32124,-25.16992],[-49.3212,-25.16996],[-49.32084,-25.17043],[-49.32075,-25.1705]]}},{"type":"Feature","properties":{"n":"Rua Acácia","h":"residential"},"geometry":{"type":"LineString","coordinates":[[-49.3005,-25.19499],[-49.30071,-25.1956],[-49.30072,-25.19569],[-49.30071,-25.19581],[-49.30072,-25.19591],[-49.30086,-25.19622],[-49.30097,-25.1965],[-49.3011,-25.19692],[-49.30119,-25.19711]]}},{"type":"Feature","properties":{"n":"Rua Anjico","h":"residential"},"geometry":{"type":"LineString","coordinates":[[-49.3,-25.19505],[-49.30013,-25.19535],[-49.30017,-25.19547],[-49.30035,-25.19604],[-49.30044,-25.19633],[-49.30064,-25.19695],[-49.30083,-25.19752]]}},{"type":"Feature","properties":{"n":"Rua Antônio Orlando Nodari","h":"residential"},"geometry":{"type":"LineString","coordinates":[[-49.31009,-25.19545],[-49.30982,-25.19544],[-49.30959,-25.19535],[-49.30938,-25.1952],[-49.30929,-25.19515],[-49.30913,-25.19512],[-49.30878,-25.19503],[-49.30845,-25.19494],[-49.30824,-25.19489],[-49.30814,-25.19482],[-49.30801,-25.19467],[-49.30777,-25.19448],[-49.30764,-25.19436],[-49.30707,-25.19397],[-49.30668,-25.19381]]}},{"type":"Feature","properties":{"n":"Rua Arobira","h":"residential"},"geometry":{"type":"LineString","coordinates":[[-49.30035,-25.19604],[-49.30021,-25.19603],[-49.30012,-25.19604],[-49.29937,-25.19631]]}},{"type":"Feature","properties":{"n":"Rua Belmiro Gouveia","h":"tertiary"},"geometry":{"type":"LineString","coordinates":[[-49.32582,-25.20569],[-49.32574,-25.20572],[-49.32569,-25.20573],[-49.32565,-25.20574],[-49.3253,-25.20573],[-49.32462,-25.20571],[-49.32437,-25.20571],[-49.32428,-25.20571],[-49.3241,-25.2057],[-49.32405,-25.20569],[-49.32388,-25.20567],[-49.3238,-25.20565],[-49.32373,-25.20561],[-49.32363,-25.20552],[-49.32357,-25.20542],[-49.32353,-25.20529],[-49.32352,-25.20514],[-49.32353,-25.20502],[-49.32356,-25.20493],[-49.32359,-25.20487]]}},{"type":"Feature","properties":{"n":"Rua Benjamin Constant","h":"residential"},"geometry":{"type":"LineString","coordinates":[[-49.32405,-25.20569],[-49.32405,-25.20572],[-49.32407,-25.20611],[-49.32406,-25.20643],[-49.32407,-25.20652],[-49.32408,-25.20659],[-49.32412,-25.20668],[-49.32419,-25.20673],[-49.32429,-25.20682],[-49.32437,-25.2069],[-49.32441,-25.20699],[-49.32439,-25.2071],[-49.32435,-25.20718],[-49.32426,-25.20729],[-49.32418,-25.20743],[-49.32415,-25.20749],[-49.32412,-25.20761],[-49.32411,-25.2077],[-49.32413,-25.2078],[-49.32416,-25.2079],[-49.32418,-25.20799],[-49.32419,-25.2081],[-49.32419,-25.20822],[-49.3242,-25.20831],[-49.32421,-25.20837],[-49.32427,-25.20858],[-49.32432,-25.20887],[-49.32438,-25.20903],[-49.32437,-25.20914],[-49.32433,-25.20922],[-49.32423,-25.20934]]}},{"type":"Feature","properties":{"n":"Rua Canela","h":"residential"},"geometry":{"type":"LineString","coordinates":[[-49.2997,-25.1974],[-49.29901,-25.19776]]}},{"type":"Feature","properties":{"n":"Rua Cedro","h":"residential"},"geometry":{"type":"LineString","coordinates":[[-49.29812,-25.19473],[-49.29739,-25.19527]]}},{"type":"Feature","properties":{"n":"Rua Cerejeira","h":"residential"},"geometry":{"type":"LineString","coordinates":[[-49.29951,-25.19677],[-49.29927,-25.1969],[-49.29909,-25.19701],[-49.299,-25.19705],[-49.29847,-25.19727]]}},{"type":"Feature","properties":{"n":"Rua Coqueiros","h":"residential"},"geometry":{"type":"LineString","coordinates":[[-49.29861,-25.19532],[-49.29841,-25.19547],[-49.29801,-25.1958]]}},{"type":"Feature","properties":{"n":"Rua Governador Mário Covas","h":"residential"},"geometry":{"type":"LineString","coordinates":[[-49.30845,-25.19494],[-49.30884,-25.19465]]}},{"type":"Feature","properties":{"n":"Rua Itália","h":"residential"},"geometry":{"type":"LineString","coordinates":[[-49.30878,-25.19503],[-49.30828,-25.1954],[-49.30795,-25.19577],[-49.30763,-25.19556],[-49.30749,-25.19553]]}},{"type":"Feature","properties":{"n":"Rua Jacarandá","h":"tertiary"},"geometry":{"type":"LineString","coordinates":[[-49.29857,-25.19347],[-49.29899,-25.19397]]}},{"type":"Feature","properties":{"n":"Rua Jequitibá","h":"residential"},"geometry":{"type":"LineString","coordinates":[[-49.29917,-25.19298],[-49.29947,-25.19327],[-49.2997,-25.19355],[-49.29987,-25.19373],[-49.29991,-25.1938],[-49.29994,-25.19388],[-49.29994,-25.19401]]}},{"type":"Feature","properties":{"n":"Rua Machado de Assis","h":"tertiary"},"geometry":{"type":"LineString","coordinates":[[-49.3222,-25.20365],[-49.3223,-25.20376],[-49.32269,-25.20402],[-49.32275,-25.20406],[-49.32311,-25.20431],[-49.32328,-25.20447],[-49.32359,-25.20487]]}},{"type":"Feature","properties":{"n":"Rua Orlando Nodari","h":"residential"},"geometry":{"type":"LineString","coordinates":[[-49.29927,-25.19606],[-49.29937,-25.19631],[-49.29944,-25.19656],[-49.29948,-25.19668],[-49.29951,-25.19677],[-49.29962,-25.1971],[-49.29969,-25.19732],[-49.2997,-25.1974],[-49.29977,-25.19756],[-49.29989,-25.19785],[-49.29993,-25.19788],[-49.29999,-25.19788]]}},{"type":"Feature","properties":{"n":"","h":"residential"},"geometry":{"type":"LineString","coordinates":[[-49.29549,-25.19034],[-49.29564,-25.19051],[-49.2957,-25.19062],[-49.29577,-25.19078],[-49.29581,-25.19087],[-49.29585,-25.19098],[-49.29587,-25.19115],[-49.29588,-25.19127],[-49.29589,-25.19137],[-49.29591,-25.19144],[-49.29594,-25.19149],[-49.29599,-25.19154]]}},{"type":"Feature","properties":{"n":"Rua Rodrigues Alves","h":"tertiary"},"geometry":{"type":"LineString","coordinates":[[-49.3245,-25.20439],[-49.3243,-25.20421],[-49.3242,-25.20414],[-49.32405,-25.20409],[-49.32396,-25.20407],[-49.32382,-25.20401],[-49.32355,-25.20385],[-49.32303,-25.20356],[-49.32267,-25.20332]]}},{"type":"Feature","properties":{"n":"Rua Teofilo Otoni","h":"residential"},"geometry":{"type":"LineString","coordinates":[[-49.32455,-25.20628],[-49.32406,-25.20643],[-49.32273,-25.20711],[-49.32231,-25.20733],[-49.32147,-25.20779],[-49.32069,-25.20818]]}},{"type":"Feature","properties":{"n":"Travessa Baguacu","h":"residential"},"geometry":{"type":"LineString","coordinates":[[-49.30044,-25.19633],[-49.29948,-25.19668]]}},{"type":"Feature","properties":{"n":"Travessa Bananeira","h":"residential"},"geometry":{"type":"LineString","coordinates":[[-49.29999,-25.19788],[-49.30064,-25.19769],[-49.3008,-25.19761],[-49.30082,-25.19757],[-49.30083,-25.19752]]}},{"type":"Feature","properties":{"n":"Travessa Bracatinga","h":"residential"},"geometry":{"type":"LineString","coordinates":[[-49.30064,-25.19695],[-49.29988,-25.19727],[-49.29969,-25.19732]]}},{"type":"Feature","properties":{"n":"Travessa Carnaúba","h":"residential"},"geometry":{"type":"LineString","coordinates":[[-49.29831,-25.19669],[-49.29801,-25.1958]]}},{"type":"Feature","properties":{"n":"Travessa Ipê","h":"residential"},"geometry":{"type":"LineString","coordinates":[[-49.2988,-25.19491],[-49.29924,-25.19461],[-49.29932,-25.19452],[-49.29937,-25.19443]]}},{"type":"Feature","properties":{"n":"Travessa Jatobá","h":"tertiary"},"geometry":{"type":"LineString","coordinates":[[-49.29808,-25.19468],[-49.29899,-25.19397]]}},{"type":"Feature","properties":{"n":"Travessa Jorge Coutinho","h":"residential"},"geometry":{"type":"LineString","coordinates":[[-49.32441,-25.20457],[-49.32467,-25.2047],[-49.32496,-25.20483],[-49.32525,-25.20498],[-49.32538,-25.20508],[-49.32547,-25.20516],[-49.32557,-25.20528],[-49.32562,-25.20539],[-49.32566,-25.20548],[-49.32567,-25.20557],[-49.32569,-25.20573]]}},{"type":"Feature","properties":{"n":"","h":"residential"},"geometry":{"type":"LineString","coordinates":[[-49.30744,-25.19477],[-49.30736,-25.19485],[-49.30726,-25.19486],[-49.30718,-25.19483],[-49.30711,-25.19476],[-49.30708,-25.19469],[-49.30709,-25.19463],[-49.30727,-25.19447]]}},{"type":"Feature","properties":{"n":"","h":"residential"},"geometry":{"type":"LineString","coordinates":[[-49.32293,-25.20536],[-49.32288,-25.20539],[-49.32262,-25.20552],[-49.32247,-25.20561],[-49.32236,-25.20567],[-49.32224,-25.20577],[-49.32207,-25.2059],[-49.3214,-25.20634],[-49.32078,-25.20675],[-49.32045,-25.20697],[-49.31973,-25.20612],[-49.31965,-25.20598],[-49.31963,-25.20589],[-49.31963,-25.20581],[-49.31964,-25.20569],[-49.31969,-25.20545],[-49.31974,-25.20525],[-49.31976,-25.20508],[-49.31968,-25.20483]]}},{"type":"Feature","properties":{"n":"","h":"residential"},"geometry":{"type":"LineString","coordinates":[[-49.29979,-25.19198],[-49.29958,-25.19198],[-49.29936,-25.19202],[-49.29921,-25.1921],[-49.29903,-25.19219],[-49.29888,-25.19229],[-49.2987,-25.19244],[-49.29856,-25.19243],[-49.29826,-25.19235],[-49.29801,-25.19223],[-49.29773,-25.19211],[-49.29744,-25.19201],[-49.29731,-25.19195],[-49.2972,-25.19189]]}},{"type":"Feature","properties":{"n":"Rua Alo Brandt","h":"residential"},"geometry":{"type":"LineString","coordinates":[[-49.30204,-25.1944],[-49.30217,-25.19458],[-49.30224,-25.19474],[-49.3023,-25.19498],[-49.30241,-25.19537],[-49.30251,-25.19571],[-49.3026,-25.19607],[-49.30268,-25.19626],[-49.30273,-25.1963],[-49.30285,-25.19633],[-49.30294,-25.19635]]}},{"type":"Feature","properties":{"n":"","h":"residential"},"geometry":{"type":"LineString","coordinates":[[-49.30386,-25.1959],[-49.30379,-25.19576],[-49.30375,-25.19567],[-49.30372,-25.19558],[-49.30372,-25.19555],[-49.30374,-25.19546],[-49.30374,-25.19543],[-49.3037,-25.19534],[-49.30368,-25.19524],[-49.30368,-25.19513],[-49.30367,-25.19504],[-49.30364,-25.19494],[-49.3036,-25.19482],[-49.30359,-25.19471],[-49.3036,-25.19468],[-49.30363,-25.19465],[-49.30371,-25.19463],[-49.30389,-25.19463],[-49.30398,-25.19464]]}},{"type":"Feature","properties":{"n":"","h":"residential"},"geometry":{"type":"LineString","coordinates":[[-49.30777,-25.19448],[-49.30744,-25.19477]]}},{"type":"Feature","properties":{"n":"","h":"residential"},"geometry":{"type":"LineString","coordinates":[[-49.32354,-25.20587],[-49.3234,-25.20582],[-49.32328,-25.20579],[-49.32321,-25.20576],[-49.32315,-25.20572],[-49.32309,-25.20566],[-49.32303,-25.20561],[-49.323,-25.20559],[-49.32296,-25.20559],[-49.3229,-25.2056],[-49.32286,-25.20562],[-49.32285,-25.20565],[-49.32282,-25.20568],[-49.32279,-25.20573]]}},{"type":"Feature","properties":{"n":"","h":"residential"},"geometry":{"type":"LineString","coordinates":[[-49.2987,-25.19244],[-49.29867,-25.19252],[-49.29863,-25.19261],[-49.29854,-25.1927],[-49.2983,-25.19286],[-49.29803,-25.19302],[-49.29791,-25.1931],[-49.2978,-25.19323],[-49.29768,-25.19336],[-49.29745,-25.19351],[-49.29714,-25.19367],[-49.29699,-25.19373],[-49.29691,-25.19373],[-49.29686,-25.19373],[-49.29684,-25.19372],[-49.29683,-25.1937],[-49.29682,-25.19366],[-49.29681,-25.19358],[-49.29676,-25.19345],[-49.29671,-25.19331],[-49.29666,-25.19328],[-49.29658,-25.19325],[-49.29652,-25.19325],[-49.29643,-25.19324]]}},{"type":"Feature","properties":{"n":"","h":"residential"},"geometry":{"type":"LineString","coordinates":[[-49.29633,-25.19256],[-49.29712,-25.19212],[-49.29721,-25.19205],[-49.29731,-25.19195]]}},{"type":"Feature","properties":{"n":"","h":"residential"},"geometry":{"type":"LineString","coordinates":[[-49.32224,-25.20577],[-49.32216,-25.20573],[-49.32198,-25.20567],[-49.3219,-25.20563],[-49.32174,-25.20557],[-49.32162,-25.20547],[-49.32148,-25.20529],[-49.32134,-25.20512],[-49.32129,-25.20505],[-49.32084,-25.20456]]}},{"type":"Feature","properties":{"n":"","h":"residential"},"geometry":{"type":"LineString","coordinates":[[-49.30847,-25.19447],[-49.30814,-25.19482]]}},{"type":"Feature","properties":{"n":"","h":"residential"},"geometry":{"type":"LineString","coordinates":[[-49.32262,-25.20552],[-49.32188,-25.20465],[-49.32145,-25.20414]]}},{"type":"Feature","properties":{"n":"Rua Antônio Fiorese","h":"residential"},"geometry":{"type":"LineString","coordinates":[[-49.29979,-25.19198],[-49.29985,-25.19183],[-49.30001,-25.19146],[-49.30008,-25.19118],[-49.30014,-25.19106],[-49.30024,-25.19099],[-49.30032,-25.19097],[-49.30041,-25.19096],[-49.30052,-25.19099],[-49.30061,-25.19106],[-49.30069,-25.19115],[-49.3008,-25.19125],[-49.30094,-25.19134],[-49.30105,-25.19138],[-49.30117,-25.1914],[-49.30131,-25.19135],[-49.30142,-25.19132],[-49.30154,-25.19131],[-49.30163,-25.19133],[-49.30173,-25.19137],[-49.30182,-25.19141],[-49.30189,-25.19149],[-49.30195,-25.19159],[-49.30198,-25.19169],[-49.30186,-25.19197],[-49.30167,-25.19239],[-49.30154,-25.1926],[-49.30141,-25.19276],[-49.30135,-25.19286],[-49.30135,-25.19291],[-49.30137,-25.19296],[-49.30139,-25.193],[-49.30144,-25.19304],[-49.30148,-25.19306],[-49.30154,-25.19306],[-49.3016,-25.19305],[-49.30167,-25.19303],[-49.30182,-25.19296],[-49.30196,-25.19287],[-49.30212,-25.19279],[-49.30229,-25.19272],[-49.30249,-25.19267],[-49.30267,-25.19265],[-49.3029,-25.19267],[-49.30311,-25.1927],[-49.30345,-25.19276],[-49.30357,-25.19278],[-49.30378,-25.19284],[-49.30399,-25.19291],[-49.30421,-25.19297]]}},{"type":"Feature","properties":{"n":"","h":"residential"},"geometry":{"type":"LineString","coordinates":[[-49.3238,-25.20565],[-49.32372,-25.20575],[-49.32362,-25.20582],[-49.32354,-25.20587],[-49.32342,-25.20594],[-49.3232,-25.20605],[-49.32314,-25.20609],[-49.32302,-25.2062]]}},{"type":"Feature","properties":{"n":"","h":"residential"},"geometry":{"type":"LineString","coordinates":[[-49.32275,-25.20406],[-49.32188,-25.20465],[-49.32129,-25.20505],[-49.32069,-25.20548],[-49.32007,-25.2059],[-49.31973,-25.20612]]}},{"type":"Feature","properties":{"n":"Rua João Batista Zen","h":"tertiary"},"geometry":{"type":"LineString","coordinates":[[-49.3222,-25.20365],[-49.32163,-25.20399],[-49.32145,-25.20414],[-49.32084,-25.20456],[-49.32067,-25.2046],[-49.32031,-25.20466],[-49.32008,-25.20471],[-49.31968,-25.20483],[-49.31941,-25.20489]]}},{"type":"Feature","properties":{"n":"","h":"residential"},"geometry":{"type":"LineString","coordinates":[[-49.2962,-25.19331],[-49.29643,-25.19324],[-49.29661,-25.19317],[-49.29684,-25.19308],[-49.29715,-25.19291],[-49.29753,-25.19261],[-49.29782,-25.19237],[-49.29801,-25.19223]]}},{"type":"Feature","properties":{"n":"Rua Santa Terezinha","h":"residential"},"geometry":{"type":"LineString","coordinates":[[-49.32156,-25.1873],[-49.32182,-25.18785],[-49.32191,-25.18803],[-49.32197,-25.18811],[-49.32203,-25.18814],[-49.32212,-25.18817],[-49.32224,-25.18823],[-49.3223,-25.18827],[-49.32233,-25.1883],[-49.32235,-25.18835],[-49.32239,-25.18845],[-49.32243,-25.18848],[-49.32248,-25.1885],[-49.32254,-25.18849],[-49.32262,-25.18845]]}},{"type":"Feature","properties":{"n":"Rua Alo Brandt","h":"residential"},"geometry":{"type":"LineString","coordinates":[[-49.30973,-25.20034],[-49.30944,-25.20038],[-49.30922,-25.20041],[-49.30908,-25.2004],[-49.30895,-25.2004],[-49.30887,-25.20039],[-49.30879,-25.20037],[-49.30873,-25.20037],[-49.30867,-25.20037],[-49.30861,-25.2004],[-49.30854,-25.20044],[-49.30848,-25.20048],[-49.30844,-25.20051],[-49.3084,-25.20055],[-49.30834,-25.20059],[-49.30829,-25.20063],[-49.30826,-25.20068],[-49.30822,-25.20073],[-49.30816,-25.20084],[-49.30808,-25.20093],[-49.30788,-25.20114],[-49.30783,-25.20119],[-49.30775,-25.20127],[-49.30771,-25.20131],[-49.30763,-25.20137],[-49.30753,-25.20141],[-49.30733,-25.20147],[-49.3072,-25.20151],[-49.3068,-25.20164],[-49.30635,-25.20179],[-49.30596,-25.20192],[-49.30532,-25.20211]]}},{"type":"Feature","properties":{"n":"Rua da Brascal","h":"residential"},"geometry":{"type":"LineString","coordinates":[[-49.30974,-25.21137],[-49.30962,-25.2113],[-49.30914,-25.21109],[-49.30893,-25.21099],[-49.30875,-25.21089],[-49.30852,-25.21075],[-49.30836,-25.21067],[-49.30824,-25.21062],[-49.30812,-25.21058],[-49.308,-25.21057],[-49.30775,-25.21056],[-49.30766,-25.21057],[-49.30761,-25.21058],[-49.30739,-25.2106],[-49.30731,-25.21062]]}},{"type":"Feature","properties":{"n":"Rua da Granisul","h":"residential"},"geometry":{"type":"LineString","coordinates":[[-49.30761,-25.21058],[-49.30757,-25.21036],[-49.30753,-25.21018],[-49.30752,-25.21005],[-49.3076,-25.21002],[-49.3077,-25.21],[-49.30783,-25.20999],[-49.30792,-25.20994],[-49.30799,-25.20987],[-49.30812,-25.20971]]}},{"type":"Feature","properties":{"n":"","h":"residential"},"geometry":{"type":"LineString","coordinates":[[-49.30869,-25.21459],[-49.30866,-25.21481],[-49.30863,-25.21489],[-49.3086,-25.21496],[-49.30851,-25.21502],[-49.30839,-25.21509],[-49.3083,-25.21514],[-49.30823,-25.21518],[-49.30817,-25.21521],[-49.30812,-25.21522]]}},{"type":"Feature","properties":{"n":"","h":"residential"},"geometry":{"type":"LineString","coordinates":[[-49.30248,-25.20233],[-49.30242,-25.20265],[-49.30236,-25.20281],[-49.30234,-25.20287],[-49.30231,-25.20293],[-49.30228,-25.20296],[-49.30224,-25.20298],[-49.30219,-25.20298],[-49.30214,-25.20297],[-49.30208,-25.20293]]}},{"type":"Feature","properties":{"n":"","h":"residential"},"geometry":{"type":"LineString","coordinates":[[-49.31106,-25.20804],[-49.31099,-25.20809],[-49.31095,-25.20814],[-49.31092,-25.20818],[-49.31087,-25.20824],[-49.31085,-25.20828],[-49.31084,-25.20831],[-49.31085,-25.20835],[-49.31086,-25.20838],[-49.3109,-25.20845]]}},{"type":"Feature","properties":{"n":"","h":"residential"},"geometry":{"type":"LineString","coordinates":[[-49.31157,-25.20827],[-49.31174,-25.20802],[-49.3118,-25.20789],[-49.31187,-25.20768],[-49.31192,-25.2076],[-49.31197,-25.20755],[-49.31204,-25.20751],[-49.31213,-25.20746],[-49.31227,-25.20745],[-49.31241,-25.20747],[-49.31256,-25.2075],[-49.31283,-25.20755],[-49.31311,-25.2076]]}},{"type":"Feature","properties":{"n":"","h":"residential"},"geometry":{"type":"LineString","coordinates":[[-49.30959,-25.2124],[-49.30947,-25.21239],[-49.30933,-25.21241],[-49.30921,-25.21243],[-49.30905,-25.21245],[-49.30891,-25.21248],[-49.30876,-25.21251]]}},{"type":"Feature","properties":{"n":"","h":"residential"},"geometry":{"type":"LineString","coordinates":[[-49.29906,-25.22068],[-49.29909,-25.22061]]}},{"type":"Feature","properties":{"n":"Rua Aires Kachoroski","h":"residential"},"geometry":{"type":"LineString","coordinates":[[-49.3036,-25.21618],[-49.30347,-25.2161],[-49.30297,-25.21595]]}},{"type":"Feature","properties":{"n":"","h":"residential"},"geometry":{"type":"LineString","coordinates":[[-49.2989,-25.22136],[-49.29867,-25.22173],[-49.29857,-25.22198],[-49.29842,-25.22229],[-49.29831,-25.22255]]}},{"type":"Feature","properties":{"n":"Rua José Pedroso dos Santos","h":"residential"},"geometry":{"type":"LineString","coordinates":[[-49.30428,-25.21554],[-49.30418,-25.21544],[-49.30303,-25.21473],[-49.30293,-25.21471],[-49.3028,-25.21474],[-49.30264,-25.21483],[-49.30254,-25.21491],[-49.30242,-25.21502],[-49.30227,-25.21519],[-49.30212,-25.21534],[-49.30202,-25.21544],[-49.30194,-25.21552],[-49.30189,-25.21556],[-49.30183,-25.2156],[-49.30172,-25.21561],[-49.30161,-25.2156],[-49.30152,-25.2156],[-49.30144,-25.21559],[-49.30136,-25.21556],[-49.30131,-25.21551],[-49.30126,-25.21545],[-49.30118,-25.21527],[-49.30085,-25.2148],[-49.30031,-25.21402]]}},{"type":"Feature","properties":{"n":"Rua 3","h":"residential"},"geometry":{"type":"LineString","coordinates":[[-49.3034,-25.21684],[-49.3033,-25.21685],[-49.30316,-25.21687],[-49.30302,-25.2169],[-49.30279,-25.21696],[-49.3025,-25.21694],[-49.30234,-25.21691],[-49.30222,-25.21688],[-49.3021,-25.21688],[-49.30198,-25.21691],[-49.30188,-25.21693],[-49.30174,-25.2169],[-49.3015,-25.21682],[-49.30132,-25.2167],[-49.30119,-25.21658],[-49.301,-25.21645],[-49.30097,-25.21641],[-49.30097,-25.21637],[-49.30099,-25.21635],[-49.30101,-25.21634],[-49.3012,-25.21634],[-49.30154,-25.21637],[-49.30158,-25.21636],[-49.30162,-25.21633],[-49.30172,-25.21621]]}},{"type":"Feature","properties":{"n":"","h":"residential"},"geometry":{"type":"LineString","coordinates":[[-49.30812,-25.21522],[-49.308,-25.21522],[-49.30787,-25.21518],[-49.30778,-25.21514],[-49.30765,-25.21506],[-49.30758,-25.21502],[-49.30752,-25.21499],[-49.30743,-25.21493],[-49.30733,-25.21487],[-49.30703,-25.21485],[-49.30689,-25.21484],[-49.30676,-25.21482],[-49.30663,-25.2148],[-49.30644,-25.21476],[-49.30633,-25.21474],[-49.30618,-25.21471],[-49.30609,-25.21469],[-49.30596,-25.21468],[-49.30589,-25.21467],[-49.30585,-25.21466],[-49.30578,-25.21463]]}},{"type":"Feature","properties":{"n":"","h":"residential"},"geometry":{"type":"LineString","coordinates":[[-49.30367,-25.21586],[-49.30303,-25.21552],[-49.30267,-25.21529]]}},{"type":"Feature","properties":{"n":"Rua Roberto Ferreira da Silva","h":"residential"},"geometry":{"type":"LineString","coordinates":[[-49.30429,-25.21457],[-49.30398,-25.21432],[-49.30386,-25.21422]]}},{"type":"Feature","properties":{"n":"","h":"unclassified"},"geometry":{"type":"LineString","coordinates":[[-49.3057,-25.2143],[-49.30579,-25.21435],[-49.30589,-25.21437],[-49.30601,-25.21437],[-49.30611,-25.21438],[-49.30623,-25.21437],[-49.30641,-25.21438],[-49.30656,-25.2144],[-49.30669,-25.21442],[-49.30681,-25.21445],[-49.30696,-25.21449],[-49.30708,-25.21454],[-49.30723,-25.21458],[-49.30742,-25.21463],[-49.30755,-25.21467],[-49.30768,-25.2147],[-49.30778,-25.21472],[-49.30795,-25.21475],[-49.30805,-25.21475],[-49.30819,-25.21473],[-49.30826,-25.21471],[-49.30837,-25.21467],[-49.30844,-25.21464],[-49.30855,-25.21457],[-49.30866,-25.21448],[-49.30873,-25.21441],[-49.30881,-25.21431],[-49.30885,-25.21424],[-49.30887,-25.21411],[-49.3089,-25.21404],[-49.30898,-25.21394],[-49.30909,-25.21377]]}},{"type":"Feature","properties":{"n":"","h":"residential"},"geometry":{"type":"LineString","coordinates":[[-49.30903,-25.21275],[-49.30897,-25.21286],[-49.30895,-25.21289],[-49.3089,-25.21297],[-49.30883,-25.21308]]}},{"type":"Feature","properties":{"n":"","h":"unclassified"},"geometry":{"type":"LineString","coordinates":[[-49.30567,-25.21456],[-49.30567,-25.2144],[-49.30567,-25.21426],[-49.30567,-25.2142]]}},{"type":"Feature","properties":{"n":"","h":"unclassified"},"geometry":{"type":"LineString","coordinates":[[-49.30587,-25.21449],[-49.30573,-25.21435],[-49.3057,-25.2143],[-49.30567,-25.21426]]}},{"type":"Feature","properties":{"n":"","h":"unclassified"},"geometry":{"type":"LineString","coordinates":[[-49.29482,-25.14287],[-49.29473,-25.14272],[-49.29463,-25.14263],[-49.29451,-25.14256],[-49.29441,-25.14247],[-49.29435,-25.14238],[-49.29431,-25.14228],[-49.2943,-25.14212],[-49.2943,-25.14192],[-49.29433,-25.14176],[-49.29435,-25.14166],[-49.29436,-25.14153],[-49.29433,-25.1414],[-49.29426,-25.14132],[-49.29412,-25.14122],[-49.29399,-25.14112],[-49.29387,-25.14105],[-49.29373,-25.14098],[-49.29359,-25.14095],[-49.29348,-25.14097],[-49.29337,-25.14101],[-49.29327,-25.14106],[-49.29321,-25.14111],[-49.29307,-25.14114],[-49.29292,-25.14115],[-49.29284,-25.14113],[-49.29278,-25.14109],[-49.29272,-25.14105],[-49.2926,-25.14099],[-49.29248,-25.14095],[-49.29233,-25.14093],[-49.29224,-25.14092],[-49.29211,-25.1409],[-49.29195,-25.14081],[-49.29176,-25.14062],[-49.29161,-25.14049],[-49.29138,-25.14034],[-49.29113,-25.14025],[-49.29085,-25.14015],[-49.29076,-25.14008],[-49.29062,-25.13998],[-49.2905,-25.13987],[-49.29044,-25.13977],[-49.2904,-25.13966],[-49.29041,-25.13949],[-49.29037,-25.13926],[-49.29029,-25.13907],[-49.2902,-25.13883],[-49.29016,-25.13871],[-49.29006,-25.13859],[-49.28989,-25.13849],[-49.2898,-25.13842],[-49.28962,-25.13831],[-49.28944,-25.13829],[-49.28934,-25.13834],[-49.28925,-25.13839],[-49.28913,-25.13844],[-49.28903,-25.13847],[-49.2889,-25.13847],[-49.28872,-25.13847],[-49.28857,-25.13846],[-49.2884,-25.13841],[-49.28828,-25.13833],[-49.28819,-25.1383],[-49.28805,-25.13826],[-49.28792,-25.13821],[-49.2878,-25.13816],[-49.28762,-25.13804],[-49.28749,-25.13794],[-49.28719,-25.1377],[-49.28676,-25.13733],[-49.28664,-25.13728],[-49.28633,-25.13717],[-49.28602,-25.13711],[-49.28586,-25.13711],[-49.2857,-25.13721],[-49.28544,-25.13732],[-49.28532,-25.1373],[-49.28505,-25.13721],[-49.28488,-25.13708],[-49.2846,-25.13701],[-49.2844,-25.13703],[-49.28418,-25.13713],[-49.28403,-25.13706],[-49.28391,-25.13689],[-49.2838,-25.13643],[-49.28374,-25.13616],[-49.28363,-25.13595],[-49.28342,-25.13565],[-49.2831,-25.13513],[-49.28237,-25.13433],[-49.28212,-25.1341],[-49.28197,-25.13397],[-49.28183,-25.13372],[-49.28169,-25.13359],[-49.28121,-25.13343],[-49.28086,-25.13329],[-49.28037,-25.13303],[-49.28008,-25.1329],[-49.27945,-25.13265],[-49.27912,-25.13242],[-49.279,-25.13222],[-49.27885,-25.132],[-49.2787,-25.13182],[-49.2786,-25.1316],[-49.27851,-25.13134],[-49.27841,-25.13122],[-49.27828,-25.13113],[-49.27792,-25.13079],[-49.27772,-25.13054],[-49.27755,-25.13015],[-49.27744,-25.13001],[-49.27732,-25.12988],[-49.27716,-25.12969],[-49.27708,-25.12953],[-49.27699,-25.12944],[-49.27688,-25.12936],[-49.27659,-25.12925],[-49.27635,-25.12909],[-49.27614,-25.12889],[-49.27596,-25.1287],[-49.27575,-25.12851],[-49.27562,-25.12842],[-49.27548,-25.12837],[-49.27529,-25.12836],[-49.27507,-25.12838],[-49.27472,-25.12834],[-49.27444,-25.12824],[-49.27389,-25.12788],[-49.27346,-25.12759],[-49.27286,-25.12718],[-49.27244,-25.12698],[-49.27217,-25.12696],[-49.27196,-25.12693],[-49.27175,-25.12688],[-49.27162,-25.1268],[-49.27158,-25.12668],[-49.27159,-25.12652],[-49.27154,-25.12629],[-49.27146,-25.12613],[-49.27144,-25.12602],[-49.27148,-25.12584],[-49.27158,-25.12559],[-49.27155,-25.12549],[-49.2714,-25.12541],[-49.27123,-25.12533],[-49.27075,-25.12519],[-49.27038,-25.12498],[-49.27022,-25.12481],[-49.27006,-25.1246],[-49.2699,-25.12446],[-49.26975,-25.12443],[-49.26937,-25.12443],[-49.26906,-25.12436],[-49.26853,-25.12429],[-49.26807,-25.12416],[-49.26773,-25.12416],[-49.26751,-25.12421],[-49.26736,-25.1242],[-49.26715,-25.1241],[-49.26704,-25.12394],[-49.26698,-25.12377],[-49.26697,-25.12357],[-49.26689,-25.12332],[-49.26668,-25.12311],[-49.26639,-25.12293],[-49.26588,-25.12268],[-49.2655,-25.12253],[-49.26529,-25.12236],[-49.26514,-25.12222],[-49.26501,-25.12219],[-49.26471,-25.12212],[-49.26448,-25.122],[-49.26423,-25.12181],[-49.26395,-25.12159],[-49.26379,-25.1215],[-49.26351,-25.12135],[-49.26324,-25.12106],[-49.263,-25.1208],[-49.26296,-25.12072],[-49.26293,-25.1206]]}},{"type":"Feature","properties":{"n":"","h":"residential"},"geometry":{"type":"LineString","coordinates":[[-49.30685,-25.21463],[-49.30628,-25.2146],[-49.30608,-25.2146],[-49.30578,-25.21463],[-49.30559,-25.21461]]}},{"type":"Feature","properties":{"n":"","h":"residential"},"geometry":{"type":"LineString","coordinates":[[-49.30303,-25.21552],[-49.30291,-25.21576],[-49.30289,-25.21579],[-49.30287,-25.2158],[-49.30285,-25.21581],[-49.30282,-25.2158],[-49.30278,-25.21578],[-49.30275,-25.21577],[-49.30262,-25.21607],[-49.30257,-25.21615],[-49.30249,-25.21625],[-49.30241,-25.21633]]}},{"type":"Feature","properties":{"n":"","h":"residential"},"geometry":{"type":"LineString","coordinates":[[-49.31136,-25.20819],[-49.31143,-25.20813],[-49.31163,-25.20795]]}},{"type":"Feature","properties":{"n":"","h":"residential"},"geometry":{"type":"LineString","coordinates":[[-49.30775,-25.20127],[-49.30768,-25.20144],[-49.30758,-25.20157],[-49.30741,-25.20175],[-49.30708,-25.20208],[-49.30675,-25.20242],[-49.30652,-25.20259],[-49.30631,-25.20268],[-49.30618,-25.20272],[-49.30589,-25.20286],[-49.30574,-25.2029],[-49.3056,-25.20296],[-49.30544,-25.20302],[-49.30531,-25.20305],[-49.3052,-25.20305],[-49.30514,-25.20304],[-49.305,-25.20301],[-49.30482,-25.20299],[-49.3047,-25.20297],[-49.30462,-25.20294],[-49.30451,-25.20288],[-49.30444,-25.20282],[-49.30439,-25.20277],[-49.30432,-25.20276],[-49.30424,-25.20275],[-49.30417,-25.20275],[-49.30408,-25.20276],[-49.30396,-25.20276],[-49.30384,-25.20275],[-49.3037,-25.20271],[-49.3036,-25.20268],[-49.30332,-25.20259],[-49.30316,-25.20252],[-49.30298,-25.20246],[-49.30276,-25.2024],[-49.30259,-25.20236],[-49.30248,-25.20233],[-49.30236,-25.2023],[-49.30213,-25.20222],[-49.30182,-25.20211],[-49.30158,-25.20204],[-49.30071,-25.20178]]}},{"type":"Feature","properties":{"n":"","h":"residential"},"geometry":{"type":"LineString","coordinates":[[-49.30323,-25.22041],[-49.30313,-25.22043],[-49.30305,-25.22046],[-49.30289,-25.22055],[-49.30262,-25.22073],[-49.30238,-25.22088],[-49.30213,-25.22097],[-49.30181,-25.22107],[-49.3017,-25.22107],[-49.30126,-25.22102],[-49.30101,-25.22098],[-49.30073,-25.22097],[-49.3006,-25.22097],[-49.30016,-25.22095],[-49.30011,-25.22094],[-49.30001,-25.22094],[-49.29985,-25.22091],[-49.29976,-25.22086],[-49.29957,-25.22068],[-49.29952,-25.22066],[-49.29936,-25.22062],[-49.29928,-25.22063],[-49.29918,-25.22063]]}},{"type":"Feature","properties":{"n":"","h":"residential"},"geometry":{"type":"LineString","coordinates":[[-49.3094,-25.21266],[-49.30931,-25.21268],[-49.30926,-25.2127],[-49.30903,-25.21275],[-49.30894,-25.21277],[-49.30862,-25.21283]]}},{"type":"Feature","properties":{"n":"Avenida Agrimensor Gildo Pinheiro da Luz","h":"primary"},"geometry":{"type":"LineString","coordinates":[[-49.30391,-25.21917],[-49.30375,-25.2193],[-49.30367,-25.21935],[-49.30361,-25.21938],[-49.3035,-25.21942],[-49.30336,-25.21941]]}},{"type":"Feature","properties":{"n":"","h":"residential"},"geometry":{"type":"LineString","coordinates":[[-49.30567,-25.2142],[-49.30566,-25.21402],[-49.30566,-25.21395],[-49.30565,-25.21385],[-49.30563,-25.21371],[-49.30559,-25.2135],[-49.30555,-25.21326],[-49.3055,-25.21314],[-49.30537,-25.21298],[-49.30528,-25.21285]]}},{"type":"Feature","properties":{"n":"","h":"residential"},"geometry":{"type":"LineString","coordinates":[[-49.30738,-25.21479],[-49.30733,-25.21487],[-49.30715,-25.21495],[-49.307,-25.21501],[-49.3068,-25.21511],[-49.30661,-25.21522],[-49.30652,-25.21529],[-49.30647,-25.21535],[-49.30639,-25.21561],[-49.30631,-25.21577]]}},{"type":"Feature","properties":{"n":"","h":"residential"},"geometry":{"type":"LineString","coordinates":[[-49.30451,-25.21442],[-49.30499,-25.21484],[-49.30418,-25.21544],[-49.30387,-25.21568],[-49.30367,-25.21586],[-49.30356,-25.21599],[-49.30347,-25.2161]]}},{"type":"Feature","properties":{"n":"","h":"residential"},"geometry":{"type":"LineString","coordinates":[[-49.31152,-25.20843],[-49.31144,-25.20827],[-49.31141,-25.20823],[-49.31136,-25.20819],[-49.3113,-25.20815],[-49.31122,-25.2081],[-49.31113,-25.20807],[-49.31106,-25.20804],[-49.31097,-25.208]]}},{"type":"Feature","properties":{"n":"","h":"residential"},"geometry":{"type":"LineString","coordinates":[[-49.30499,-25.21484],[-49.30513,-25.21475],[-49.3052,-25.2147],[-49.30531,-25.21463],[-49.30541,-25.21455],[-49.30549,-25.21447],[-49.30558,-25.21438],[-49.30562,-25.2143],[-49.30567,-25.2142]]}},{"type":"Feature","properties":{"n":"","h":"unclassified"},"geometry":{"type":"LineString","coordinates":[[-49.30909,-25.21377],[-49.30917,-25.21365],[-49.30922,-25.21355],[-49.30923,-25.2135],[-49.30926,-25.2134],[-49.3093,-25.21319],[-49.30931,-25.21311],[-49.30934,-25.21297],[-49.30935,-25.21291],[-49.3094,-25.21266],[-49.30947,-25.21239],[-49.30956,-25.21179],[-49.30961,-25.21166],[-49.30972,-25.21152]]}},{"type":"Feature","properties":{"n":"","h":"residential"},"geometry":{"type":"LineString","coordinates":[[-49.30743,-25.21493],[-49.3074,-25.21505],[-49.30737,-25.21517],[-49.30728,-25.21533],[-49.30723,-25.21542],[-49.30712,-25.21556],[-49.30694,-25.21576],[-49.30679,-25.21594],[-49.30658,-25.21616],[-49.30634,-25.21645]]}},{"type":"Feature","properties":{"n":"","h":"residential"},"geometry":{"type":"LineString","coordinates":[[-49.29918,-25.22063],[-49.29913,-25.22062],[-49.29909,-25.22061],[-49.2985,-25.22047],[-49.29829,-25.22039],[-49.29815,-25.2203],[-49.29802,-25.22027],[-49.29787,-25.22029],[-49.2976,-25.2205],[-49.29746,-25.22062],[-49.29736,-25.22068],[-49.29727,-25.22072],[-49.29709,-25.22078],[-49.29694,-25.22079],[-49.29688,-25.22078],[-49.29664,-25.22069],[-49.29648,-25.22069],[-49.29635,-25.22079],[-49.2962,-25.22088],[-49.2961,-25.2209],[-49.29595,-25.22091],[-49.29571,-25.22084],[-49.29532,-25.22071],[-49.29521,-25.22072],[-49.29511,-25.22077],[-49.29502,-25.22089],[-49.29491,-25.22118],[-49.29488,-25.22122],[-49.29479,-25.22124],[-49.29469,-25.22122],[-49.29462,-25.22117],[-49.29462,-25.22102],[-49.2946,-25.22068],[-49.29461,-25.22063],[-49.29468,-25.22054],[-49.29476,-25.22048],[-49.29497,-25.22037],[-49.29554,-25.2202],[-49.29569,-25.22013],[-49.29583,-25.22002]]}},{"type":"Feature","properties":{"n":"Rua Borges de Medeiros","h":"tertiary"},"geometry":{"type":"LineString","coordinates":[[-49.31207,-25.18412],[-49.31307,-25.18404]]}},{"type":"Feature","properties":{"n":"","h":"primary"},"geometry":{"type":"LineString","coordinates":[[-49.32648,-25.20084],[-49.32647,-25.20091],[-49.32644,-25.20097],[-49.32639,-25.20102],[-49.32632,-25.20104],[-49.32624,-25.20104],[-49.32622,-25.20104]]}},{"type":"Feature","properties":{"n":"","h":"tertiary"},"geometry":{"type":"LineString","coordinates":[[-49.32622,-25.20104],[-49.32614,-25.20109],[-49.32596,-25.20111],[-49.32579,-25.20111],[-49.32556,-25.2011]]}},{"type":"Feature","properties":{"n":"","h":"tertiary"},"geometry":{"type":"LineString","coordinates":[[-49.32488,-25.20117],[-49.32476,-25.20122],[-49.32466,-25.20125],[-49.32451,-25.20132]]}},{"type":"Feature","properties":{"n":"Avenida Industrial","h":"primary"},"geometry":{"type":"LineString","coordinates":[[-49.32659,-25.2014],[-49.32652,-25.2013],[-49.32642,-25.2012],[-49.3263,-25.2011],[-49.32624,-25.20104]]}},{"type":"Feature","properties":{"n":"Avenida Industrial","h":"primary"},"geometry":{"type":"LineString","coordinates":[[-49.32611,-25.20078],[-49.32615,-25.20056],[-49.32619,-25.20037],[-49.32619,-25.20021],[-49.32615,-25.20004],[-49.3261,-25.19982]]}},{"type":"Feature","properties":{"n":"","h":"tertiary"},"geometry":{"type":"LineString","coordinates":[[-49.32452,-25.20108],[-49.32464,-25.20114],[-49.32476,-25.20116],[-49.32488,-25.20117]]}},{"type":"Feature","properties":{"n":"Rua Pedro Wosch","h":"tertiary"},"geometry":{"type":"LineString","coordinates":[[-49.31435,-25.19176],[-49.3151,-25.19225],[-49.31522,-25.1923],[-49.31561,-25.19234],[-49.3159,-25.19237],[-49.31648,-25.19242],[-49.3166,-25.19242],[-49.3167,-25.1924],[-49.31706,-25.19217],[-49.31714,-25.19213],[-49.31764,-25.19182]]}},{"type":"Feature","properties":{"n":"","h":"living_street"},"geometry":{"type":"LineString","coordinates":[[-49.31035,-25.16818],[-49.31032,-25.16812],[-49.31032,-25.16794],[-49.31032,-25.16792],[-49.31015,-25.16773],[-49.30989,-25.16696]]}},{"type":"Feature","properties":{"n":"","h":"living_street"},"geometry":{"type":"LineString","coordinates":[[-49.31112,-25.19481],[-49.31107,-25.19473],[-49.31108,-25.19458],[-49.31113,-25.19436],[-49.31132,-25.19404]]}},{"type":"Feature","properties":{"n":"","h":"track"},"geometry":{"type":"LineString","coordinates":[[-49.3087,-25.1856],[-49.30869,-25.18565],[-49.30871,-25.18567],[-49.3088,-25.18564],[-49.30897,-25.18561],[-49.30913,-25.18562],[-49.30931,-25.18574],[-49.3094,-25.18584],[-49.3095,-25.18598],[-49.30954,-25.18606],[-49.30956,-25.18615],[-49.30957,-25.18623],[-49.30957,-25.18632],[-49.30955,-25.18641],[-49.3095,-25.18644],[-49.30943,-25.18644],[-49.30933,-25.1864],[-49.30918,-25.18634],[-49.30898,-25.1863]]}},{"type":"Feature","properties":{"n":"","h":"unclassified"},"geometry":{"type":"LineString","coordinates":[[-49.31023,-25.18295],[-49.31006,-25.18282],[-49.30999,-25.18279],[-49.30986,-25.18277],[-49.30958,-25.18275],[-49.30939,-25.18274],[-49.30917,-25.18273],[-49.30905,-25.18268],[-49.30893,-25.1825],[-49.3088,-25.18226],[-49.30871,-25.18216],[-49.30863,-25.18214],[-49.30855,-25.18218],[-49.30721,-25.18346],[-49.30707,-25.18381],[-49.30698,-25.18406],[-49.30694,-25.18433],[-49.30693,-25.18457],[-49.30702,-25.18472],[-49.30716,-25.18477],[-49.3073,-25.18477],[-49.30753,-25.18476],[-49.30775,-25.18474],[-49.30785,-25.18478],[-49.30792,-25.18484],[-49.30806,-25.18506],[-49.3082,-25.18544],[-49.3084,-25.1857],[-49.30867,-25.18583],[-49.3092,-25.18606]]}},{"type":"Feature","properties":{"n":"","h":"track"},"geometry":{"type":"LineString","coordinates":[[-49.30775,-25.18474],[-49.30787,-25.18469],[-49.30794,-25.18467],[-49.30799,-25.18467],[-49.30807,-25.18471],[-49.30827,-25.1849],[-49.30836,-25.185],[-49.30842,-25.1851],[-49.30851,-25.18529],[-49.30855,-25.1854],[-49.30857,-25.18549],[-49.30859,-25.18556],[-49.30861,-25.18562],[-49.30866,-25.18562],[-49.3087,-25.1856],[-49.30878,-25.18553],[-49.3089,-25.18545],[-49.30903,-25.18539],[-49.3091,-25.1854],[-49.3092,-25.18541],[-49.30943,-25.18559],[-49.30957,-25.18573],[-49.30962,-25.18583],[-49.3097,-25.18605],[-49.30972,-25.18616],[-49.30973,-25.18629],[-49.30972,-25.18645],[-49.30967,-25.18653],[-49.3096,-25.18657],[-49.30954,-25.18658],[-49.30943,-25.18659],[-49.30933,-25.18657]]}},{"type":"Feature","properties":{"n":"Rodovia Gertrudes Manguer da Rosa","h":"secondary"},"geometry":{"type":"LineString","coordinates":[[-49.32039,-25.18478],[-49.32043,-25.18473],[-49.32046,-25.1847],[-49.32049,-25.18467]]}},{"type":"Feature","properties":{"n":"Rodovia Gertrudes Manguer da Rosa","h":"secondary"},"geometry":{"type":"LineString","coordinates":[[-49.32034,-25.18491],[-49.32035,-25.18487],[-49.32037,-25.1848],[-49.32039,-25.18478]]}},{"type":"Feature","properties":{"n":"Rua Padre Ribeiro","h":"secondary"},"geometry":{"type":"LineString","coordinates":[[-49.32008,-25.18455],[-49.32007,-25.1846],[-49.32006,-25.1847],[-49.32004,-25.18474],[-49.32001,-25.18477],[-49.31996,-25.1848],[-49.3199,-25.18483],[-49.31985,-25.18483]]}},{"type":"Feature","properties":{"n":"","h":"residential"},"geometry":{"type":"LineString","coordinates":[[-49.16064,-25.08875],[-49.16066,-25.08867],[-49.16078,-25.0885],[-49.16093,-25.08835],[-49.16103,-25.08832],[-49.16118,-25.08832],[-49.16137,-25.08829],[-49.16158,-25.08824],[-49.16189,-25.08815],[-49.16212,-25.08811],[-49.16231,-25.08806],[-49.16272,-25.08799],[-49.16312,-25.08793],[-49.16349,-25.08789],[-49.16382,-25.08784],[-49.16414,-25.08791],[-49.16437,-25.08795],[-49.16466,-25.08797],[-49.16497,-25.08791],[-49.16513,-25.0879],[-49.16535,-25.0878],[-49.1656,-25.08779]]}},{"type":"Feature","properties":{"n":"","h":"residential"},"geometry":{"type":"LineString","coordinates":[[-49.1656,-25.08779],[-49.1657,-25.08765],[-49.16577,-25.08745],[-49.16588,-25.08731],[-49.16597,-25.08712],[-49.1661,-25.08696],[-49.16622,-25.08687],[-49.16627,-25.08679],[-49.16657,-25.08653],[-49.16681,-25.08633],[-49.16696,-25.08617],[-49.16703,-25.0861],[-49.16713,-25.08603],[-49.16723,-25.08594],[-49.1673,-25.08581]]}},{"type":"Feature","properties":{"n":"","h":"residential"},"geometry":{"type":"LineString","coordinates":[[-49.12298,-25.07514],[-49.12283,-25.07559],[-49.12275,-25.07614],[-49.12293,-25.07632],[-49.12293,-25.07643],[-49.12271,-25.07655],[-49.12243,-25.07661],[-49.12212,-25.07682],[-49.12175,-25.07726],[-49.12153,-25.07756],[-49.12123,-25.07769],[-49.12086,-25.07785],[-49.12038,-25.07798],[-49.11989,-25.07823],[-49.11964,-25.0786],[-49.11944,-25.07881],[-49.11918,-25.079],[-49.11915,-25.07921],[-49.11894,-25.07955],[-49.11879,-25.07986],[-49.11873,-25.08013],[-49.1186,-25.08041],[-49.11858,-25.08058],[-49.11845,-25.08089],[-49.11824,-25.08114],[-49.11807,-25.0814],[-49.11792,-25.0817],[-49.11767,-25.08185],[-49.11749,-25.0819],[-49.11739,-25.08183],[-49.11738,-25.08164],[-49.11749,-25.08153],[-49.11758,-25.08131],[-49.11756,-25.08103],[-49.11753,-25.08073],[-49.11745,-25.08048],[-49.11738,-25.08019],[-49.11739,-25.07991],[-49.11743,-25.07966],[-49.11761,-25.07944],[-49.11768,-25.07924],[-49.11778,-25.07902],[-49.11766,-25.07876],[-49.11761,-25.07861],[-49.11736,-25.07845],[-49.11707,-25.07835],[-49.1168,-25.07848],[-49.11656,-25.07867],[-49.11645,-25.07879],[-49.11641,-25.07897],[-49.11625,-25.07904],[-49.11622,-25.07893],[-49.11628,-25.07876],[-49.11632,-25.07854],[-49.11624,-25.0784],[-49.1161,-25.07828],[-49.1159,-25.07824],[-49.11564,-25.07834],[-49.11538,-25.0784],[-49.11494,-25.07839],[-49.11458,-25.07846],[-49.11415,-25.07849],[-49.11385,-25.07853],[-49.11328,-25.07863],[-49.11295,-25.07868],[-49.11254,-25.0786],[-49.11226,-25.07844],[-49.11198,-25.0782],[-49.11171,-25.07816],[-49.1114,-25.0782],[-49.11105,-25.07823],[-49.11068,-25.07824],[-49.11037,-25.07817],[-49.11005,-25.0782],[-49.10982,-25.07836],[-49.1097,-25.07857],[-49.10956,-25.07889],[-49.1095,-25.07917],[-49.10937,-25.0794],[-49.10922,-25.07955],[-49.10897,-25.07962],[-49.10867,-25.07969],[-49.10835,-25.0797],[-49.10806,-25.07985],[-49.10775,-25.0802],[-49.10742,-25.08046],[-49.10699,-25.08095],[-49.10675,-25.08109],[-49.10632,-25.08127],[-49.10583,-25.08142],[-49.10559,-25.08156],[-49.10555,-25.08198],[-49.1056,-25.08237],[-49.10557,-25.08264],[-49.10537,-25.08286],[-49.10505,-25.08307],[-49.10477,-25.08314],[-49.10449,-25.08311],[-49.10423,-25.08308],[-49.10388,-25.08314],[-49.10319,-25.08321],[-49.10279,-25.08324],[-49.10244,-25.08335],[-49.10229,-25.08348],[-49.10214,-25.08377],[-49.10203,-25.08386],[-49.1019,-25.08386],[-49.1017,-25.08373],[-49.10143,-25.08351],[-49.10135,-25.08322],[-49.10135,-25.08288],[-49.10138,-25.08256],[-49.10136,-25.08239],[-49.10128,-25.08231],[-49.10071,-25.08213],[-49.10051,-25.08198],[-49.10034,-25.08166],[-49.10025,-25.08145],[-49.10011,-25.08127],[-49.09987,-25.08117],[-49.09923,-25.08113],[-49.09881,-25.08107],[-49.0982,-25.0809],[-49.09769,-25.08077],[-49.09713,-25.08054],[-49.09692,-25.08043],[-49.09662,-25.08022],[-49.09615,-25.08],[-49.09586,-25.07991],[-49.09558,-25.07993],[-49.09539,-25.08007],[-49.09518,-25.08026],[-49.09499,-25.08036],[-49.09478,-25.0804],[-49.09457,-25.08036],[-49.09412,-25.08015],[-49.09387,-25.07992],[-49.09366,-25.07957],[-49.09348,-25.07906],[-49.09336,-25.0789],[-49.09324,-25.07884],[-49.09297,-25.07879],[-49.09262,-25.07872],[-49.09216,-25.07851],[-49.09169,-25.07832],[-49.09145,-25.07826],[-49.09118,-25.07819],[-49.09081,-25.07807],[-49.09065,-25.07798],[-49.09041,-25.07781],[-49.08987,-25.07754],[-49.08909,-25.0771],[-49.08887,-25.077],[-49.08871,-25.07701],[-49.08843,-25.07711],[-49.08799,-25.07728],[-49.08765,-25.0774],[-49.08731,-25.07743],[-49.08696,-25.07745]]}},{"type":"Feature","properties":{"n":"Rua Padre Ribeiro","h":"secondary"},"geometry":{"type":"LineString","coordinates":[[-49.31587,-25.18721],[-49.31595,-25.18715],[-49.31604,-25.1871],[-49.3163,-25.18694]]}},{"type":"Feature","properties":{"n":"","h":"tertiary"},"geometry":{"type":"LineString","coordinates":[[-49.26477,-25.21984],[-49.2649,-25.21986],[-49.26504,-25.21985],[-49.26522,-25.21982],[-49.2655,-25.2198],[-49.26676,-25.2195],[-49.2672,-25.21947],[-49.26752,-25.21936],[-49.26783,-25.21923],[-49.26812,-25.21906],[-49.26837,-25.21888],[-49.26892,-25.21837],[-49.26913,-25.2182],[-49.26928,-25.21812],[-49.26942,-25.21808],[-49.26976,-25.218],[-49.26995,-25.21788],[-49.27016,-25.21767],[-49.27032,-25.21758],[-49.27039,-25.21756],[-49.27053,-25.21755],[-49.27063,-25.21757],[-49.27095,-25.21772],[-49.27108,-25.21776],[-49.27147,-25.21781],[-49.27162,-25.21781],[-49.27175,-25.21778],[-49.27188,-25.21772],[-49.27202,-25.21763],[-49.27215,-25.21751],[-49.27223,-25.21733],[-49.27228,-25.2171],[-49.27233,-25.21664],[-49.27242,-25.21615],[-49.27247,-25.21604],[-49.27252,-25.21596],[-49.27261,-25.21587],[-49.27271,-25.21579],[-49.27307,-25.21562],[-49.27327,-25.2155],[-49.2735,-25.21533],[-49.27375,-25.21519],[-49.27395,-25.2151],[-49.27411,-25.21505],[-49.27438,-25.21502],[-49.27452,-25.21501],[-49.27486,-25.21502],[-49.27498,-25.215],[-49.27505,-25.21498],[-49.2751,-25.21494],[-49.27517,-25.2148],[-49.27518,-25.21469],[-49.27521,-25.21436],[-49.27523,-25.21427],[-49.27527,-25.21413],[-49.27535,-25.21405],[-49.27544,-25.214],[-49.27571,-25.21391],[-49.27586,-25.21384],[-49.27617,-25.21364],[-49.27629,-25.21357],[-49.27642,-25.21346],[-49.2765,-25.21338],[-49.27658,-25.21327],[-49.27664,-25.2131],[-49.27664,-25.21289],[-49.2766,-25.21268],[-49.27659,-25.2126],[-49.2765,-25.21219],[-49.27649,-25.212],[-49.2765,-25.21192],[-49.27652,-25.2118],[-49.27656,-25.21161],[-49.27663,-25.21148],[-49.27676,-25.21132],[-49.27712,-25.21097],[-49.27763,-25.21036],[-49.27779,-25.21013],[-49.27795,-25.20983],[-49.27805,-25.2097],[-49.27816,-25.20956],[-49.27853,-25.20922],[-49.27862,-25.2091],[-49.27885,-25.20869],[-49.27926,-25.20822],[-49.27936,-25.20812],[-49.27978,-25.20787],[-49.27993,-25.20776],[-49.28055,-25.20721],[-49.28067,-25.2071],[-49.28079,-25.20694],[-49.28092,-25.20672],[-49.28096,-25.20661],[-49.28098,-25.20636],[-49.281,-25.20622],[-49.28103,-25.20608]]}},{"type":"Feature","properties":{"n":"","h":"unclassified"},"geometry":{"type":"LineString","coordinates":[[-49.30528,-25.21285],[-49.30508,-25.21254],[-49.30486,-25.21203],[-49.30473,-25.21174],[-49.3046,-25.21159],[-49.30417,-25.21114],[-49.30407,-25.21107],[-49.30393,-25.21101],[-49.30375,-25.21099],[-49.30362,-25.21101],[-49.30351,-25.21109],[-49.30346,-25.2112],[-49.3034,-25.2115],[-49.30331,-25.21165],[-49.30328,-25.21169],[-49.30319,-25.21173],[-49.30313,-25.21174],[-49.30307,-25.21173],[-49.30303,-25.21165],[-49.30301,-25.21155],[-49.30282,-25.21091],[-49.3028,-25.21084],[-49.30276,-25.2108],[-49.3027,-25.21076],[-49.30225,-25.21056],[-49.30215,-25.21047],[-49.30201,-25.21033],[-49.3018,-25.21007],[-49.30163,-25.20995],[-49.30148,-25.20989],[-49.30135,-25.20986],[-49.30107,-25.20982],[-49.30094,-25.2098],[-49.30085,-25.20975],[-49.30076,-25.20967],[-49.30071,-25.20961],[-49.30069,-25.20952],[-49.30065,-25.20898],[-49.30062,-25.20882],[-49.30058,-25.20875],[-49.30049,-25.20866],[-49.30013,-25.20846],[-49.30008,-25.20841],[-49.2999,-25.20815],[-49.29981,-25.20809],[-49.2997,-25.20805],[-49.29948,-25.208],[-49.29924,-25.20791],[-49.2991,-25.2079],[-49.2989,-25.20793],[-49.29875,-25.20792],[-49.29854,-25.20786],[-49.29838,-25.20785],[-49.29823,-25.20787],[-49.29812,-25.20786],[-49.29804,-25.20782],[-49.29799,-25.20774],[-49.29791,-25.20761],[-49.29779,-25.20752],[-49.29765,-25.20746],[-49.29743,-25.2074],[-49.29724,-25.2073],[-49.29707,-25.20725],[-49.29691,-25.20725],[-49.29658,-25.20739],[-49.29585,-25.20785],[-49.29534,-25.2082],[-49.29525,-25.20825],[-49.2951,-25.20826],[-49.29481,-25.20819],[-49.2947,-25.20819],[-49.29459,-25.2082],[-49.29417,-25.2083],[-49.29369,-25.2085],[-49.29345,-25.20857],[-49.29335,-25.20857],[-49.29312,-25.20853],[-49.29296,-25.20852],[-49.29289,-25.20853],[-49.29281,-25.20855],[-49.29271,-25.20865],[-49.29246,-25.20899],[-49.29235,-25.20909],[-49.2922,-25.20916],[-49.29212,-25.20915],[-49.29204,-25.2091],[-49.29199,-25.20902],[-49.29195,-25.2089],[-49.29195,-25.20879],[-49.29206,-25.20864],[-49.2921,-25.2085],[-49.29207,-25.20838],[-49.29198,-25.20826],[-49.29186,-25.20816],[-49.29175,-25.20813],[-49.29156,-25.20811],[-49.29137,-25.2081],[-49.29112,-25.20805],[-49.29072,-25.20798],[-49.29057,-25.20793],[-49.29043,-25.20784],[-49.29025,-25.20773],[-49.29017,-25.2077],[-49.2901,-25.2077],[-49.29003,-25.2077],[-49.28995,-25.20769],[-49.2899,-25.20767],[-49.28987,-25.20762],[-49.28983,-25.20753],[-49.28983,-25.20724],[-49.28979,-25.20712],[-49.28973,-25.20705],[-49.28958,-25.20693],[-49.28945,-25.20675],[-49.28933,-25.20661],[-49.28916,-25.20648],[-49.2891,-25.20646],[-49.28903,-25.20647],[-49.28896,-25.20653],[-49.28892,-25.20663],[-49.28886,-25.20685],[-49.28881,-25.20692],[-49.2887,-25.20696],[-49.28862,-25.20696],[-49.28853,-25.20695],[-49.28836,-25.20683],[-49.28828,-25.20678],[-49.28819,-25.20676],[-49.28809,-25.20677],[-49.28798,-25.20682],[-49.28784,-25.20688],[-49.28781,-25.20691],[-49.28779,-25.20694],[-49.2878,-25.207],[-49.28789,-25.20709],[-49.28795,-25.20725],[-49.28798,-25.20739],[-49.288,-25.20753],[-49.28799,-25.20772],[-49.28793,-25.20786],[-49.28782,-25.20792],[-49.28771,-25.2079],[-49.28765,-25.20786],[-49.2876,-25.20777],[-49.28746,-25.2074],[-49.2874,-25.20731],[-49.28729,-25.20716],[-49.28696,-25.20689],[-49.28687,-25.20678],[-49.28679,-25.20661],[-49.28673,-25.2063],[-49.28665,-25.2061],[-49.28662,-25.20602],[-49.28663,-25.20593],[-49.28667,-25.20584],[-49.28679,-25.20563],[-49.28687,-25.2055],[-49.28696,-25.20533],[-49.28708,-25.20506],[-49.28723,-25.20474],[-49.28727,-25.20465],[-49.28728,-25.20459],[-49.28728,-25.2045],[-49.28722,-25.2043],[-49.28705,-25.20412]]}},{"type":"Feature","properties":{"n":"","h":"tertiary"},"geometry":{"type":"LineString","coordinates":[[-49.42418,-25.12257],[-49.42442,-25.12267],[-49.42485,-25.123],[-49.42529,-25.12343],[-49.42557,-25.12369],[-49.4258,-25.12384],[-49.42669,-25.12426],[-49.42711,-25.12452],[-49.42766,-25.12503],[-49.42793,-25.12536]]}},{"type":"Feature","properties":{"n":"","h":"track"},"geometry":{"type":"LineString","coordinates":[[-49.40044,-25.14039],[-49.40063,-25.14045],[-49.40075,-25.14055],[-49.40106,-25.14077],[-49.40135,-25.14087],[-49.40195,-25.14096],[-49.40248,-25.14111],[-49.40295,-25.14138],[-49.40329,-25.14161],[-49.40341,-25.14178],[-49.40386,-25.14186],[-49.40434,-25.14228],[-49.40449,-25.14225],[-49.40503,-25.1415],[-49.40496,-25.14102],[-49.40529,-25.14097],[-49.40575,-25.14096],[-49.40612,-25.14082]]}},{"type":"Feature","properties":{"n":"","h":"unclassified"},"geometry":{"type":"LineString","coordinates":[[-49.44549,-25.14521],[-49.44549,-25.14513]]}},{"type":"Feature","properties":{"n":"","h":"unclassified"},"geometry":{"type":"LineString","coordinates":[[-49.3984,-25.16509],[-49.398,-25.16517],[-49.39753,-25.16533],[-49.39705,-25.16565],[-49.39677,-25.16603],[-49.39665,-25.16636],[-49.39648,-25.16676],[-49.39635,-25.167],[-49.39611,-25.16729],[-49.39556,-25.16762],[-49.39519,-25.16777],[-49.39479,-25.16782],[-49.39432,-25.1679],[-49.39411,-25.16789],[-49.39377,-25.16783],[-49.39358,-25.16778],[-49.39345,-25.16777],[-49.39336,-25.16778],[-49.39303,-25.1679],[-49.3924,-25.16814],[-49.39223,-25.16819],[-49.39198,-25.16823],[-49.39186,-25.16822],[-49.39177,-25.16819],[-49.39158,-25.16805],[-49.3909,-25.1677],[-49.39064,-25.16753],[-49.39044,-25.16736],[-49.39004,-25.16703],[-49.38985,-25.16685],[-49.38952,-25.16659],[-49.38918,-25.16646],[-49.38903,-25.16637],[-49.38892,-25.16625],[-49.38888,-25.16614],[-49.38887,-25.16605],[-49.38892,-25.16585],[-49.38897,-25.16576],[-49.38913,-25.16557],[-49.38918,-25.16533],[-49.38915,-25.16522],[-49.3891,-25.1651],[-49.38867,-25.16459],[-49.3884,-25.16419],[-49.38838,-25.16378],[-49.38826,-25.16332],[-49.38808,-25.16312],[-49.38773,-25.1628],[-49.38751,-25.16265],[-49.38723,-25.16253],[-49.38712,-25.16246],[-49.38705,-25.16237],[-49.38698,-25.16207],[-49.38687,-25.16161],[-49.38676,-25.16134],[-49.38657,-25.16113],[-49.38608,-25.16099],[-49.38584,-25.16085],[-49.3857,-25.16058],[-49.38573,-25.16029],[-49.38587,-25.1601],[-49.38593,-25.15949],[-49.38595,-25.15907],[-49.38591,-25.15845],[-49.38578,-25.15825],[-49.38552,-25.15811],[-49.3852,-25.15801],[-49.38506,-25.15797],[-49.38491,-25.15797],[-49.38475,-25.15801],[-49.38457,-25.15799],[-49.38447,-25.15782],[-49.38443,-25.15753],[-49.38438,-25.15718],[-49.38442,-25.15675],[-49.38444,-25.15653],[-49.38424,-25.15625],[-49.38403,-25.15603],[-49.38392,-25.15589],[-49.3837,-25.15581],[-49.38316,-25.15586],[-49.38274,-25.15591],[-49.38233,-25.15594],[-49.3818,-25.15594]]}},{"type":"Feature","properties":{"n":"","h":"tertiary"},"geometry":{"type":"LineString","coordinates":[[-49.37843,-25.07077],[-49.37915,-25.07051],[-49.37928,-25.06982],[-49.37938,-25.06957],[-49.37965,-25.0695],[-49.38079,-25.06973],[-49.38126,-25.06962],[-49.38219,-25.0693],[-49.38308,-25.06949],[-49.38454,-25.06951],[-49.38493,-25.06966],[-49.386,-25.07169],[-49.38681,-25.0733],[-49.38766,-25.07455],[-49.3887,-25.07517],[-49.38938,-25.07544],[-49.38994,-25.07543],[-49.39035,-25.07543],[-49.39059,-25.0753]]}},{"type":"Feature","properties":{"n":"","h":"tertiary"},"geometry":{"type":"LineString","coordinates":[[-49.39906,-25.09629],[-49.39909,-25.09627],[-49.39926,-25.096],[-49.39938,-25.09568],[-49.3996,-25.09553],[-49.39985,-25.09529],[-49.40013,-25.09506],[-49.40046,-25.09494],[-49.40056,-25.09481],[-49.40065,-25.09457],[-49.40086,-25.09443],[-49.40113,-25.09438],[-49.40147,-25.09421],[-49.40166,-25.09398],[-49.40184,-25.09365],[-49.4019,-25.09337],[-49.40201,-25.09313],[-49.40222,-25.09301],[-49.4025,-25.0928],[-49.40261,-25.09259],[-49.40256,-25.09243],[-49.40229,-25.09217],[-49.40187,-25.09185],[-49.40156,-25.09162],[-49.40133,-25.09144],[-49.40098,-25.09113],[-49.40078,-25.09084],[-49.40054,-25.09045],[-49.40029,-25.09017],[-49.40001,-25.08982],[-49.39977,-25.08961],[-49.39949,-25.08944],[-49.39928,-25.08925],[-49.39898,-25.08904],[-49.39868,-25.0889],[-49.39827,-25.0886],[-49.39777,-25.08823],[-49.39732,-25.08793],[-49.39716,-25.08789],[-49.39703,-25.08793],[-49.39703,-25.08806],[-49.39724,-25.08823],[-49.39742,-25.08838],[-49.39752,-25.08859],[-49.39764,-25.08887],[-49.39764,-25.08914],[-49.39749,-25.08944],[-49.39738,-25.08955],[-49.39715,-25.08957],[-49.39696,-25.08936],[-49.39655,-25.08899],[-49.39628,-25.08863],[-49.39608,-25.08828],[-49.39587,-25.08781],[-49.39551,-25.08707],[-49.3954,-25.08677],[-49.39525,-25.08641],[-49.39504,-25.08616],[-49.39483,-25.08599],[-49.39461,-25.08578],[-49.39452,-25.08561],[-49.39452,-25.0852],[-49.39448,-25.08497],[-49.39439,-25.08463],[-49.39417,-25.08427],[-49.39397,-25.08399],[-49.39377,-25.08379],[-49.39347,-25.08356],[-49.39319,-25.08325],[-49.39291,-25.08285],[-49.39283,-25.08253],[-49.39278,-25.08235],[-49.39274,-25.08191],[-49.39255,-25.08154],[-49.39242,-25.08114],[-49.39223,-25.08086],[-49.3921,-25.0805],[-49.39196,-25.0802],[-49.39192,-25.07988],[-49.39175,-25.07964],[-49.39158,-25.07931],[-49.39114,-25.07804],[-49.39115,-25.0774],[-49.39126,-25.07683],[-49.39106,-25.07647],[-49.39086,-25.07623],[-49.3908,-25.07567],[-49.39059,-25.0753]]}},{"type":"Feature","properties":{"n":"","h":"tertiary"},"geometry":{"type":"LineString","coordinates":[[-49.47765,-24.98795],[-49.47808,-24.98846]]}},{"type":"Feature","properties":{"n":"","h":"tertiary"},"geometry":{"type":"LineString","coordinates":[[-49.47808,-24.98846],[-49.47842,-24.98884]]}},{"type":"Feature","properties":{"n":"","h":"tertiary"},"geometry":{"type":"LineString","coordinates":[[-49.2967,-25.23274],[-49.29657,-25.23248],[-49.29648,-25.23216],[-49.29643,-25.23197],[-49.29634,-25.23166],[-49.29621,-25.23138],[-49.29605,-25.23107],[-49.29584,-25.23078],[-49.29544,-25.23035],[-49.29537,-25.23022],[-49.29526,-25.22994],[-49.29515,-25.22969],[-49.29511,-25.22966],[-49.29493,-25.22957],[-49.29469,-25.22951],[-49.29446,-25.22949],[-49.29433,-25.22946],[-49.2942,-25.22941],[-49.29398,-25.22922],[-49.29348,-25.22875],[-49.29333,-25.22858],[-49.29322,-25.22827],[-49.29321,-25.22795],[-49.29316,-25.22784],[-49.29307,-25.22773],[-49.29285,-25.22757],[-49.29279,-25.22751],[-49.29275,-25.22741],[-49.29278,-25.22708],[-49.29287,-25.22658],[-49.29288,-25.22638],[-49.29285,-25.22622],[-49.29281,-25.226],[-49.29275,-25.22585],[-49.2926,-25.22567],[-49.29244,-25.22554],[-49.29236,-25.22551],[-49.29226,-25.22551],[-49.29208,-25.22557],[-49.29185,-25.22563],[-49.29173,-25.22561],[-49.29154,-25.22553],[-49.29134,-25.2253],[-49.29124,-25.22512],[-49.29102,-25.22481],[-49.29065,-25.22447],[-49.29045,-25.22425],[-49.29032,-25.22412],[-49.2902,-25.22406],[-49.29008,-25.22404],[-49.28927,-25.22414],[-49.28888,-25.22415],[-49.28865,-25.22412],[-49.28845,-25.22405],[-49.28831,-25.22395],[-49.28815,-25.22373],[-49.28801,-25.22323],[-49.2879,-25.22295],[-49.2878,-25.22277],[-49.28765,-25.22262],[-49.28754,-25.22258],[-49.28747,-25.22258],[-49.28736,-25.2226],[-49.28716,-25.22266],[-49.28706,-25.22267],[-49.28697,-25.22267],[-49.28684,-25.22262],[-49.28672,-25.22252],[-49.28653,-25.22229],[-49.2863,-25.22196],[-49.28618,-25.22184],[-49.28603,-25.22171],[-49.28585,-25.22154],[-49.28559,-25.22131],[-49.28546,-25.22118],[-49.28539,-25.22115],[-49.28531,-25.22113],[-49.28524,-25.22112],[-49.28508,-25.22113],[-49.28474,-25.22116],[-49.2842,-25.22125],[-49.28358,-25.22133],[-49.28319,-25.22136],[-49.28261,-25.22139],[-49.28224,-25.22144],[-49.28202,-25.22146],[-49.28191,-25.22143],[-49.28181,-25.22137],[-49.28171,-25.22129],[-49.28154,-25.22108],[-49.28145,-25.22098],[-49.28139,-25.2209],[-49.28135,-25.22081],[-49.28129,-25.22059],[-49.28122,-25.22038],[-49.281,-25.21991],[-49.28086,-25.21907],[-49.28034,-25.21837],[-49.27944,-25.21799],[-49.2783,-25.21756],[-49.2765,-25.2167],[-49.27584,-25.21564],[-49.27588,-25.21501],[-49.27588,-25.21484],[-49.27586,-25.21473],[-49.27581,-25.2146],[-49.27567,-25.21434],[-49.27564,-25.21426],[-49.27556,-25.21413],[-49.27551,-25.21409],[-49.27535,-25.21405]]}},{"type":"Feature","properties":{"n":"","h":"unclassified"},"geometry":{"type":"LineString","coordinates":[[-49.25181,-25.17711],[-49.25177,-25.17677],[-49.25177,-25.17668],[-49.25177,-25.17655],[-49.25177,-25.17637],[-49.25174,-25.17628],[-49.2517,-25.17622],[-49.25164,-25.17616],[-49.2515,-25.17609],[-49.25139,-25.17603],[-49.25129,-25.17595],[-49.25121,-25.17587],[-49.25117,-25.17577],[-49.25115,-25.17568],[-49.25114,-25.17553],[-49.25113,-25.17543],[-49.25109,-25.17535],[-49.25101,-25.17527],[-49.2509,-25.17517],[-49.25071,-25.17504],[-49.25064,-25.175],[-49.25059,-25.17499],[-49.25051,-25.175],[-49.25043,-25.17505],[-49.24998,-25.17546],[-49.24965,-25.17574],[-49.24945,-25.17589],[-49.2493,-25.17596],[-49.24912,-25.17599],[-49.24892,-25.17597],[-49.24882,-25.17593],[-49.24872,-25.17585],[-49.2486,-25.17572],[-49.24854,-25.17559],[-49.24848,-25.17532],[-49.24839,-25.17518],[-49.2483,-25.17508],[-49.24816,-25.17499],[-49.24805,-25.17495],[-49.24799,-25.17492],[-49.24794,-25.17487],[-49.24793,-25.17477],[-49.2479,-25.17463],[-49.24787,-25.17455],[-49.24781,-25.17446],[-49.24764,-25.17427],[-49.24739,-25.174],[-49.24735,-25.17391],[-49.24734,-25.17381],[-49.24732,-25.17362],[-49.24729,-25.17347],[-49.24727,-25.17332],[-49.24729,-25.17321],[-49.24731,-25.1731],[-49.24731,-25.173],[-49.24728,-25.17293],[-49.24723,-25.17287],[-49.24702,-25.17268],[-49.24694,-25.17257],[-49.24682,-25.17239],[-49.24658,-25.17217],[-49.24648,-25.17206],[-49.24642,-25.17194],[-49.2464,-25.17181],[-49.24637,-25.17159],[-49.24632,-25.17136],[-49.24631,-25.17116],[-49.24633,-25.1709],[-49.2463,-25.17036],[-49.24634,-25.16999],[-49.24635,-25.16985],[-49.24637,-25.16958],[-49.24635,-25.16943],[-49.24628,-25.1693],[-49.2462,-25.16921],[-49.24608,-25.16913],[-49.24591,-25.169],[-49.2458,-25.16887],[-49.2457,-25.16875],[-49.2456,-25.16854],[-49.24539,-25.16823],[-49.24523,-25.16804],[-49.24513,-25.16797],[-49.24505,-25.16793],[-49.24492,-25.16792],[-49.24475,-25.16793],[-49.24456,-25.16794],[-49.24439,-25.16792],[-49.24422,-25.16787],[-49.24407,-25.16784],[-49.24392,-25.1678],[-49.24381,-25.1678],[-49.24371,-25.16784],[-49.24365,-25.16791],[-49.24342,-25.16829],[-49.24332,-25.16842],[-49.24323,-25.16855],[-49.24303,-25.16896],[-49.24298,-25.16953],[-49.24292,-25.16963],[-49.24279,-25.16972],[-49.24262,-25.16983],[-49.24237,-25.16993],[-49.24188,-25.17027],[-49.24147,-25.17063],[-49.24131,-25.17082],[-49.24126,-25.1709],[-49.24123,-25.17099],[-49.24124,-25.17112],[-49.24128,-25.17146],[-49.24127,-25.17156],[-49.2412,-25.17163],[-49.24114,-25.17166],[-49.24104,-25.17167],[-49.24094,-25.17165],[-49.24079,-25.1716],[-49.24064,-25.17154],[-49.2405,-25.17153],[-49.24041,-25.17155],[-49.24034,-25.17158],[-49.24024,-25.17166],[-49.24008,-25.17183],[-49.24003,-25.17189],[-49.24,-25.1719],[-49.2399,-25.17191],[-49.23955,-25.17188],[-49.23938,-25.17189],[-49.23926,-25.17189],[-49.23915,-25.17187],[-49.23908,-25.17182],[-49.23898,-25.17172],[-49.2389,-25.17157],[-49.23882,-25.17136],[-49.23874,-25.17125],[-49.23866,-25.17117],[-49.23827,-25.17091],[-49.23814,-25.17087],[-49.23801,-25.17087],[-49.23786,-25.17087],[-49.23775,-25.17086],[-49.2376,-25.17083],[-49.23747,-25.17084],[-49.23733,-25.17091],[-49.23711,-25.17111],[-49.23686,-25.17129],[-49.23668,-25.17137],[-49.23655,-25.1714],[-49.23638,-25.17139],[-49.23598,-25.17134],[-49.23553,-25.17131],[-49.23535,-25.17127],[-49.23518,-25.17122],[-49.23501,-25.17115],[-49.23485,-25.17107],[-49.23482,-25.17104],[-49.23476,-25.17091],[-49.23466,-25.17079],[-49.23458,-25.17072],[-49.23441,-25.17057],[-49.23432,-25.17043],[-49.23425,-25.17029],[-49.2342,-25.17006],[-49.23414,-25.16979],[-49.23409,-25.16969],[-49.23401,-25.16962],[-49.23382,-25.16953],[-49.23361,-25.16947],[-49.23344,-25.16945],[-49.2333,-25.16943],[-49.23313,-25.16938],[-49.23301,-25.16933],[-49.2329,-25.1693],[-49.23274,-25.16928],[-49.2326,-25.16926],[-49.23253,-25.16923],[-49.23247,-25.1692],[-49.23234,-25.16905],[-49.23226,-25.16899],[-49.23209,-25.16893],[-49.23182,-25.16886],[-49.23163,-25.16881],[-49.23153,-25.16876],[-49.23141,-25.16869],[-49.23135,-25.16862],[-49.23127,-25.16853],[-49.23109,-25.16829],[-49.23098,-25.16817],[-49.2309,-25.1681],[-49.23081,-25.16806],[-49.23072,-25.16806],[-49.23063,-25.1681],[-49.23037,-25.16835],[-49.23015,-25.16853],[-49.22998,-25.16864],[-49.22989,-25.16868],[-49.22981,-25.16871],[-49.22973,-25.16871],[-49.22966,-25.16867],[-49.22957,-25.16859],[-49.22951,-25.16852],[-49.22944,-25.16847],[-49.22933,-25.16842],[-49.22926,-25.16841],[-49.22915,-25.16841],[-49.22906,-25.1684],[-49.22896,-25.16836],[-49.22888,-25.16831],[-49.22882,-25.16824],[-49.22873,-25.1682],[-49.22859,-25.16819],[-49.22806,-25.16838],[-49.22789,-25.16844],[-49.22773,-25.16848],[-49.22754,-25.1685],[-49.22744,-25.1685],[-49.22731,-25.1685],[-49.22711,-25.16849],[-49.22675,-25.16846],[-49.22638,-25.1684],[-49.22609,-25.1684],[-49.22588,-25.16843],[-49.2257,-25.16847],[-49.22559,-25.16852],[-49.22531,-25.16867],[-49.22512,-25.16872],[-49.2249,-25.16877],[-49.2247,-25.16882],[-49.22459,-25.16885],[-49.2245,-25.16887],[-49.22433,-25.16886],[-49.2242,-25.16884],[-49.22409,-25.1688],[-49.22391,-25.16862],[-49.22373,-25.16833],[-49.22366,-25.16825],[-49.22364,-25.16817],[-49.22364,-25.16796],[-49.22363,-25.16787],[-49.2236,-25.16779],[-49.22352,-25.1677],[-49.22337,-25.1676],[-49.22327,-25.16756],[-49.22309,-25.16753],[-49.22284,-25.16754],[-49.22266,-25.16757],[-49.22256,-25.16756],[-49.22245,-25.16753],[-49.22198,-25.16734],[-49.22172,-25.16727],[-49.22156,-25.16717],[-49.22137,-25.16706],[-49.22124,-25.167],[-49.22114,-25.167],[-49.22107,-25.16703],[-49.22058,-25.16752],[-49.22039,-25.16768],[-49.22025,-25.16773],[-49.22017,-25.16773],[-49.22008,-25.1677],[-49.21999,-25.16763],[-49.21991,-25.16761],[-49.21976,-25.16759],[-49.21944,-25.16755],[-49.21913,-25.16753],[-49.21899,-25.16754],[-49.21888,-25.16757],[-49.21875,-25.16769],[-49.21862,-25.16788],[-49.21849,-25.16798],[-49.21833,-25.16808],[-49.21801,-25.16826],[-49.21786,-25.1683],[-49.21763,-25.16829],[-49.21742,-25.16823],[-49.21723,-25.16813],[-49.21706,-25.16799],[-49.21694,-25.16786],[-49.21674,-25.16759],[-49.21659,-25.16753],[-49.21645,-25.16753],[-49.21633,-25.16754],[-49.2162,-25.16764],[-49.21605,-25.16778],[-49.21592,-25.16789],[-49.21565,-25.168],[-49.2149,-25.16834],[-49.2148,-25.16836],[-49.21467,-25.16831],[-49.21436,-25.16817],[-49.2142,-25.16806],[-49.21397,-25.16781],[-49.21372,-25.16754],[-49.21354,-25.16747],[-49.2133,-25.16739],[-49.2131,-25.16732],[-49.21294,-25.16724],[-49.21283,-25.1672],[-49.21271,-25.16713],[-49.21263,-25.16708],[-49.2125,-25.167],[-49.21243,-25.16697],[-49.21229,-25.16694],[-49.21217,-25.16694],[-49.21206,-25.16696],[-49.21186,-25.16709],[-49.21166,-25.16733],[-49.21108,-25.16785],[-49.21104,-25.16789],[-49.21104,-25.16797],[-49.21102,-25.16808],[-49.21102,-25.16819],[-49.211,-25.16827],[-49.21094,-25.16835],[-49.21086,-25.16841],[-49.21079,-25.16843],[-49.2107,-25.16849],[-49.21062,-25.16851],[-49.21055,-25.16849],[-49.21054,-25.16845],[-49.21054,-25.1684],[-49.21052,-25.16831],[-49.2105,-25.16824],[-49.21045,-25.16816],[-49.21039,-25.16809],[-49.21024,-25.168],[-49.20984,-25.16784],[-49.20976,-25.16784],[-49.2096,-25.16789],[-49.20933,-25.16803],[-49.20914,-25.16814],[-49.20903,-25.16816],[-49.20887,-25.16816],[-49.20874,-25.16814],[-49.20865,-25.16811],[-49.20854,-25.1681],[-49.20845,-25.16811],[-49.20833,-25.16818],[-49.20809,-25.16843],[-49.20792,-25.16865],[-49.20787,-25.16878],[-49.20786,-25.16886],[-49.20787,-25.16962],[-49.20785,-25.16977],[-49.20778,-25.16995],[-49.20773,-25.17003],[-49.20763,-25.17016],[-49.2075,-25.17023],[-49.2073,-25.17028],[-49.20674,-25.17054],[-49.2066,-25.17062],[-49.20632,-25.1709],[-49.20612,-25.17101],[-49.20593,-25.17119],[-49.20575,-25.17142],[-49.20554,-25.17194],[-49.20555,-25.17211],[-49.20563,-25.17265],[-49.2057,-25.17276],[-49.20579,-25.17284],[-49.20646,-25.17327],[-49.20653,-25.17341],[-49.20666,-25.17382],[-49.20677,-25.17407],[-49.20711,-25.17469],[-49.20731,-25.17498],[-49.20735,-25.17509],[-49.20737,-25.1752],[-49.2074,-25.17537],[-49.2074,-25.17572],[-49.20741,-25.17585],[-49.20737,-25.17596],[-49.20724,-25.17605],[-49.20713,-25.1761],[-49.20703,-25.17611],[-49.20694,-25.1761],[-49.20684,-25.17605],[-49.2068,-25.17602],[-49.20672,-25.17599],[-49.20656,-25.17603],[-49.20633,-25.17607],[-49.2062,-25.17607],[-49.20607,-25.17608],[-49.20591,-25.17614],[-49.20578,-25.17624],[-49.20564,-25.17642],[-49.20554,-25.17658],[-49.20552,-25.17678],[-49.20556,-25.17696],[-49.20566,-25.17718],[-49.20572,-25.17732],[-49.20574,-25.17738],[-49.20575,-25.17745],[-49.2057,-25.17752],[-49.20565,-25.17755],[-49.20564,-25.17762],[-49.20565,-25.1777],[-49.20569,-25.17785],[-49.20569,-25.17792],[-49.20567,-25.178],[-49.20562,-25.17807],[-49.2055,-25.17811],[-49.20539,-25.17813],[-49.2053,-25.17814],[-49.20525,-25.17816],[-49.20521,-25.17819],[-49.20516,-25.17835],[-49.20511,-25.17848],[-49.20502,-25.17856],[-49.20478,-25.17881],[-49.20462,-25.17895],[-49.20458,-25.17899],[-49.20457,-25.17902],[-49.20458,-25.17905],[-49.20462,-25.17907],[-49.20468,-25.17908],[-49.20473,-25.17911],[-49.20479,-25.17916],[-49.20485,-25.17925],[-49.20486,-25.17933],[-49.20486,-25.17939],[-49.2049,-25.17944],[-49.20491,-25.17949],[-49.20494,-25.17964],[-49.20493,-25.17982],[-49.20492,-25.18003],[-49.20492,-25.18008],[-49.20496,-25.18012],[-49.20501,-25.18015],[-49.20505,-25.18017],[-49.2051,-25.18021],[-49.20514,-25.18024],[-49.20518,-25.18027],[-49.20521,-25.18032],[-49.20527,-25.18045],[-49.20532,-25.18074],[-49.20536,-25.18086],[-49.20547,-25.18118],[-49.20554,-25.18137],[-49.2056,-25.18143],[-49.20564,-25.18149],[-49.20567,-25.18158],[-49.20568,-25.18164],[-49.20568,-25.18169],[-49.20568,-25.18176],[-49.20563,-25.1818],[-49.20554,-25.18183],[-49.20544,-25.18185],[-49.20534,-25.18187],[-49.20529,-25.18189],[-49.20514,-25.18192],[-49.20506,-25.18197],[-49.20499,-25.18204],[-49.20493,-25.18212],[-49.20489,-25.18219],[-49.20483,-25.18228],[-49.2048,-25.18234],[-49.20469,-25.18249],[-49.20465,-25.18259],[-49.20464,-25.18269],[-49.20465,-25.18283],[-49.20471,-25.18306],[-49.20479,-25.18323],[-49.2048,-25.1833],[-49.20482,-25.18338],[-49.20482,-25.18348],[-49.20483,-25.18361],[-49.20484,-25.18368],[-49.20487,-25.18371],[-49.2049,-25.18375],[-49.20494,-25.18377],[-49.205,-25.18379],[-49.20506,-25.18381],[-49.20515,-25.18388],[-49.20518,-25.18395],[-49.2052,-25.18403],[-49.20522,-25.18415],[-49.20527,-25.18424],[-49.20543,-25.18445],[-49.20565,-25.18483],[-49.20584,-25.18514],[-49.2059,-25.18521],[-49.20595,-25.18527],[-49.20598,-25.18533],[-49.206,-25.18539],[-49.20602,-25.18546],[-49.20602,-25.18552],[-49.20599,-25.18566],[-49.20596,-25.18587],[-49.20591,-25.18592],[-49.20585,-25.18595],[-49.20578,-25.18596],[-49.20571,-25.18596],[-49.20565,-25.18594],[-49.20557,-25.18592],[-49.20551,-25.18591],[-49.20545,-25.18592],[-49.20537,-25.18594],[-49.20527,-25.186],[-49.20512,-25.18613],[-49.20494,-25.18631],[-49.20494,-25.18636],[-49.20494,-25.1865],[-49.20499,-25.18679],[-49.20498,-25.18687],[-49.20495,-25.18704],[-49.20494,-25.1872],[-49.20492,-25.18729],[-49.2049,-25.18736],[-49.2049,-25.18742],[-49.20488,-25.18747],[-49.20486,-25.18751],[-49.2048,-25.18754],[-49.20474,-25.18755],[-49.20466,-25.18756],[-49.20458,-25.18758],[-49.20452,-25.1876],[-49.20444,-25.18763],[-49.20438,-25.18766],[-49.20432,-25.18769],[-49.20424,-25.18772],[-49.20414,-25.18774],[-49.20407,-25.18775],[-49.20389,-25.18782],[-49.20376,-25.18785],[-49.20367,-25.18786],[-49.20354,-25.1879],[-49.20343,-25.18795],[-49.20331,-25.18799],[-49.20321,-25.18804],[-49.20306,-25.18816],[-49.20298,-25.18823],[-49.20299,-25.1883],[-49.20303,-25.18832],[-49.20313,-25.18834],[-49.20322,-25.18833],[-49.20328,-25.18832],[-49.20337,-25.18832],[-49.20351,-25.1883],[-49.20362,-25.18829],[-49.20373,-25.18828],[-49.20388,-25.18827],[-49.20405,-25.18829],[-49.20414,-25.18832],[-49.20425,-25.18839],[-49.2043,-25.18842],[-49.20433,-25.18847],[-49.20444,-25.18862],[-49.20448,-25.18872],[-49.20445,-25.1888],[-49.20434,-25.18896],[-49.20427,-25.18903],[-49.20417,-25.1891],[-49.20409,-25.18916],[-49.20401,-25.18921],[-49.20395,-25.18927],[-49.20376,-25.18956],[-49.20362,-25.18982],[-49.20348,-25.19009],[-49.20324,-25.19059],[-49.20315,-25.19076],[-49.20299,-25.19089],[-49.20287,-25.19098],[-49.20266,-25.19109],[-49.20247,-25.19116],[-49.20234,-25.19119],[-49.20223,-25.19119],[-49.20215,-25.19117],[-49.20178,-25.19106],[-49.20129,-25.19092],[-49.20115,-25.19091],[-49.20104,-25.19092],[-49.20091,-25.19095],[-49.20076,-25.19101],[-49.20058,-25.19113],[-49.20054,-25.19122],[-49.20051,-25.19131],[-49.20047,-25.19138],[-49.20043,-25.19146],[-49.20036,-25.19155],[-49.20034,-25.19159],[-49.20033,-25.19165],[-49.20028,-25.19213],[-49.20025,-25.19257],[-49.20021,-25.1928],[-49.20014,-25.19293],[-49.20007,-25.19302],[-49.19999,-25.1931],[-49.19992,-25.19319],[-49.19989,-25.19324],[-49.19988,-25.1933],[-49.19992,-25.19338],[-49.20001,-25.1935],[-49.20004,-25.19357],[-49.20003,-25.19363],[-49.20002,-25.19372],[-49.19992,-25.19407],[-49.19989,-25.19433],[-49.19984,-25.19462],[-49.19976,-25.19501],[-49.19964,-25.19535],[-49.1996,-25.19546],[-49.19958,-25.19555],[-49.19959,-25.1956],[-49.19967,-25.19575],[-49.19968,-25.1958],[-49.19968,-25.19587],[-49.19965,-25.19594],[-49.19959,-25.19599],[-49.19954,-25.19604],[-49.19916,-25.19646],[-49.19895,-25.19672],[-49.19883,-25.19684],[-49.19869,-25.19696],[-49.1986,-25.19702],[-49.19843,-25.19714],[-49.19834,-25.19722],[-49.19817,-25.19741],[-49.19802,-25.19752],[-49.19788,-25.19758],[-49.19778,-25.1976],[-49.19754,-25.19761],[-49.19741,-25.19764],[-49.19729,-25.19768],[-49.19679,-25.19804],[-49.19666,-25.19815],[-49.19661,-25.19827],[-49.19657,-25.19836],[-49.19656,-25.19848],[-49.19662,-25.19894],[-49.19668,-25.19913],[-49.19678,-25.19926],[-49.19708,-25.19965],[-49.1971,-25.19975],[-49.19717,-25.19992],[-49.1972,-25.19998],[-49.19731,-25.20019],[-49.19741,-25.2003],[-49.19748,-25.20037],[-49.19752,-25.20042],[-49.19755,-25.20048],[-49.19757,-25.20058],[-49.19759,-25.2007],[-49.19764,-25.20091],[-49.19767,-25.20104],[-49.19772,-25.20117],[-49.19778,-25.20126],[-49.1978,-25.20131],[-49.19779,-25.20138],[-49.19776,-25.20143],[-49.19769,-25.20146],[-49.19759,-25.20149],[-49.1975,-25.20151],[-49.19741,-25.20152],[-49.19719,-25.20161],[-49.1968,-25.20193],[-49.19658,-25.2021],[-49.1964,-25.20229],[-49.1963,-25.20237],[-49.19609,-25.2025],[-49.196,-25.20258],[-49.1957,-25.2029],[-49.19554,-25.2031],[-49.1955,-25.20314],[-49.19543,-25.2032]]}},{"type":"Feature","properties":{"n":"","h":"tertiary"},"geometry":{"type":"LineString","coordinates":[[-49.51635,-24.98622],[-49.51703,-24.98534],[-49.51809,-24.98441],[-49.51899,-24.98424],[-49.51937,-24.98392],[-49.51927,-24.98323],[-49.51996,-24.98228],[-49.52045,-24.98182],[-49.52082,-24.98103],[-49.52152,-24.98111],[-49.52183,-24.98108],[-49.52207,-24.98099],[-49.5223,-24.98085],[-49.52274,-24.98031],[-49.52283,-24.98021],[-49.52291,-24.98017],[-49.52307,-24.98015],[-49.52356,-24.98011],[-49.52375,-24.98004],[-49.52393,-24.97989],[-49.52423,-24.97949],[-49.52534,-24.97849],[-49.52582,-24.97803],[-49.52595,-24.97793],[-49.52607,-24.97786],[-49.52623,-24.97782],[-49.52638,-24.97772],[-49.52649,-24.97755],[-49.52662,-24.97723],[-49.52673,-24.97695],[-49.5268,-24.97677],[-49.52684,-24.97669],[-49.52695,-24.97657],[-49.52704,-24.97641],[-49.52709,-24.97619],[-49.52716,-24.9759],[-49.52766,-24.97512],[-49.52817,-24.97458],[-49.52842,-24.97433],[-49.52865,-24.97417],[-49.52936,-24.97384],[-49.53023,-24.97323],[-49.53043,-24.97313],[-49.53067,-24.9731],[-49.53116,-24.97311],[-49.53158,-24.97304],[-49.53197,-24.97289],[-49.53292,-24.97223],[-49.53346,-24.97172],[-49.53371,-24.97154],[-49.53401,-24.97136],[-49.53429,-24.97114],[-49.53473,-24.97076],[-49.53523,-24.9704],[-49.53566,-24.97024],[-49.53641,-24.97],[-49.5374,-24.96984],[-49.53783,-24.96972],[-49.5385,-24.96955],[-49.53897,-24.9694],[-49.53931,-24.9693],[-49.53953,-24.96917],[-49.53986,-24.9688],[-49.54001,-24.96871],[-49.54021,-24.9687],[-49.54034,-24.96875],[-49.54041,-24.96889],[-49.54041,-24.96903],[-49.54018,-24.96944],[-49.54015,-24.96952],[-49.54014,-24.96961],[-49.54018,-24.96972],[-49.54025,-24.96978],[-49.5404,-24.96979],[-49.54055,-24.96972],[-49.54142,-24.96883],[-49.54171,-24.9684],[-49.54247,-24.96765],[-49.54271,-24.9675],[-49.5432,-24.96728],[-49.54344,-24.96712],[-49.54428,-24.9663],[-49.54439,-24.96623],[-49.5445,-24.96618],[-49.54464,-24.96617],[-49.54488,-24.96616],[-49.54504,-24.96609],[-49.54512,-24.96601],[-49.54523,-24.96584],[-49.54535,-24.96573],[-49.54548,-24.9657],[-49.54589,-24.9657],[-49.54608,-24.96565],[-49.54624,-24.96554],[-49.54714,-24.96467],[-49.54726,-24.96449],[-49.5473,-24.96435],[-49.54729,-24.96409],[-49.54733,-24.96386],[-49.54781,-24.96266],[-49.54832,-24.96158],[-49.54835,-24.9614],[-49.54833,-24.96121],[-49.54818,-24.9609],[-49.54814,-24.96073],[-49.54815,-24.96053],[-49.54817,-24.9599],[-49.54819,-24.95972],[-49.54822,-24.95955],[-49.54835,-24.9594],[-49.54927,-24.95899],[-49.54941,-24.95895],[-49.54968,-24.95895],[-49.54982,-24.95896],[-49.54998,-24.95893],[-49.55085,-24.95848],[-49.55098,-24.95845],[-49.55109,-24.95849],[-49.5513,-24.95869],[-49.55144,-24.95877],[-49.55157,-24.95879],[-49.5517,-24.95874],[-49.55178,-24.95863],[-49.55208,-24.95818],[-49.55224,-24.95804],[-49.55251,-24.95787],[-49.55266,-24.95774],[-49.55284,-24.95745],[-49.55289,-24.95737],[-49.55299,-24.95732],[-49.55329,-24.95727],[-49.55345,-24.95723],[-49.55357,-24.95717],[-49.55378,-24.95706],[-49.55402,-24.95701],[-49.55413,-24.95696],[-49.55422,-24.95686],[-49.55445,-24.95647],[-49.55458,-24.95631],[-49.55483,-24.95609],[-49.5549,-24.95601],[-49.55494,-24.95592],[-49.55495,-24.95582],[-49.55486,-24.9553],[-49.55469,-24.95451],[-49.55468,-24.95438],[-49.5547,-24.95429],[-49.55476,-24.95416],[-49.55525,-24.95318],[-49.5553,-24.95303],[-49.55531,-24.95288],[-49.5551,-24.95214],[-49.55509,-24.952],[-49.55512,-24.9519],[-49.55529,-24.95148],[-49.55529,-24.95134],[-49.55498,-24.95029],[-49.55492,-24.94966],[-49.55493,-24.94953],[-49.55501,-24.94938],[-49.55503,-24.94929],[-49.55501,-24.94922],[-49.55481,-24.94889],[-49.55467,-24.9483],[-49.55465,-24.9481],[-49.55467,-24.94795],[-49.55478,-24.94768],[-49.5548,-24.94761],[-49.5548,-24.94754],[-49.55466,-24.94727],[-49.55452,-24.94696],[-49.55439,-24.9466],[-49.55438,-24.94646],[-49.55443,-24.94627],[-49.55452,-24.94571],[-49.55449,-24.94561],[-49.55441,-24.94554],[-49.55419,-24.94541],[-49.55409,-24.9453],[-49.55389,-24.94504],[-49.55362,-24.94469],[-49.55336,-24.94428],[-49.55316,-24.94404],[-49.55298,-24.94391],[-49.55277,-24.94369],[-49.55312,-24.94323],[-49.55322,-24.9431],[-49.55349,-24.94288],[-49.55367,-24.94282],[-49.55401,-24.94278],[-49.55408,-24.94275],[-49.55411,-24.94271],[-49.55411,-24.94264],[-49.55407,-24.94252],[-49.55404,-24.94236],[-49.55407,-24.94219],[-49.55416,-24.94199],[-49.55418,-24.94187],[-49.55415,-24.94157],[-49.55417,-24.94151],[-49.55422,-24.94146],[-49.55431,-24.94143],[-49.55441,-24.94143],[-49.55477,-24.9416],[-49.55507,-24.94182],[-49.55524,-24.94194],[-49.55541,-24.94198],[-49.55573,-24.94198],[-49.55597,-24.94194],[-49.55616,-24.94189],[-49.55681,-24.9414],[-49.55711,-24.94123],[-49.55746,-24.94112],[-49.55773,-24.94106],[-49.55864,-24.941],[-49.55901,-24.94104],[-49.55925,-24.94112],[-49.55942,-24.94113],[-49.55996,-24.94106],[-49.56037,-24.94102],[-49.5608,-24.94101],[-49.56153,-24.941],[-49.56201,-24.94105],[-49.56257,-24.94103],[-49.56287,-24.94099],[-49.56313,-24.94088],[-49.5633,-24.94076],[-49.56353,-24.94058],[-49.56359,-24.94055],[-49.56369,-24.94055],[-49.56379,-24.9406],[-49.56411,-24.94086],[-49.56435,-24.94096],[-49.56469,-24.94105],[-49.56566,-24.94137],[-49.56599,-24.94142],[-49.56638,-24.94143],[-49.56713,-24.94152],[-49.56745,-24.94149],[-49.5676,-24.94144],[-49.56777,-24.94128],[-49.56816,-24.9409],[-49.56882,-24.94035],[-49.56912,-24.94001],[-49.56918,-24.93992],[-49.56956,-24.93923]]}},{"type":"Feature","properties":{"n":"","h":"tertiary"},"geometry":{"type":"LineString","coordinates":[[-49.49818,-25.01057],[-49.49809,-25.01049],[-49.4979,-25.01025],[-49.4978,-25.01016],[-49.49772,-25.01009],[-49.49757,-25.01007],[-49.49731,-25.01008],[-49.49704,-25.01008],[-49.49689,-25.01007],[-49.49674,-25.01002],[-49.49661,-25.00996],[-49.49648,-25.00993],[-49.49635,-25.00992],[-49.49625,-25.00988],[-49.49611,-25.00983],[-49.49596,-25.00978],[-49.4958,-25.00975],[-49.49563,-25.00971],[-49.49537,-25.00959],[-49.49489,-25.00936],[-49.49441,-25.00914],[-49.49417,-25.00904],[-49.4938,-25.00884],[-49.49357,-25.00868],[-49.49347,-25.00857],[-49.49337,-25.0085],[-49.4933,-25.0084],[-49.4931,-25.00811],[-49.49293,-25.00788],[-49.49266,-25.0076],[-49.49253,-25.00749],[-49.49233,-25.00743],[-49.49211,-25.0074],[-49.49193,-25.0074],[-49.49172,-25.00741],[-49.49159,-25.00741],[-49.49143,-25.0074],[-49.49129,-25.00737],[-49.49115,-25.00733],[-49.49074,-25.00718],[-49.49038,-25.00709],[-49.49016,-25.00704],[-49.49,-25.007],[-49.48983,-25.00695],[-49.48926,-25.00668],[-49.48916,-25.00659],[-49.48908,-25.00649],[-49.48906,-25.00642],[-49.48907,-25.00635],[-49.48909,-25.00628],[-49.48941,-25.00566],[-49.4899,-25.00476],[-49.48999,-25.00452],[-49.49002,-25.00428],[-49.49007,-25.00375],[-49.49005,-25.00357],[-49.48999,-25.00347],[-49.48992,-25.00341],[-49.48971,-25.00331],[-49.48926,-25.00312],[-49.48877,-25.00285],[-49.48865,-25.00275],[-49.48857,-25.00265],[-49.48846,-25.00249],[-49.48833,-25.00239],[-49.4882,-25.00235],[-49.48808,-25.00234],[-49.48794,-25.00237],[-49.48781,-25.00241],[-49.48762,-25.00246],[-49.48748,-25.0025],[-49.48735,-25.00252],[-49.48722,-25.00252],[-49.48711,-25.0025],[-49.48701,-25.00246],[-49.48679,-25.00233],[-49.4867,-25.00221],[-49.48648,-25.00171],[-49.4864,-25.00152],[-49.4864,-25.0014],[-49.48648,-25.00089],[-49.48648,-25.00067],[-49.48638,-25.00052],[-49.48619,-25.00021],[-49.48577,-24.99973],[-49.48537,-24.99934],[-49.48505,-24.99905],[-49.48486,-24.99882],[-49.48476,-24.99863],[-49.4847,-24.9984],[-49.48468,-24.99814],[-49.48473,-24.9979],[-49.4848,-24.99758],[-49.48479,-24.99737],[-49.48467,-24.99696],[-49.48463,-24.99669],[-49.48465,-24.99644],[-49.48466,-24.99615],[-49.48466,-24.9959],[-49.4845,-24.9953],[-49.48452,-24.99505],[-49.48453,-24.99492],[-49.48459,-24.99477],[-49.4846,-24.99463],[-49.48455,-24.99449],[-49.4845,-24.99439],[-49.4844,-24.99429],[-49.48421,-24.99421],[-49.48405,-24.99419],[-49.48393,-24.9942],[-49.48382,-24.99422],[-49.4837,-24.99428],[-49.48361,-24.99429],[-49.48348,-24.99428],[-49.48335,-24.99425],[-49.48325,-24.9942],[-49.48313,-24.99411],[-49.48312,-24.99402],[-49.48315,-24.99331],[-49.48312,-24.99322],[-49.48305,-24.99313],[-49.48299,-24.99308],[-49.48288,-24.99306],[-49.48274,-24.99309],[-49.48262,-24.99315],[-49.48252,-24.99318],[-49.48242,-24.9932],[-49.48229,-24.99321],[-49.48222,-24.99319],[-49.48208,-24.99316],[-49.48193,-24.99312],[-49.48185,-24.99308],[-49.48174,-24.99303],[-49.48165,-24.99296],[-49.4816,-24.9929],[-49.48141,-24.99266],[-49.48129,-24.99257],[-49.48119,-24.99252],[-49.48094,-24.99244],[-49.48072,-24.99238],[-49.48055,-24.99236],[-49.48043,-24.99235],[-49.48033,-24.99232],[-49.48021,-24.99227],[-49.48014,-24.99218],[-49.47995,-24.99173],[-49.47986,-24.99157],[-49.47965,-24.99137],[-49.47938,-24.99111],[-49.47906,-24.99084],[-49.47901,-24.99076],[-49.47886,-24.99053],[-49.47873,-24.9904],[-49.47858,-24.9902],[-49.47854,-24.99009],[-49.4785,-24.98997],[-49.47838,-24.9896],[-49.47833,-24.98932],[-49.47835,-24.9892],[-49.47839,-24.9891],[-49.47844,-24.989],[-49.47845,-24.98896],[-49.47844,-24.9889],[-49.47842,-24.98884]]}},{"type":"Feature","properties":{"n":"","h":"tertiary"},"geometry":{"type":"LineString","coordinates":[[-49.49952,-25.01262],[-49.49972,-25.01239]]}},{"type":"Feature","properties":{"n":"","h":"unclassified"},"geometry":{"type":"LineString","coordinates":[[-49.3984,-25.16509],[-49.39855,-25.16484],[-49.39864,-25.16441],[-49.39892,-25.16368],[-49.39916,-25.1633],[-49.39947,-25.16302],[-49.39967,-25.1628],[-49.39983,-25.16257],[-49.39998,-25.16215],[-49.40012,-25.1617],[-49.40032,-25.16147],[-49.40053,-25.16131],[-49.40097,-25.16103],[-49.40107,-25.16091],[-49.40107,-25.16066],[-49.401,-25.16012],[-49.40112,-25.15997],[-49.40157,-25.1597],[-49.40198,-25.15913],[-49.40197,-25.15879],[-49.40202,-25.15869],[-49.40228,-25.15849],[-49.4033,-25.1574],[-49.40354,-25.15724],[-49.40394,-25.15714],[-49.4046,-25.15714],[-49.40488,-25.1573],[-49.40562,-25.1579],[-49.40617,-25.15813],[-49.40655,-25.15839],[-49.40661,-25.15912],[-49.40673,-25.15972],[-49.40654,-25.1603],[-49.40662,-25.16049],[-49.40673,-25.16058],[-49.40692,-25.16061],[-49.40723,-25.16047],[-49.4077,-25.16011],[-49.40811,-25.15987],[-49.40831,-25.15972],[-49.40833,-25.15965],[-49.40835,-25.15957],[-49.40837,-25.15928],[-49.40847,-25.15903],[-49.40862,-25.15867],[-49.40878,-25.15848],[-49.4091,-25.15832],[-49.4094,-25.15828],[-49.40982,-25.15812],[-49.41004,-25.15803],[-49.41021,-25.15789],[-49.41027,-25.15771],[-49.41035,-25.15718],[-49.41047,-25.157],[-49.41085,-25.15667],[-49.41127,-25.15652],[-49.41163,-25.15644],[-49.41183,-25.15637],[-49.41199,-25.15626],[-49.41228,-25.15589],[-49.41237,-25.15574],[-49.41246,-25.15568],[-49.41254,-25.15569],[-49.41262,-25.15574],[-49.41269,-25.15587],[-49.41288,-25.1564],[-49.413,-25.15679],[-49.41306,-25.15727],[-49.4131,-25.15734],[-49.41316,-25.15737],[-49.41327,-25.15735],[-49.41342,-25.15725],[-49.41353,-25.15712],[-49.41367,-25.15687],[-49.41373,-25.15673],[-49.41382,-25.15665],[-49.41393,-25.15661],[-49.41406,-25.15661],[-49.41436,-25.15666],[-49.41453,-25.15667],[-49.41474,-25.15664],[-49.41501,-25.15663],[-49.41548,-25.15674],[-49.41577,-25.1568],[-49.41595,-25.15682],[-49.41607,-25.15677],[-49.41613,-25.1567],[-49.41615,-25.15655],[-49.41606,-25.1564],[-49.41595,-25.1563],[-49.41582,-25.15621],[-49.41549,-25.15608],[-49.41524,-25.15596],[-49.41505,-25.15582],[-49.41497,-25.15568],[-49.4149,-25.15553],[-49.41491,-25.15536],[-49.41497,-25.15523],[-49.41507,-25.15511],[-49.41521,-25.15502],[-49.41536,-25.15496],[-49.41552,-25.15493],[-49.41569,-25.15495],[-49.41594,-25.15498],[-49.41615,-25.15501],[-49.41637,-25.15499],[-49.41656,-25.15496],[-49.4168,-25.15495],[-49.41709,-25.15495],[-49.41754,-25.15496],[-49.41787,-25.15503],[-49.41804,-25.15508],[-49.4182,-25.1551],[-49.41838,-25.15505],[-49.41858,-25.15493],[-49.41876,-25.15477],[-49.41889,-25.15464],[-49.41908,-25.15459],[-49.41973,-25.15469],[-49.42025,-25.1548],[-49.42081,-25.15492],[-49.42104,-25.15502],[-49.42121,-25.15518],[-49.42131,-25.15534],[-49.42132,-25.15572],[-49.42126,-25.15597],[-49.4213,-25.15605],[-49.42137,-25.1561],[-49.42162,-25.15615],[-49.4218,-25.15613],[-49.42196,-25.15613],[-49.42217,-25.15621],[-49.42237,-25.15627],[-49.42268,-25.15642],[-49.42275,-25.15645],[-49.4229,-25.15659],[-49.423,-25.15677],[-49.42317,-25.15704],[-49.42336,-25.15713],[-49.42352,-25.15731],[-49.42377,-25.15742],[-49.42385,-25.15735],[-49.42396,-25.1569],[-49.42408,-25.15666],[-49.42413,-25.1565],[-49.42415,-25.1563],[-49.42417,-25.15603],[-49.42424,-25.15591],[-49.42447,-25.15573],[-49.42473,-25.15544],[-49.42489,-25.15536],[-49.42515,-25.15533],[-49.42528,-25.15532],[-49.42561,-25.1554],[-49.42573,-25.15547],[-49.42589,-25.15567],[-49.42605,-25.15584],[-49.42611,-25.15595],[-49.42622,-25.15621],[-49.42659,-25.15684],[-49.42667,-25.15695],[-49.42675,-25.157],[-49.42685,-25.15701],[-49.42692,-25.15698],[-49.42718,-25.15685],[-49.42732,-25.15681],[-49.42752,-25.1568],[-49.42778,-25.15681],[-49.42794,-25.15678],[-49.42814,-25.15672],[-49.42831,-25.15664],[-49.42848,-25.15658],[-49.42864,-25.15658],[-49.42876,-25.15665],[-49.42889,-25.1568],[-49.429,-25.15695],[-49.42908,-25.15704],[-49.42924,-25.15712],[-49.42952,-25.15724],[-49.42969,-25.15729],[-49.42981,-25.15728],[-49.42994,-25.15721],[-49.43005,-25.15707],[-49.43029,-25.1568],[-49.43064,-25.15632],[-49.4312,-25.15575],[-49.43157,-25.15547],[-49.43195,-25.15519],[-49.43237,-25.15459],[-49.43256,-25.15432],[-49.43277,-25.15394],[-49.43302,-25.1536],[-49.43324,-25.15344],[-49.43355,-25.15327],[-49.43393,-25.15303],[-49.43407,-25.15285],[-49.43417,-25.15265],[-49.43435,-25.15254],[-49.43472,-25.1524],[-49.43505,-25.15234],[-49.43554,-25.15224],[-49.43598,-25.15205],[-49.43631,-25.15196],[-49.43667,-25.15195],[-49.43712,-25.15203],[-49.43753,-25.15213],[-49.43795,-25.15229],[-49.43821,-25.15242],[-49.43836,-25.15246],[-49.43846,-25.15245],[-49.43864,-25.1524],[-49.43893,-25.15236],[-49.43905,-25.1523],[-49.43913,-25.15221],[-49.43951,-25.1518],[-49.43964,-25.15168],[-49.43969,-25.15158],[-49.43973,-25.15132],[-49.4398,-25.15125],[-49.43996,-25.15118],[-49.44007,-25.15106],[-49.44019,-25.15074],[-49.44017,-25.15059],[-49.4401,-25.15048],[-49.44002,-25.15038],[-49.43997,-25.15031],[-49.43997,-25.15003],[-49.43996,-25.14971],[-49.44001,-25.1496],[-49.44012,-25.14949],[-49.44033,-25.14926],[-49.4406,-25.14898],[-49.44103,-25.14832],[-49.44115,-25.14811],[-49.44128,-25.14798],[-49.44159,-25.14778],[-49.44178,-25.14763],[-49.4419,-25.14748],[-49.44199,-25.1473],[-49.44213,-25.14719],[-49.44234,-25.14706],[-49.44266,-25.14654],[-49.44282,-25.14629],[-49.44287,-25.14615],[-49.44287,-25.14604],[-49.44285,-25.1459],[-49.44287,-25.14578],[-49.44296,-25.14568],[-49.44312,-25.14563],[-49.44328,-25.14559],[-49.44344,-25.14558],[-49.44366,-25.14558],[-49.4439,-25.14555],[-49.44413,-25.14548],[-49.44425,-25.14548],[-49.44453,-25.14553],[-49.44483,-25.14559],[-49.44503,-25.14569]]}},{"type":"Feature","properties":{"n":"","h":"unclassified"},"geometry":{"type":"LineString","coordinates":[[-49.39926,-25.17687],[-49.39918,-25.17677],[-49.39915,-25.1767],[-49.39915,-25.17662],[-49.39918,-25.17645],[-49.39924,-25.17629],[-49.39927,-25.17614],[-49.39928,-25.17599],[-49.39931,-25.17563],[-49.39932,-25.17526],[-49.39931,-25.17504],[-49.3993,-25.17482],[-49.39933,-25.17441],[-49.39933,-25.17423],[-49.39933,-25.17416],[-49.39928,-25.17408],[-49.39914,-25.17389],[-49.39909,-25.17377],[-49.39906,-25.17359],[-49.39907,-25.17332],[-49.39904,-25.17318],[-49.39891,-25.17297],[-49.39878,-25.17277],[-49.39866,-25.17265],[-49.39849,-25.17258],[-49.39829,-25.17251],[-49.39816,-25.17245],[-49.39808,-25.17239],[-49.39802,-25.17231],[-49.398,-25.17219],[-49.39803,-25.1718],[-49.39806,-25.17162],[-49.3981,-25.17142],[-49.39811,-25.17138],[-49.39815,-25.17126],[-49.3982,-25.17119],[-49.39822,-25.17113],[-49.39823,-25.17109],[-49.39824,-25.17103],[-49.39822,-25.17091],[-49.39821,-25.17079],[-49.39822,-25.17073],[-49.39824,-25.17069],[-49.39825,-25.1706],[-49.39824,-25.17051],[-49.39814,-25.17029],[-49.39794,-25.16998],[-49.39784,-25.16979],[-49.39781,-25.16966],[-49.39779,-25.16959],[-49.39779,-25.16955],[-49.39781,-25.1695],[-49.39783,-25.16947],[-49.39787,-25.16943],[-49.39796,-25.16936],[-49.39815,-25.16927],[-49.39836,-25.16914],[-49.39871,-25.16898],[-49.39884,-25.1689],[-49.39895,-25.16876],[-49.39906,-25.16856],[-49.39914,-25.16841],[-49.39917,-25.16829],[-49.39917,-25.16819],[-49.39917,-25.1681],[-49.39895,-25.16736],[-49.39881,-25.16679],[-49.3984,-25.16509]]}},{"type":"Feature","properties":{"n":"","h":"unclassified"},"geometry":{"type":"LineString","coordinates":[[-49.45724,-25.16465],[-49.45667,-25.16429],[-49.45642,-25.16416],[-49.45634,-25.16409],[-49.45632,-25.16402],[-49.45633,-25.16396],[-49.45638,-25.16377],[-49.45639,-25.16367],[-49.45641,-25.16356],[-49.45641,-25.16331],[-49.45638,-25.16316],[-49.45632,-25.16304],[-49.45621,-25.16286],[-49.45617,-25.16274],[-49.45615,-25.16262],[-49.45616,-25.16247],[-49.45621,-25.16233],[-49.45627,-25.16218],[-49.45629,-25.16202],[-49.45629,-25.16186],[-49.45626,-25.16176],[-49.45609,-25.16141],[-49.45606,-25.1613],[-49.45604,-25.16118],[-49.45607,-25.16082],[-49.45602,-25.16069],[-49.45593,-25.16057],[-49.45582,-25.16049],[-49.45573,-25.16047],[-49.4554,-25.16051],[-49.45525,-25.16056],[-49.45503,-25.16068],[-49.45491,-25.16069],[-49.45479,-25.16068],[-49.45475,-25.16063],[-49.45472,-25.16056],[-49.45467,-25.16047],[-49.45457,-25.16039],[-49.45447,-25.16033],[-49.45441,-25.16032],[-49.45432,-25.16034],[-49.45419,-25.16036],[-49.45411,-25.16036],[-49.45406,-25.16034],[-49.454,-25.16027],[-49.45396,-25.16015],[-49.45394,-25.16009],[-49.45387,-25.16003],[-49.45384,-25.15998],[-49.4538,-25.15991],[-49.45373,-25.1598],[-49.45363,-25.15976],[-49.45351,-25.15973],[-49.45344,-25.1597],[-49.45321,-25.15949],[-49.4528,-25.15917],[-49.45264,-25.15901],[-49.4525,-25.15884],[-49.45236,-25.15862],[-49.45209,-25.15838],[-49.45199,-25.15827],[-49.45191,-25.15822],[-49.45166,-25.15811],[-49.45156,-25.15796],[-49.45166,-25.15755],[-49.45168,-25.15734],[-49.45163,-25.15714],[-49.45163,-25.15701],[-49.45167,-25.15687],[-49.45168,-25.15679],[-49.45165,-25.15664],[-49.45167,-25.15652],[-49.45175,-25.15642],[-49.45184,-25.15636],[-49.45209,-25.15626],[-49.45234,-25.15612],[-49.45299,-25.15576],[-49.45312,-25.15568],[-49.45321,-25.15556],[-49.45324,-25.15544],[-49.45324,-25.15534],[-49.45324,-25.15515],[-49.45329,-25.15504]]}},{"type":"Feature","properties":{"n":"","h":"unclassified"},"geometry":{"type":"LineString","coordinates":[[-49.45574,-25.14931],[-49.45595,-25.14933],[-49.45638,-25.1495],[-49.45682,-25.14988],[-49.45695,-25.14996],[-49.45721,-25.15005],[-49.45744,-25.1501],[-49.45758,-25.15015],[-49.45768,-25.15021],[-49.45798,-25.15046],[-49.45838,-25.15089],[-49.45875,-25.15141],[-49.45882,-25.15147],[-49.45907,-25.15157],[-49.45929,-25.15164],[-49.45957,-25.15178],[-49.45976,-25.15183],[-49.45992,-25.15186],[-49.46031,-25.15185],[-49.46056,-25.15185],[-49.46064,-25.15186],[-49.46072,-25.1519],[-49.46077,-25.15194],[-49.46098,-25.15213],[-49.46111,-25.15219],[-49.46189,-25.15253],[-49.46199,-25.1526],[-49.46207,-25.15269],[-49.46217,-25.15285],[-49.46222,-25.15302],[-49.46225,-25.15323],[-49.4623,-25.15335],[-49.46241,-25.15353],[-49.46246,-25.15366],[-49.46248,-25.15384],[-49.46251,-25.1542],[-49.46247,-25.15434],[-49.46241,-25.15449],[-49.46223,-25.15498],[-49.46209,-25.15532],[-49.46209,-25.15539],[-49.4621,-25.15547],[-49.46221,-25.15572],[-49.46226,-25.15578],[-49.46236,-25.15583],[-49.46245,-25.15594],[-49.46251,-25.15603],[-49.46256,-25.15615],[-49.46258,-25.15624],[-49.46258,-25.15632],[-49.46258,-25.15645],[-49.46253,-25.15664],[-49.46247,-25.15672],[-49.46235,-25.15678],[-49.46217,-25.15688],[-49.46201,-25.15696],[-49.46193,-25.15697],[-49.46185,-25.15699],[-49.46178,-25.15703],[-49.46172,-25.15708],[-49.46168,-25.1572],[-49.46164,-25.15733],[-49.46164,-25.1574],[-49.4616,-25.15744],[-49.46154,-25.15749],[-49.46149,-25.15755],[-49.46148,-25.15759],[-49.46141,-25.15772],[-49.46138,-25.15776],[-49.46133,-25.15785],[-49.4613,-25.15797],[-49.46126,-25.15808],[-49.46124,-25.15829],[-49.46126,-25.15848],[-49.4613,-25.15865],[-49.4613,-25.15886],[-49.46125,-25.15898],[-49.46117,-25.15916],[-49.46099,-25.15947],[-49.46067,-25.15988],[-49.4606,-25.15999],[-49.46057,-25.16006],[-49.46053,-25.16019],[-49.46049,-25.16048],[-49.46044,-25.1606],[-49.46039,-25.16067],[-49.46032,-25.16072],[-49.46023,-25.16077],[-49.46018,-25.16081],[-49.46015,-25.16085],[-49.46013,-25.1609],[-49.46012,-25.16096],[-49.4601,-25.16105],[-49.46012,-25.16114],[-49.46014,-25.16122],[-49.46015,-25.16129],[-49.46014,-25.16138],[-49.46013,-25.16145],[-49.46013,-25.16167],[-49.46016,-25.16179],[-49.46019,-25.16193],[-49.46024,-25.16215],[-49.46024,-25.16227],[-49.4602,-25.16267],[-49.4602,-25.16286],[-49.46021,-25.16309],[-49.46023,-25.16329],[-49.46022,-25.16337],[-49.46016,-25.16355],[-49.46008,-25.16374],[-49.46006,-25.16387],[-49.46004,-25.16406],[-49.46003,-25.16425],[-49.46005,-25.16433],[-49.46008,-25.16439]]}},{"type":"Feature","properties":{"n":"","h":"unclassified"},"geometry":{"type":"LineString","coordinates":[[-49.46008,-25.16439],[-49.4602,-25.1645],[-49.46026,-25.16458],[-49.46048,-25.16505],[-49.46077,-25.16552],[-49.46089,-25.1656],[-49.46099,-25.16567],[-49.46104,-25.16574],[-49.46107,-25.16583],[-49.46108,-25.16595],[-49.46106,-25.16608]]}},{"type":"Feature","properties":{"n":"","h":"unclassified"},"geometry":{"type":"LineString","coordinates":[[-49.45329,-25.15504],[-49.45335,-25.15494],[-49.45348,-25.15482],[-49.45386,-25.15452],[-49.45403,-25.15418],[-49.45429,-25.15413],[-49.4546,-25.15418],[-49.45493,-25.15443],[-49.45513,-25.15464],[-49.45524,-25.15479],[-49.45531,-25.15493],[-49.45535,-25.1551],[-49.45537,-25.15534],[-49.45537,-25.15547],[-49.45537,-25.1556],[-49.45542,-25.15582],[-49.45545,-25.15599],[-49.45554,-25.15623],[-49.45567,-25.15645],[-49.45577,-25.15663],[-49.45589,-25.15678],[-49.45596,-25.15684],[-49.45607,-25.1569],[-49.4561,-25.15693],[-49.45632,-25.15728],[-49.45635,-25.15731],[-49.45638,-25.15733],[-49.45644,-25.15735],[-49.45655,-25.15737],[-49.4566,-25.15739],[-49.45664,-25.15744],[-49.45667,-25.15749],[-49.4567,-25.15761],[-49.45674,-25.15774],[-49.45678,-25.15784],[-49.45686,-25.15793],[-49.457,-25.15803],[-49.45706,-25.1581],[-49.45712,-25.15822],[-49.45715,-25.15829],[-49.4572,-25.15845],[-49.45725,-25.15862],[-49.4573,-25.15876],[-49.45732,-25.15893],[-49.45737,-25.15905],[-49.45743,-25.15909],[-49.45758,-25.15918],[-49.4577,-25.15926],[-49.45783,-25.15936],[-49.45787,-25.15955],[-49.4579,-25.15971],[-49.45787,-25.15988],[-49.45775,-25.16031],[-49.45765,-25.16064],[-49.45766,-25.16078],[-49.45772,-25.16082],[-49.45791,-25.1609],[-49.45822,-25.16103],[-49.4584,-25.16107],[-49.45859,-25.16115],[-49.45879,-25.1613],[-49.45891,-25.16142],[-49.45899,-25.16161],[-49.459,-25.16176],[-49.45894,-25.16184],[-49.45884,-25.16195],[-49.45872,-25.16205],[-49.45863,-25.16214],[-49.45852,-25.16227],[-49.45849,-25.16237],[-49.45838,-25.1625],[-49.45832,-25.16259],[-49.45833,-25.16266],[-49.45835,-25.16271],[-49.4584,-25.16276],[-49.4585,-25.16278],[-49.45863,-25.16279],[-49.45883,-25.16279],[-49.45892,-25.16279],[-49.45905,-25.16283],[-49.45922,-25.16293],[-49.45961,-25.16323],[-49.45969,-25.16335],[-49.45974,-25.16363],[-49.45973,-25.16375],[-49.45968,-25.16393],[-49.45969,-25.164],[-49.45979,-25.16415],[-49.46008,-25.16439]]}},{"type":"Feature","properties":{"n":"","h":"unclassified"},"geometry":{"type":"LineString","coordinates":[[-49.45183,-25.15041],[-49.45207,-25.15038],[-49.45228,-25.15037],[-49.45262,-25.15041],[-49.45283,-25.15042],[-49.45294,-25.15039],[-49.45305,-25.15034],[-49.45313,-25.15025],[-49.45327,-25.15014],[-49.45335,-25.15012],[-49.45343,-25.15013],[-49.45349,-25.15014],[-49.45359,-25.15019],[-49.4537,-25.15025],[-49.45383,-25.15029],[-49.45393,-25.1503],[-49.45404,-25.1503],[-49.45418,-25.1503],[-49.45429,-25.15026],[-49.4549,-25.15007],[-49.45507,-25.14996],[-49.45523,-25.14982],[-49.4554,-25.14964],[-49.45553,-25.14946],[-49.45574,-25.14931]]}},{"type":"Feature","properties":{"n":"","h":"residential"},"geometry":{"type":"LineString","coordinates":[[-49.34465,-25.02046],[-49.34462,-25.01959],[-49.34481,-25.01916],[-49.34484,-25.01885],[-49.34504,-25.01876],[-49.34525,-25.01878],[-49.34568,-25.01824],[-49.34614,-25.01794],[-49.34659,-25.01772],[-49.3469,-25.01746],[-49.34716,-25.01715],[-49.34736,-25.01686],[-49.34792,-25.01636],[-49.34784,-25.01603],[-49.34856,-25.01545],[-49.34955,-25.01511],[-49.35009,-25.0147],[-49.35101,-25.01433],[-49.35236,-25.01355],[-49.35397,-25.0128],[-49.35525,-25.01219],[-49.35616,-25.01134],[-49.35745,-25.01024],[-49.35785,-25.00982],[-49.35847,-25.00946],[-49.35895,-25.00947],[-49.35918,-25.00937],[-49.35945,-25.00904],[-49.35963,-25.00907],[-49.36045,-25.00941],[-49.36093,-25.00944],[-49.36168,-25.00925],[-49.36172,-25.00885],[-49.36179,-25.00849],[-49.36283,-25.00795],[-49.3634,-25.00779],[-49.36411,-25.00744],[-49.36488,-25.00701],[-49.36551,-25.00649],[-49.36577,-25.00605],[-49.36629,-25.00536],[-49.36674,-25.00454],[-49.36717,-25.0041],[-49.36721,-25.0038],[-49.36777,-25.00371]]}},{"type":"Feature","properties":{"n":"","h":"tertiary"},"geometry":{"type":"LineString","coordinates":[[-49.29628,-25.18536],[-49.29607,-25.18527],[-49.29603,-25.18522],[-49.29598,-25.18514],[-49.29595,-25.18506],[-49.29593,-25.18496],[-49.29588,-25.18475],[-49.29581,-25.18456],[-49.29575,-25.18447],[-49.29569,-25.1844],[-49.29559,-25.18433],[-49.29543,-25.18423],[-49.29528,-25.18416],[-49.29511,-25.18413],[-49.29494,-25.18408],[-49.29483,-25.18402],[-49.29471,-25.18394],[-49.29456,-25.18391],[-49.2942,-25.18391],[-49.29402,-25.18389],[-49.29387,-25.18379],[-49.29376,-25.18371],[-49.29362,-25.18363],[-49.29344,-25.18355],[-49.29327,-25.1835],[-49.29294,-25.18331],[-49.29273,-25.18321],[-49.29243,-25.18311],[-49.29217,-25.18301],[-49.29195,-25.18297],[-49.2917,-25.18294],[-49.29139,-25.18283],[-49.29116,-25.18269],[-49.29094,-25.18252],[-49.29074,-25.18237],[-49.2906,-25.18231],[-49.29044,-25.1823],[-49.29009,-25.18228],[-49.28987,-25.18224],[-49.28976,-25.18219],[-49.28958,-25.18209],[-49.28891,-25.18164],[-49.28876,-25.18148],[-49.28869,-25.18139],[-49.28862,-25.18126],[-49.28861,-25.18102],[-49.28857,-25.18045],[-49.28853,-25.18025],[-49.28849,-25.18007],[-49.28845,-25.17995],[-49.28836,-25.17989],[-49.2882,-25.17984],[-49.28808,-25.17975],[-49.28792,-25.17961],[-49.28779,-25.17942],[-49.2877,-25.17923],[-49.28759,-25.17894],[-49.28748,-25.17867],[-49.28732,-25.17848],[-49.28708,-25.17819],[-49.28701,-25.17803],[-49.28688,-25.17786],[-49.2866,-25.17758],[-49.28626,-25.17737],[-49.28601,-25.17723],[-49.28585,-25.17713],[-49.28563,-25.17704],[-49.28543,-25.17704],[-49.2852,-25.17707],[-49.28506,-25.1771],[-49.28494,-25.1771],[-49.28483,-25.17705],[-49.2847,-25.17697],[-49.28461,-25.17687],[-49.28454,-25.17677],[-49.28449,-25.17665],[-49.28441,-25.17651],[-49.28428,-25.17629],[-49.28415,-25.17608],[-49.28404,-25.17593],[-49.28394,-25.17579],[-49.28383,-25.17566],[-49.28372,-25.17555],[-49.28357,-25.17548],[-49.28345,-25.17547],[-49.28328,-25.17546],[-49.28305,-25.17548],[-49.28278,-25.17551],[-49.28261,-25.17549],[-49.28243,-25.17547],[-49.28207,-25.17545],[-49.28191,-25.17546],[-49.28176,-25.17547],[-49.28159,-25.17546],[-49.28142,-25.17544],[-49.28116,-25.17536],[-49.28104,-25.17533],[-49.28097,-25.17534],[-49.28092,-25.17536],[-49.28079,-25.17541],[-49.28073,-25.17542],[-49.28069,-25.17539],[-49.28067,-25.17537],[-49.28065,-25.17536],[-49.28064,-25.17531],[-49.28065,-25.17523],[-49.28075,-25.17463],[-49.28075,-25.17462],[-49.28076,-25.17452],[-49.28074,-25.17443],[-49.28072,-25.17433],[-49.28068,-25.17423],[-49.2806,-25.1741],[-49.2805,-25.17399],[-49.28032,-25.17386],[-49.28016,-25.17377],[-49.28001,-25.17367],[-49.27988,-25.17353],[-49.27958,-25.17327],[-49.27931,-25.17311],[-49.27899,-25.17294],[-49.2785,-25.17277],[-49.27809,-25.17261],[-49.27767,-25.17235],[-49.27729,-25.17219],[-49.27704,-25.17207],[-49.27678,-25.17188],[-49.27658,-25.17176],[-49.27627,-25.17163],[-49.27545,-25.17127],[-49.27508,-25.17108],[-49.27488,-25.17092],[-49.27475,-25.17076],[-49.27459,-25.17056],[-49.27446,-25.17034],[-49.27435,-25.17016],[-49.27426,-25.17004],[-49.27413,-25.16994],[-49.27395,-25.16993],[-49.27384,-25.16994],[-49.2737,-25.16999],[-49.27356,-25.17002],[-49.2734,-25.17003],[-49.27321,-25.16995],[-49.27293,-25.16988],[-49.27263,-25.16985],[-49.27237,-25.16985],[-49.2721,-25.16991],[-49.2719,-25.16995],[-49.27163,-25.17005],[-49.27129,-25.17018],[-49.27119,-25.17021],[-49.27109,-25.17016],[-49.27102,-25.17009],[-49.27093,-25.16995],[-49.27086,-25.16976],[-49.27078,-25.16924],[-49.27066,-25.16859],[-49.27061,-25.16843],[-49.27052,-25.16827],[-49.27039,-25.16814],[-49.27017,-25.16795],[-49.26951,-25.16716],[-49.26928,-25.167],[-49.26908,-25.16691],[-49.26881,-25.16683],[-49.26842,-25.16676],[-49.26825,-25.1667],[-49.26815,-25.16665],[-49.26808,-25.16657],[-49.26789,-25.16609],[-49.26783,-25.16594],[-49.26774,-25.16581],[-49.2676,-25.16557],[-49.26747,-25.16524],[-49.26729,-25.16487],[-49.26726,-25.16472],[-49.26727,-25.16459],[-49.26726,-25.16428],[-49.26717,-25.16397],[-49.26713,-25.16382],[-49.26706,-25.16366],[-49.26692,-25.16343],[-49.26681,-25.16319],[-49.26671,-25.16273],[-49.26658,-25.16245],[-49.26645,-25.16217],[-49.26636,-25.16205],[-49.26626,-25.16193],[-49.2659,-25.16163],[-49.26583,-25.16157],[-49.2658,-25.1615],[-49.26579,-25.16143],[-49.26584,-25.16133],[-49.26623,-25.16084],[-49.26636,-25.16071],[-49.26652,-25.16057],[-49.26666,-25.16051],[-49.26699,-25.16045],[-49.26741,-25.1604],[-49.26758,-25.16036],[-49.26769,-25.16029],[-49.26785,-25.16018],[-49.26808,-25.16003],[-49.26835,-25.1599],[-49.26848,-25.15983],[-49.2686,-25.15976],[-49.26889,-25.1592],[-49.26896,-25.15888],[-49.26894,-25.15864],[-49.26892,-25.15842],[-49.26899,-25.15804],[-49.26911,-25.15767],[-49.26911,-25.15748],[-49.26908,-25.1573],[-49.26898,-25.15697],[-49.26891,-25.15684],[-49.26882,-25.15669],[-49.26879,-25.1565],[-49.26875,-25.15628],[-49.26866,-25.1561],[-49.26829,-25.1557],[-49.26805,-25.15546],[-49.26778,-25.15523],[-49.26752,-25.15496],[-49.26734,-25.1547],[-49.26717,-25.1546],[-49.26701,-25.15455],[-49.26682,-25.15458],[-49.26664,-25.15464],[-49.26648,-25.15468],[-49.26634,-25.1547],[-49.26624,-25.15467],[-49.26616,-25.15456],[-49.26606,-25.15437],[-49.26586,-25.15402],[-49.26583,-25.15385],[-49.26586,-25.15347],[-49.26586,-25.15335],[-49.26582,-25.15324],[-49.26539,-25.15264],[-49.2653,-25.15245],[-49.26519,-25.15227],[-49.26482,-25.15173],[-49.26447,-25.15113],[-49.26425,-25.15087],[-49.26408,-25.15073],[-49.26393,-25.15065],[-49.26375,-25.15065],[-49.26353,-25.15065],[-49.26337,-25.15059],[-49.26302,-25.15038],[-49.26284,-25.15014],[-49.26266,-25.14993],[-49.26233,-25.1498],[-49.262,-25.14977],[-49.26166,-25.14983],[-49.26119,-25.14992],[-49.26101,-25.14987],[-49.26055,-25.1496],[-49.26042,-25.14945],[-49.26028,-25.14935],[-49.26007,-25.1493],[-49.25981,-25.14927],[-49.25953,-25.14924],[-49.25897,-25.14919],[-49.25872,-25.14907],[-49.25845,-25.149],[-49.25797,-25.14893],[-49.25748,-25.14885],[-49.25731,-25.14884],[-49.25729,-25.14879],[-49.25726,-25.14867],[-49.25718,-25.14855],[-49.2571,-25.14846],[-49.25704,-25.14836],[-49.25691,-25.148],[-49.25689,-25.14778],[-49.25685,-25.14759],[-49.25679,-25.14743],[-49.25668,-25.14726],[-49.25661,-25.14709],[-49.25651,-25.14684],[-49.25639,-25.14666],[-49.25622,-25.14646],[-49.25589,-25.14625],[-49.25565,-25.14609],[-49.2556,-25.14601],[-49.2556,-25.14588],[-49.25562,-25.14557],[-49.25553,-25.14538],[-49.25536,-25.14523],[-49.25514,-25.14512],[-49.2549,-25.14506],[-49.25463,-25.14507],[-49.25449,-25.14507],[-49.25432,-25.14491],[-49.25404,-25.14469],[-49.25381,-25.14461],[-49.25318,-25.14447],[-49.25306,-25.14435],[-49.25299,-25.14423],[-49.25287,-25.14403],[-49.25276,-25.1439],[-49.25257,-25.1438],[-49.25227,-25.14353],[-49.25216,-25.14335],[-49.25212,-25.14324],[-49.25213,-25.14306],[-49.25208,-25.14291],[-49.25197,-25.14275],[-49.25165,-25.14257],[-49.25153,-25.14243],[-49.2515,-25.14228],[-49.25141,-25.14215],[-49.25118,-25.14191],[-49.25088,-25.14158],[-49.25038,-25.14103],[-49.24997,-25.14033],[-49.2498,-25.13994],[-49.24958,-25.13954],[-49.24916,-25.13899],[-49.24902,-25.13879],[-49.24881,-25.13865],[-49.24866,-25.1386],[-49.24849,-25.1386],[-49.24811,-25.1386],[-49.24751,-25.13852],[-49.24718,-25.13837],[-49.24688,-25.13828],[-49.24648,-25.13797],[-49.24617,-25.13774],[-49.24507,-25.1372],[-49.24487,-25.13714],[-49.24468,-25.13712],[-49.24439,-25.13716],[-49.24406,-25.13725],[-49.24374,-25.13727],[-49.24341,-25.13721],[-49.24321,-25.13716],[-49.24306,-25.13698],[-49.24277,-25.13665],[-49.24254,-25.13646],[-49.24219,-25.13615],[-49.24182,-25.13588],[-49.24142,-25.13559],[-49.24129,-25.13539],[-49.24117,-25.1351],[-49.24107,-25.13499],[-49.24096,-25.1349],[-49.24072,-25.13475],[-49.24057,-25.13462],[-49.24049,-25.13453],[-49.24046,-25.13443],[-49.24047,-25.13432],[-49.24055,-25.13422],[-49.24074,-25.13413],[-49.241,-25.13402],[-49.24121,-25.13387],[-49.2413,-25.13369],[-49.24135,-25.13348],[-49.24137,-25.13329],[-49.24135,-25.13312],[-49.24128,-25.13291],[-49.24117,-25.13265],[-49.24106,-25.13238],[-49.24095,-25.13215],[-49.24088,-25.13202],[-49.24078,-25.13192],[-49.24063,-25.1318],[-49.24047,-25.13174],[-49.24035,-25.13174],[-49.24025,-25.13176],[-49.24007,-25.13181],[-49.23986,-25.13188],[-49.23952,-25.13193],[-49.23936,-25.13196],[-49.23925,-25.13201],[-49.23918,-25.1321],[-49.23915,-25.13224],[-49.23906,-25.13241],[-49.23896,-25.13251],[-49.23879,-25.13254],[-49.23859,-25.13253],[-49.23823,-25.13247],[-49.23791,-25.13234],[-49.23768,-25.13229],[-49.23759,-25.13225],[-49.23755,-25.13217],[-49.23761,-25.13201],[-49.23769,-25.13183],[-49.23766,-25.13167],[-49.23757,-25.13154],[-49.23742,-25.13142],[-49.23722,-25.1313],[-49.23704,-25.13122],[-49.23679,-25.13113],[-49.23647,-25.13107],[-49.23629,-25.13107],[-49.23618,-25.13106],[-49.23613,-25.13104],[-49.2361,-25.131],[-49.2361,-25.13091],[-49.23611,-25.13079],[-49.23614,-25.1306],[-49.23611,-25.13027],[-49.23604,-25.1301],[-49.23593,-25.12993],[-49.2358,-25.12974],[-49.23566,-25.12958],[-49.2356,-25.12947],[-49.23558,-25.12936],[-49.23552,-25.1289],[-49.23541,-25.12837],[-49.2353,-25.12788],[-49.23524,-25.12751],[-49.23515,-25.12737],[-49.2351,-25.12733],[-49.23499,-25.12729],[-49.23485,-25.12731],[-49.23468,-25.12732],[-49.23441,-25.12731],[-49.23418,-25.12724],[-49.23404,-25.12717],[-49.23391,-25.12707],[-49.23371,-25.12676],[-49.23344,-25.12645],[-49.23329,-25.12615],[-49.23325,-25.12598],[-49.23321,-25.12577],[-49.23314,-25.12565],[-49.23296,-25.12552],[-49.23275,-25.12537],[-49.23263,-25.12526],[-49.23253,-25.12511],[-49.23246,-25.12496],[-49.23242,-25.1248],[-49.23241,-25.12467],[-49.23241,-25.12453],[-49.23244,-25.12441],[-49.23246,-25.12431],[-49.23249,-25.12424],[-49.23252,-25.12416],[-49.23256,-25.12405],[-49.23252,-25.12395],[-49.23249,-25.12387],[-49.23245,-25.12376],[-49.23241,-25.12367],[-49.23228,-25.1236],[-49.2322,-25.12357],[-49.23203,-25.12354],[-49.23171,-25.12352],[-49.23153,-25.12345],[-49.23146,-25.12336],[-49.23144,-25.1232],[-49.23145,-25.12301],[-49.23145,-25.12273],[-49.23149,-25.12247],[-49.2314,-25.12213],[-49.23134,-25.12174],[-49.23133,-25.12151],[-49.23133,-25.12143],[-49.23138,-25.12136],[-49.23146,-25.1213],[-49.23164,-25.12122],[-49.23187,-25.12113],[-49.23199,-25.121],[-49.23207,-25.12083],[-49.23211,-25.12063],[-49.23208,-25.12033],[-49.23208,-25.12015],[-49.2321,-25.12002]]}},{"type":"Feature","properties":{"n":"","h":"unclassified"},"geometry":{"type":"LineString","coordinates":[[-49.28563,-25.17704],[-49.28548,-25.17672],[-49.28551,-25.17626],[-49.28599,-25.17505],[-49.28632,-25.17464],[-49.2863,-25.17442],[-49.28599,-25.17385],[-49.28581,-25.17375],[-49.28556,-25.17348],[-49.28525,-25.17322],[-49.2851,-25.17246],[-49.28516,-25.17155],[-49.28535,-25.17097],[-49.28549,-25.17082],[-49.28594,-25.17058],[-49.28644,-25.17008],[-49.28669,-25.16953],[-49.28665,-25.169],[-49.28643,-25.16856],[-49.28648,-25.168],[-49.28672,-25.16772],[-49.28672,-25.16759],[-49.28665,-25.16752],[-49.28663,-25.16743],[-49.28659,-25.16729],[-49.28662,-25.16713],[-49.28659,-25.16698],[-49.28652,-25.1669],[-49.28646,-25.16684]]}},{"type":"Feature","properties":{"n":"","h":"unclassified"},"geometry":{"type":"LineString","coordinates":[[-49.28646,-25.16684],[-49.28646,-25.16677],[-49.28655,-25.16659],[-49.28653,-25.16637],[-49.28678,-25.16593],[-49.28735,-25.16543],[-49.28759,-25.1651],[-49.28785,-25.16477],[-49.28804,-25.16458],[-49.2883,-25.16445],[-49.28853,-25.16437],[-49.28894,-25.16436],[-49.28934,-25.16441],[-49.28952,-25.16445],[-49.2897,-25.16451],[-49.28986,-25.16468],[-49.29009,-25.16481],[-49.29042,-25.16491],[-49.29064,-25.16494],[-49.29079,-25.16504],[-49.29101,-25.1653],[-49.29129,-25.16534],[-49.29165,-25.16552],[-49.29202,-25.16564],[-49.2923,-25.16588],[-49.29259,-25.16609],[-49.2927,-25.16615],[-49.29283,-25.16614],[-49.29307,-25.16608],[-49.29327,-25.16618],[-49.29346,-25.16633],[-49.29399,-25.16662],[-49.29496,-25.16703]]}},{"type":"Feature","properties":{"n":"","h":"tertiary"},"geometry":{"type":"LineString","coordinates":[[-49.28142,-25.17544],[-49.28107,-25.17508],[-49.28097,-25.17498],[-49.28089,-25.17488],[-49.28082,-25.17477],[-49.28075,-25.17463]]}},{"type":"Feature","properties":{"n":"","h":"unclassified"},"geometry":{"type":"LineString","coordinates":[[-49.27119,-25.17021],[-49.27089,-25.17039],[-49.27074,-25.17043],[-49.27051,-25.17045],[-49.27,-25.17042],[-49.26975,-25.17043],[-49.26953,-25.17046],[-49.26933,-25.17052],[-49.26919,-25.17061],[-49.26902,-25.1708],[-49.26874,-25.17128],[-49.26852,-25.17166],[-49.26849,-25.17177],[-49.26849,-25.17188],[-49.26848,-25.17236],[-49.26846,-25.17257],[-49.26836,-25.17279],[-49.2683,-25.17297],[-49.2683,-25.17317],[-49.26828,-25.17348],[-49.26825,-25.17364],[-49.26818,-25.17382],[-49.26815,-25.17406],[-49.26811,-25.17425],[-49.26805,-25.17436],[-49.26791,-25.17448],[-49.26776,-25.17462],[-49.26764,-25.17474],[-49.26747,-25.17484],[-49.2673,-25.17489],[-49.26703,-25.17492],[-49.26691,-25.17496],[-49.26681,-25.17502],[-49.26674,-25.17511],[-49.26671,-25.1752],[-49.26669,-25.17526],[-49.26671,-25.17539],[-49.26674,-25.17559],[-49.26674,-25.17567],[-49.26674,-25.17576],[-49.2667,-25.1758],[-49.26662,-25.17583],[-49.26656,-25.17583],[-49.26565,-25.17556],[-49.26537,-25.17553],[-49.26469,-25.17549],[-49.26437,-25.17554],[-49.26421,-25.17556],[-49.26408,-25.17552],[-49.26395,-25.17544],[-49.26379,-25.17533],[-49.26365,-25.17519],[-49.26361,-25.17508],[-49.26359,-25.17484],[-49.2636,-25.17467],[-49.26356,-25.17456],[-49.2635,-25.17446],[-49.26337,-25.17432],[-49.26329,-25.17427],[-49.26316,-25.17424],[-49.26305,-25.17423],[-49.26264,-25.17427],[-49.26251,-25.17427],[-49.26235,-25.17425],[-49.26132,-25.17399],[-49.26085,-25.17378],[-49.2605,-25.17365],[-49.26002,-25.17348],[-49.25988,-25.17345],[-49.25961,-25.17341],[-49.25945,-25.17336],[-49.2593,-25.1733],[-49.2589,-25.17306],[-49.25875,-25.17294],[-49.25861,-25.17279],[-49.2585,-25.17263],[-49.25828,-25.17227],[-49.25825,-25.1722],[-49.25826,-25.17211],[-49.25832,-25.17199],[-49.25834,-25.17192],[-49.25834,-25.17184],[-49.25832,-25.17178],[-49.25827,-25.17172],[-49.25819,-25.17166],[-49.25802,-25.17159],[-49.25794,-25.17155],[-49.25788,-25.1715],[-49.25755,-25.17109]]}},{"type":"Feature","properties":{"n":"","h":"unclassified"},"geometry":{"type":"LineString","coordinates":[[-49.25755,-25.17109],[-49.25671,-25.17054],[-49.2565,-25.17044],[-49.25596,-25.17024],[-49.25569,-25.17017],[-49.25553,-25.17016],[-49.25527,-25.17018],[-49.25508,-25.17023],[-49.25454,-25.17049],[-49.25425,-25.17074],[-49.25406,-25.17098],[-49.25404,-25.17111],[-49.25403,-25.17122],[-49.25404,-25.17132],[-49.25409,-25.17141],[-49.25419,-25.17153],[-49.25435,-25.17163],[-49.25462,-25.17183],[-49.25477,-25.172],[-49.25498,-25.17238],[-49.25529,-25.17279],[-49.25533,-25.17288],[-49.25534,-25.17297],[-49.25533,-25.17309],[-49.25533,-25.17319],[-49.25539,-25.17329],[-49.25545,-25.1734],[-49.25547,-25.17351],[-49.25548,-25.1736],[-49.25547,-25.17382],[-49.25547,-25.17392],[-49.25543,-25.17401],[-49.25538,-25.17408],[-49.25526,-25.17415],[-49.25501,-25.17428],[-49.25483,-25.17435],[-49.25457,-25.1744],[-49.25449,-25.17442],[-49.25442,-25.17446],[-49.25397,-25.17481],[-49.25358,-25.17524],[-49.25348,-25.17531],[-49.25337,-25.17534],[-49.25321,-25.17532],[-49.25306,-25.1753],[-49.25294,-25.17532],[-49.25284,-25.17535],[-49.25277,-25.17541],[-49.2527,-25.17554],[-49.25259,-25.17579],[-49.25251,-25.17589],[-49.25221,-25.17613],[-49.25213,-25.17624],[-49.25201,-25.17644],[-49.25191,-25.17665],[-49.25187,-25.17679],[-49.25181,-25.17711]]}},{"type":"Feature","properties":{"n":"","h":"tertiary"},"geometry":{"type":"LineString","coordinates":[[-49.37025,-25.13749],[-49.37044,-25.13723],[-49.37056,-25.1369],[-49.37059,-25.13664],[-49.37063,-25.13658],[-49.37099,-25.13664],[-49.3713,-25.13675],[-49.37143,-25.13679],[-49.37153,-25.1367],[-49.37152,-25.13656],[-49.37152,-25.13647],[-49.37157,-25.13637],[-49.37178,-25.13628],[-49.37191,-25.13617],[-49.37204,-25.13595],[-49.37221,-25.13565],[-49.37226,-25.13547],[-49.37226,-25.13524],[-49.37235,-25.13493],[-49.37242,-25.13477],[-49.37231,-25.13457],[-49.37236,-25.13435],[-49.37249,-25.13412],[-49.37251,-25.1339],[-49.37261,-25.13373],[-49.37288,-25.13359],[-49.37313,-25.13332],[-49.37327,-25.13304],[-49.37324,-25.13276],[-49.3732,-25.13245],[-49.37325,-25.13232],[-49.37341,-25.13229],[-49.3736,-25.13231],[-49.37378,-25.13225],[-49.37403,-25.13222],[-49.37413,-25.13218],[-49.37425,-25.13201],[-49.37434,-25.13182],[-49.37438,-25.13168],[-49.37436,-25.13153],[-49.37423,-25.1314],[-49.37408,-25.1313],[-49.37405,-25.13116],[-49.37402,-25.1309],[-49.37399,-25.13073],[-49.37403,-25.1306],[-49.37423,-25.13055],[-49.37454,-25.13058],[-49.37497,-25.13059],[-49.37517,-25.13061],[-49.37526,-25.13056],[-49.37528,-25.13048],[-49.37524,-25.13035],[-49.37525,-25.13015],[-49.37538,-25.12988],[-49.37549,-25.12971],[-49.37563,-25.1296],[-49.37591,-25.12953],[-49.37611,-25.12955],[-49.37624,-25.12956],[-49.37632,-25.12962],[-49.37645,-25.12976],[-49.37651,-25.12983],[-49.3766,-25.12987],[-49.37674,-25.12985],[-49.37692,-25.1298],[-49.37707,-25.12971],[-49.37714,-25.12956],[-49.37719,-25.12942],[-49.3772,-25.12928],[-49.37715,-25.12916],[-49.37713,-25.12904],[-49.37719,-25.12896],[-49.37736,-25.1289],[-49.37751,-25.1289],[-49.37759,-25.129],[-49.37768,-25.12914],[-49.37776,-25.12929],[-49.37788,-25.12938],[-49.37809,-25.12941],[-49.37821,-25.12939],[-49.37833,-25.12933],[-49.37843,-25.12922],[-49.37848,-25.12918],[-49.37859,-25.12919],[-49.37875,-25.12923],[-49.37891,-25.12933],[-49.37909,-25.12935],[-49.37923,-25.12934],[-49.37937,-25.12928],[-49.37961,-25.1293],[-49.37985,-25.12922],[-49.37993,-25.12921]]}},{"type":"Feature","properties":{"n":"","h":"unclassified"},"geometry":{"type":"LineString","coordinates":[[-49.33633,-25.14573],[-49.33668,-25.14564],[-49.33678,-25.14563],[-49.33718,-25.14573],[-49.33778,-25.146],[-49.3379,-25.14617],[-49.33801,-25.14631],[-49.33812,-25.14635],[-49.33825,-25.14636],[-49.33849,-25.14623],[-49.33888,-25.146],[-49.33912,-25.14581],[-49.33929,-25.14569],[-49.33955,-25.14564],[-49.33989,-25.14562],[-49.34037,-25.14563],[-49.34077,-25.14571],[-49.34095,-25.14577],[-49.34125,-25.14581],[-49.34142,-25.14594],[-49.34182,-25.14598],[-49.34308,-25.14601],[-49.34372,-25.14604],[-49.34382,-25.14604],[-49.34397,-25.14608],[-49.34427,-25.14611],[-49.34442,-25.1461],[-49.34459,-25.14605],[-49.34483,-25.14604],[-49.34531,-25.14605],[-49.34568,-25.14603],[-49.34622,-25.14596],[-49.3465,-25.1459],[-49.34665,-25.14583],[-49.34692,-25.14576],[-49.34706,-25.14568],[-49.34719,-25.14549],[-49.34736,-25.14528],[-49.34744,-25.14504],[-49.34755,-25.14452],[-49.34766,-25.14416],[-49.34771,-25.14371],[-49.34782,-25.14331],[-49.34792,-25.14285],[-49.34802,-25.14272],[-49.34828,-25.1426],[-49.34844,-25.14244],[-49.34859,-25.14232],[-49.34884,-25.14212],[-49.34902,-25.14196],[-49.34917,-25.1419],[-49.34939,-25.14188],[-49.3495,-25.14196],[-49.34972,-25.14197],[-49.3499,-25.14198],[-49.35019,-25.14198],[-49.35059,-25.14186],[-49.35097,-25.14173],[-49.35124,-25.1417],[-49.35138,-25.14173],[-49.35148,-25.14178],[-49.35158,-25.14191],[-49.35165,-25.14207],[-49.35173,-25.1422],[-49.35184,-25.14228],[-49.352,-25.14226],[-49.35214,-25.14219],[-49.35242,-25.14205],[-49.35256,-25.14197],[-49.35274,-25.1418],[-49.35283,-25.14172],[-49.35294,-25.14159],[-49.35311,-25.14148],[-49.3533,-25.14142],[-49.35346,-25.1413],[-49.35366,-25.14108],[-49.35387,-25.1409],[-49.35407,-25.14074],[-49.35413,-25.14066],[-49.35418,-25.14054],[-49.35426,-25.1404],[-49.35437,-25.14032],[-49.35454,-25.14029],[-49.35474,-25.14016],[-49.35497,-25.13996],[-49.35513,-25.13988],[-49.35544,-25.13976],[-49.35555,-25.13963],[-49.35559,-25.13947],[-49.35565,-25.13931],[-49.35577,-25.13909],[-49.35596,-25.13873],[-49.35619,-25.13847],[-49.35628,-25.13838],[-49.3565,-25.1383],[-49.35675,-25.13824],[-49.35694,-25.13815],[-49.35707,-25.13809],[-49.35721,-25.13809],[-49.35739,-25.13815],[-49.35749,-25.13821],[-49.35764,-25.13828],[-49.35785,-25.13834],[-49.35809,-25.13836],[-49.35826,-25.13829],[-49.35852,-25.13823],[-49.35866,-25.1382],[-49.35876,-25.13825],[-49.35883,-25.13836],[-49.35901,-25.13863],[-49.35915,-25.13881],[-49.35933,-25.13886],[-49.35956,-25.13885],[-49.35984,-25.13875],[-49.36012,-25.13858],[-49.36031,-25.13848],[-49.36042,-25.13836],[-49.36054,-25.13821],[-49.36062,-25.13813],[-49.36077,-25.1381],[-49.36085,-25.13814],[-49.36091,-25.13826],[-49.36099,-25.13847],[-49.36109,-25.13871],[-49.36118,-25.13876],[-49.36134,-25.13874],[-49.36139,-25.13857],[-49.36142,-25.13843],[-49.36154,-25.13833],[-49.36157,-25.1382],[-49.36158,-25.13813],[-49.36163,-25.13807],[-49.36175,-25.13804],[-49.36183,-25.138],[-49.3619,-25.13785],[-49.36199,-25.13771],[-49.36216,-25.13761],[-49.36225,-25.13759],[-49.36245,-25.13767],[-49.36264,-25.13782],[-49.36286,-25.13788],[-49.3633,-25.13794],[-49.36355,-25.13791],[-49.36363,-25.13785],[-49.36365,-25.13774],[-49.36364,-25.13756],[-49.36369,-25.13747],[-49.36386,-25.13736],[-49.36397,-25.13727],[-49.36404,-25.13713],[-49.36405,-25.13695],[-49.36411,-25.13683],[-49.36428,-25.13652],[-49.36441,-25.13633],[-49.36451,-25.13625],[-49.36456,-25.13616],[-49.36463,-25.136],[-49.36464,-25.13589],[-49.36473,-25.13583],[-49.36481,-25.13587],[-49.36493,-25.13598],[-49.36508,-25.13605],[-49.36531,-25.13611],[-49.36553,-25.13617],[-49.3658,-25.13621],[-49.36606,-25.13623],[-49.36626,-25.13623],[-49.36637,-25.13625],[-49.36654,-25.13632],[-49.36678,-25.13644],[-49.36707,-25.13648],[-49.36735,-25.13651],[-49.36756,-25.13651],[-49.36782,-25.13652],[-49.36797,-25.13647],[-49.36807,-25.13646],[-49.36825,-25.13653],[-49.36864,-25.13672],[-49.3688,-25.13673],[-49.36904,-25.13669],[-49.36929,-25.13668],[-49.36959,-25.13673],[-49.36983,-25.13672],[-49.36997,-25.13664],[-49.37008,-25.13662],[-49.3703,-25.13659],[-49.37052,-25.1366],[-49.37063,-25.13658]]}},{"type":"Feature","properties":{"n":"","h":"unclassified"},"geometry":{"type":"LineString","coordinates":[[-49.49928,-25.04606],[-49.49941,-25.04579],[-49.49945,-25.04564],[-49.49947,-25.0454],[-49.4994,-25.04516],[-49.49938,-25.04463],[-49.4994,-25.04419],[-49.49925,-25.04398],[-49.49905,-25.04383],[-49.49886,-25.04374],[-49.49836,-25.04366],[-49.49792,-25.04358],[-49.497,-25.04365],[-49.49626,-25.04352],[-49.49574,-25.0435],[-49.49529,-25.0436],[-49.49449,-25.04405],[-49.49389,-25.04402],[-49.49332,-25.04403],[-49.49262,-25.04468],[-49.49221,-25.04451],[-49.49212,-25.04405],[-49.49173,-25.04393],[-49.49097,-25.04412],[-49.49044,-25.04436],[-49.48961,-25.04449],[-49.48892,-25.04424],[-49.48803,-25.04373],[-49.48779,-25.04348],[-49.48703,-25.04335],[-49.48636,-25.04326],[-49.48603,-25.04312],[-49.48573,-25.04273],[-49.48562,-25.04228],[-49.48582,-25.042],[-49.48605,-25.04187],[-49.48633,-25.04159],[-49.4867,-25.0415],[-49.4871,-25.04129],[-49.48773,-25.04092],[-49.48792,-25.04029],[-49.48787,-25.03992],[-49.48803,-25.03947],[-49.48827,-25.03935],[-49.48865,-25.03948],[-49.4892,-25.04011],[-49.4898,-25.04039],[-49.49021,-25.04031],[-49.49085,-25.03989],[-49.49131,-25.03932],[-49.49186,-25.03905],[-49.49237,-25.03944],[-49.49287,-25.03991],[-49.49329,-25.04012],[-49.49366,-25.04017],[-49.4939,-25.03996],[-49.49385,-25.03967],[-49.49344,-25.03869],[-49.49339,-25.03833],[-49.49293,-25.0368],[-49.49284,-25.03611],[-49.49294,-25.03575],[-49.49416,-25.03506],[-49.49491,-25.03455],[-49.49527,-25.03416],[-49.49613,-25.03373],[-49.49644,-25.03337],[-49.49728,-25.03299],[-49.49799,-25.03192],[-49.4988,-25.03103],[-49.49882,-25.0306],[-49.49854,-25.03016],[-49.49829,-25.02988],[-49.49814,-25.02966],[-49.49812,-25.02947],[-49.49941,-25.02796],[-49.50004,-25.02679],[-49.50015,-25.02626],[-49.50027,-25.02591],[-49.50068,-25.02559],[-49.50101,-25.02534],[-49.50106,-25.02504]]}},{"type":"Feature","properties":{"n":"","h":"unclassified"},"geometry":{"type":"LineString","coordinates":[[-49.48562,-25.04228],[-49.48501,-25.04217],[-49.48444,-25.04169],[-49.48376,-25.04155],[-49.48273,-25.04104],[-49.4825,-25.04037],[-49.48159,-25.03925],[-49.4808,-25.03895],[-49.48038,-25.03859],[-49.48016,-25.03813],[-49.47947,-25.03769],[-49.47807,-25.03817],[-49.47793,-25.03842],[-49.47773,-25.03932],[-49.47738,-25.0401],[-49.47725,-25.04057],[-49.47708,-25.04097],[-49.47696,-25.0416],[-49.47518,-25.04212],[-49.47327,-25.04167],[-49.47222,-25.04141],[-49.47137,-25.04114],[-49.47127,-25.04055],[-49.47131,-25.03982],[-49.47141,-25.0393],[-49.47095,-25.03918],[-49.47025,-25.03942],[-49.46943,-25.0391],[-49.46913,-25.03846],[-49.46843,-25.03804],[-49.46798,-25.0371],[-49.46749,-25.03631],[-49.46728,-25.0351],[-49.46747,-25.03413],[-49.46704,-25.03327],[-49.46689,-25.03198],[-49.46686,-25.0317],[-49.46659,-25.03115],[-49.46621,-25.03066],[-49.46572,-25.03041],[-49.46493,-25.03018],[-49.46476,-25.02995],[-49.46467,-25.02982],[-49.46482,-25.02967],[-49.4654,-25.02928],[-49.46547,-25.02903],[-49.46553,-25.02891],[-49.46537,-25.02873],[-49.46511,-25.0286],[-49.46449,-25.02826],[-49.46378,-25.02818],[-49.46348,-25.02833],[-49.46331,-25.02841],[-49.46298,-25.02877],[-49.46273,-25.02928],[-49.46251,-25.02963],[-49.46179,-25.03004],[-49.46138,-25.03013],[-49.46059,-25.02986],[-49.46034,-25.02944],[-49.45976,-25.02948],[-49.45944,-25.02976],[-49.45904,-25.02982],[-49.45817,-25.02952],[-49.45798,-25.02977],[-49.45708,-25.03064],[-49.45657,-25.03137],[-49.45659,-25.03195],[-49.45586,-25.03282],[-49.45502,-25.03342],[-49.45448,-25.03351],[-49.45364,-25.03381],[-49.45298,-25.03403],[-49.45243,-25.03397],[-49.45186,-25.0339],[-49.45129,-25.03329],[-49.45037,-25.03302],[-49.44957,-25.03293],[-49.44888,-25.03229],[-49.44871,-25.03194],[-49.4488,-25.03145],[-49.44875,-25.03104],[-49.44909,-25.03068],[-49.44878,-25.02985],[-49.44839,-25.02976],[-49.44725,-25.02929],[-49.44615,-25.02897],[-49.44546,-25.02904],[-49.44391,-25.02974],[-49.44365,-25.02967],[-49.4423,-25.02872],[-49.44134,-25.02871],[-49.44048,-25.02807],[-49.44,-25.02752],[-49.43868,-25.02732],[-49.43797,-25.02701],[-49.43738,-25.0267]]}},{"type":"Feature","properties":{"n":"","h":"unclassified"},"geometry":{"type":"LineString","coordinates":[[-49.50675,-25.03315],[-49.50688,-25.03301],[-49.50702,-25.03285],[-49.50713,-25.03265],[-49.50748,-25.03211],[-49.50766,-25.03166],[-49.50769,-25.03153],[-49.50769,-25.03118],[-49.50766,-25.03088],[-49.5072,-25.03038],[-49.50657,-25.03017],[-49.50628,-25.02988],[-49.50589,-25.02966],[-49.50562,-25.02941],[-49.50532,-25.02894],[-49.5051,-25.02882],[-49.50483,-25.02838],[-49.50451,-25.02783]]}},{"type":"Feature","properties":{"n":"","h":"unclassified"},"geometry":{"type":"LineString","coordinates":[[-49.49945,-25.01269],[-49.49895,-25.01265],[-49.49863,-25.01265],[-49.49838,-25.01257],[-49.4973,-25.01168],[-49.49669,-25.01127],[-49.49625,-25.011],[-49.49587,-25.0109],[-49.49559,-25.01103],[-49.49552,-25.01126],[-49.49563,-25.01147],[-49.49545,-25.01188],[-49.49514,-25.01223],[-49.49474,-25.01252],[-49.4945,-25.01267],[-49.49443,-25.01258],[-49.49441,-25.01239],[-49.49484,-25.01181],[-49.49495,-25.01154],[-49.49474,-25.01118],[-49.49458,-25.01092],[-49.49442,-25.01058],[-49.49424,-25.01048],[-49.49361,-25.01036],[-49.49332,-25.0102],[-49.49286,-25.00995],[-49.49255,-25.0098],[-49.49241,-25.00962],[-49.49245,-25.00924],[-49.49226,-25.00889],[-49.49169,-25.00854],[-49.49075,-25.00805],[-49.49015,-25.00765],[-49.48942,-25.00747],[-49.48907,-25.00744],[-49.48831,-25.00704],[-49.48803,-25.00668],[-49.48808,-25.00648],[-49.48837,-25.00616],[-49.48835,-25.00588],[-49.48804,-25.00516],[-49.48781,-25.00506],[-49.48734,-25.00443],[-49.48705,-25.00437],[-49.48676,-25.0045],[-49.48654,-25.0048],[-49.48587,-25.00505],[-49.48528,-25.00547],[-49.4845,-25.006],[-49.48445,-25.00624],[-49.48432,-25.00654],[-49.48389,-25.00704],[-49.48325,-25.00773],[-49.48307,-25.00798],[-49.48253,-25.00833],[-49.48229,-25.00859],[-49.48137,-25.00949],[-49.48093,-25.01023],[-49.4807,-25.01055],[-49.48036,-25.01071],[-49.48013,-25.01083],[-49.48004,-25.01096],[-49.48005,-25.01114],[-49.48014,-25.01135],[-49.48023,-25.01148],[-49.48029,-25.0117],[-49.4802,-25.01243],[-49.48012,-25.01254],[-49.48,-25.01258],[-49.47989,-25.01248],[-49.47973,-25.01233],[-49.47953,-25.01226],[-49.47941,-25.01229],[-49.47925,-25.01256],[-49.47915,-25.0129],[-49.47871,-25.0132],[-49.47841,-25.01343],[-49.47848,-25.01354],[-49.47869,-25.01414],[-49.47861,-25.01479],[-49.4788,-25.01588],[-49.47909,-25.01629],[-49.47877,-25.01679],[-49.47846,-25.01696],[-49.47822,-25.01695],[-49.47792,-25.01673],[-49.4773,-25.01658],[-49.47691,-25.01634],[-49.47555,-25.01605],[-49.47495,-25.01595],[-49.47473,-25.01585],[-49.47455,-25.01563],[-49.47417,-25.0155],[-49.47396,-25.01578],[-49.4735,-25.016],[-49.47295,-25.01611],[-49.47264,-25.01598],[-49.47211,-25.01595],[-49.47212,-25.01618],[-49.47227,-25.01667],[-49.47209,-25.01714],[-49.47185,-25.01788],[-49.47193,-25.0181],[-49.47283,-25.01848],[-49.47316,-25.01873],[-49.47315,-25.01914],[-49.47273,-25.01984],[-49.47223,-25.02039],[-49.4718,-25.02097],[-49.47127,-25.02134],[-49.47038,-25.02197],[-49.4703,-25.02221],[-49.4697,-25.02229],[-49.46916,-25.02227],[-49.46889,-25.02236],[-49.46901,-25.02253],[-49.46899,-25.02327],[-49.46913,-25.02361],[-49.46928,-25.0238],[-49.46914,-25.02408],[-49.46893,-25.02446],[-49.46939,-25.02545],[-49.46969,-25.02605],[-49.47,-25.02633],[-49.47055,-25.02657],[-49.47084,-25.02701],[-49.47088,-25.02754],[-49.47128,-25.02761],[-49.47148,-25.02816],[-49.47213,-25.02842],[-49.47269,-25.02861],[-49.47308,-25.02921],[-49.47294,-25.02926],[-49.47263,-25.02935],[-49.47256,-25.02953],[-49.47262,-25.0297],[-49.47241,-25.03004],[-49.47195,-25.03008],[-49.47142,-25.03017],[-49.47093,-25.03031],[-49.46994,-25.0306],[-49.46986,-25.03073],[-49.46969,-25.03068],[-49.46925,-25.03085],[-49.4689,-25.03106],[-49.46866,-25.03122],[-49.46806,-25.03133],[-49.46767,-25.03135],[-49.46713,-25.03126],[-49.46692,-25.03127],[-49.46685,-25.03142],[-49.46693,-25.03171],[-49.46694,-25.03191],[-49.46689,-25.03198]]}},{"type":"Feature","properties":{"n":"","h":"unclassified"},"geometry":{"type":"LineString","coordinates":[[-49.46348,-25.02833],[-49.46349,-25.02803],[-49.46358,-25.02788],[-49.46376,-25.02763],[-49.46407,-25.02693],[-49.46429,-25.02662],[-49.46443,-25.0264],[-49.4647,-25.02635],[-49.46518,-25.02651],[-49.46536,-25.02645],[-49.46562,-25.02598],[-49.4658,-25.02558],[-49.46565,-25.02544],[-49.4653,-25.02525],[-49.46513,-25.02513],[-49.46503,-25.02465],[-49.46525,-25.02438],[-49.46586,-25.02401],[-49.46666,-25.02402],[-49.46703,-25.02413],[-49.4679,-25.0243],[-49.46838,-25.02433],[-49.46893,-25.02446]]}},{"type":"Feature","properties":{"n":"","h":"tertiary"},"geometry":{"type":"LineString","coordinates":[[-49.29744,-25.14219],[-49.29751,-25.14212],[-49.29751,-25.14201],[-49.29741,-25.14184],[-49.29724,-25.14167],[-49.29714,-25.14162],[-49.29708,-25.14165],[-49.29683,-25.14183],[-49.29666,-25.14191],[-49.2964,-25.14184],[-49.29613,-25.14179],[-49.29578,-25.14169],[-49.29551,-25.14159],[-49.29538,-25.1415],[-49.29541,-25.14135],[-49.2955,-25.14122],[-49.29564,-25.14109],[-49.29577,-25.14092],[-49.29586,-25.14064],[-49.29594,-25.14037],[-49.29609,-25.14017],[-49.29627,-25.14002],[-49.29655,-25.13993],[-49.29699,-25.13984],[-49.29717,-25.13979],[-49.2973,-25.13967],[-49.29737,-25.1395],[-49.29751,-25.13943],[-49.29777,-25.13934],[-49.29785,-25.13924],[-49.29784,-25.13911],[-49.2979,-25.13898],[-49.29803,-25.13891],[-49.29826,-25.13885],[-49.2984,-25.13874],[-49.29861,-25.13859],[-49.2988,-25.13851],[-49.29895,-25.13843],[-49.2991,-25.13826],[-49.29924,-25.13804],[-49.29927,-25.13792],[-49.29934,-25.13787],[-49.29942,-25.13785],[-49.29959,-25.13788],[-49.29982,-25.13796],[-49.29999,-25.13799],[-49.30024,-25.13793],[-49.30043,-25.13791],[-49.30068,-25.13789],[-49.30088,-25.13783],[-49.30112,-25.13775],[-49.30122,-25.13764],[-49.30123,-25.13742],[-49.30118,-25.13731],[-49.30102,-25.13718],[-49.3007,-25.13694],[-49.30059,-25.13679],[-49.3005,-25.13656],[-49.30026,-25.13643],[-49.3,-25.13622],[-49.29982,-25.13607],[-49.29962,-25.13596],[-49.29949,-25.1359],[-49.29932,-25.13566],[-49.29906,-25.1353],[-49.29891,-25.13493],[-49.29874,-25.13444],[-49.29867,-25.13424],[-49.29855,-25.13391],[-49.29838,-25.13355],[-49.29836,-25.13331],[-49.29847,-25.13316],[-49.29866,-25.13303],[-49.29885,-25.13297],[-49.29898,-25.13288],[-49.29908,-25.1328],[-49.29913,-25.13267],[-49.29916,-25.13244],[-49.29912,-25.13218],[-49.29901,-25.13201],[-49.29874,-25.13186],[-49.29839,-25.13165],[-49.29815,-25.13147],[-49.29805,-25.13127],[-49.29793,-25.13098],[-49.29782,-25.1308],[-49.29778,-25.13063],[-49.29787,-25.13049],[-49.29798,-25.13033],[-49.29798,-25.13018],[-49.29788,-25.13001],[-49.29765,-25.12984],[-49.29739,-25.12961],[-49.29733,-25.12942],[-49.29719,-25.1292],[-49.29714,-25.129],[-49.29714,-25.12883],[-49.29728,-25.12864],[-49.29752,-25.12833],[-49.29771,-25.12799],[-49.29783,-25.12774],[-49.29786,-25.12742],[-49.29791,-25.12712],[-49.29789,-25.12674],[-49.29779,-25.12612],[-49.29771,-25.12565],[-49.29772,-25.12532],[-49.29779,-25.12495],[-49.29782,-25.12462],[-49.29781,-25.12423],[-49.29774,-25.12397],[-49.29758,-25.12384],[-49.29748,-25.12365],[-49.29706,-25.12309],[-49.29677,-25.1226],[-49.29662,-25.12229],[-49.29657,-25.122],[-49.29668,-25.12159],[-49.29675,-25.1215],[-49.29699,-25.12139],[-49.29727,-25.12137],[-49.29742,-25.12124],[-49.29769,-25.12101],[-49.29798,-25.12076],[-49.29841,-25.12063],[-49.29856,-25.12063],[-49.29887,-25.12054],[-49.29916,-25.12042],[-49.29937,-25.12038],[-49.29965,-25.1204],[-49.2998,-25.12042],[-49.29993,-25.12036],[-49.30018,-25.12013],[-49.30046,-25.11988],[-49.30099,-25.11963],[-49.30121,-25.11951],[-49.30172,-25.11916],[-49.30212,-25.11889],[-49.30257,-25.11859],[-49.3028,-25.11848],[-49.30302,-25.1183],[-49.30306,-25.11808],[-49.30312,-25.11792],[-49.30332,-25.11788],[-49.3035,-25.11784],[-49.30384,-25.1179],[-49.30412,-25.11788],[-49.30462,-25.11779],[-49.30503,-25.11773],[-49.30519,-25.11765],[-49.30534,-25.11741],[-49.30546,-25.11723],[-49.30556,-25.11712],[-49.3056,-25.11697],[-49.3057,-25.11683],[-49.30575,-25.11672],[-49.30571,-25.11652],[-49.30586,-25.11637],[-49.30593,-25.11621],[-49.30594,-25.11602],[-49.30581,-25.11582],[-49.30557,-25.11568],[-49.3054,-25.11554],[-49.30534,-25.11537],[-49.30522,-25.11524],[-49.30508,-25.11514],[-49.30496,-25.11513],[-49.30466,-25.11525],[-49.30435,-25.11536],[-49.30422,-25.11527],[-49.30411,-25.11513],[-49.30392,-25.11504],[-49.3039,-25.11494],[-49.30379,-25.11469],[-49.30366,-25.11453],[-49.30341,-25.11437],[-49.30313,-25.11425],[-49.303,-25.11409],[-49.30284,-25.11408],[-49.3027,-25.11411],[-49.30259,-25.11417],[-49.30245,-25.11409],[-49.30238,-25.11394],[-49.30241,-25.11377],[-49.30245,-25.11366],[-49.30241,-25.11355],[-49.30225,-25.11338],[-49.30191,-25.11315],[-49.30169,-25.11299],[-49.30168,-25.11286],[-49.30168,-25.11276],[-49.30166,-25.11261],[-49.30155,-25.11254],[-49.30137,-25.11253],[-49.3013,-25.11246],[-49.30121,-25.11226],[-49.30114,-25.11212],[-49.30092,-25.11207],[-49.30072,-25.11194],[-49.3006,-25.11172],[-49.30057,-25.11156],[-49.30049,-25.1115],[-49.30029,-25.11153],[-49.30009,-25.1116],[-49.29994,-25.11168],[-49.29988,-25.11177],[-49.29971,-25.11192],[-49.29957,-25.11202],[-49.29938,-25.11211],[-49.29925,-25.11212],[-49.29913,-25.11203],[-49.29902,-25.11178],[-49.29897,-25.11161],[-49.29886,-25.11156],[-49.29866,-25.11158],[-49.29848,-25.1117],[-49.29812,-25.11184],[-49.29779,-25.11199],[-49.29761,-25.11201],[-49.29747,-25.11196],[-49.29719,-25.11183],[-49.29687,-25.11175],[-49.29662,-25.11174],[-49.29647,-25.11177],[-49.29638,-25.11174],[-49.29634,-25.11157],[-49.29651,-25.11137],[-49.2966,-25.11119],[-49.29659,-25.11099],[-49.29654,-25.11075],[-49.29635,-25.11061],[-49.29611,-25.11045],[-49.29591,-25.1103],[-49.29583,-25.11014],[-49.29585,-25.10997],[-49.29591,-25.1099],[-49.29607,-25.10986],[-49.29625,-25.10982],[-49.29644,-25.10973],[-49.29662,-25.10955],[-49.29674,-25.1094],[-49.29674,-25.10918],[-49.29657,-25.10906],[-49.29636,-25.10886],[-49.29628,-25.10865],[-49.29634,-25.10855],[-49.2966,-25.10842],[-49.29683,-25.10831],[-49.29689,-25.10818],[-49.29697,-25.10801],[-49.29708,-25.10764],[-49.29714,-25.10741],[-49.29709,-25.10724],[-49.29691,-25.10701],[-49.2966,-25.10692],[-49.29626,-25.10684],[-49.29603,-25.10684],[-49.29585,-25.10677],[-49.29578,-25.10664],[-49.29579,-25.10645],[-49.29569,-25.10619],[-49.29566,-25.10594],[-49.29562,-25.10574],[-49.29555,-25.10561],[-49.29541,-25.10552],[-49.29538,-25.10537],[-49.2954,-25.10517],[-49.29552,-25.10506],[-49.29569,-25.10499],[-49.29579,-25.10489],[-49.296,-25.10459],[-49.2961,-25.10447],[-49.29631,-25.10445],[-49.2966,-25.10443],[-49.29671,-25.10436],[-49.29675,-25.10423],[-49.2967,-25.10383],[-49.29675,-25.10357],[-49.29686,-25.10339],[-49.29705,-25.10311],[-49.29723,-25.10281],[-49.29742,-25.1027],[-49.29773,-25.10267],[-49.29816,-25.10273],[-49.29832,-25.10273],[-49.29846,-25.10271],[-49.29855,-25.10262],[-49.29865,-25.10239],[-49.29877,-25.10208],[-49.29896,-25.10195],[-49.29917,-25.10188],[-49.29946,-25.10184],[-49.29966,-25.10188],[-49.2998,-25.10198],[-49.30004,-25.10203],[-49.30016,-25.102],[-49.30028,-25.10178],[-49.30031,-25.10162],[-49.30038,-25.10149],[-49.3006,-25.10134],[-49.3007,-25.10115],[-49.30081,-25.10087],[-49.30087,-25.1006],[-49.30096,-25.10039],[-49.30107,-25.1003],[-49.30122,-25.10025],[-49.30152,-25.1002],[-49.30166,-25.10009],[-49.30183,-25.0999],[-49.30201,-25.09979],[-49.30209,-25.09961],[-49.30211,-25.09941],[-49.30219,-25.09928],[-49.30233,-25.09909],[-49.3025,-25.09892],[-49.30249,-25.0988],[-49.30246,-25.09871],[-49.30232,-25.09869],[-49.30198,-25.09872],[-49.30164,-25.09881],[-49.30124,-25.09895],[-49.30109,-25.09899],[-49.30099,-25.09909],[-49.30071,-25.09925],[-49.30035,-25.09938],[-49.29997,-25.09943],[-49.29969,-25.09943],[-49.29918,-25.09941],[-49.29883,-25.09941],[-49.29861,-25.09943],[-49.2984,-25.09957],[-49.29812,-25.09977],[-49.29796,-25.09982],[-49.29781,-25.0999],[-49.29765,-25.09994],[-49.29746,-25.09991],[-49.29731,-25.09986],[-49.29714,-25.09995],[-49.29705,-25.10006],[-49.29708,-25.10022],[-49.29703,-25.10048],[-49.29692,-25.10058],[-49.29666,-25.10062],[-49.29641,-25.1007],[-49.29608,-25.10072],[-49.2958,-25.10068],[-49.2956,-25.10055],[-49.29548,-25.10028],[-49.29538,-25.09994],[-49.29534,-25.09966],[-49.29526,-25.09938],[-49.29519,-25.09922],[-49.29502,-25.09918],[-49.2949,-25.0993],[-49.29479,-25.09961],[-49.29468,-25.09992],[-49.2946,-25.10009],[-49.29452,-25.10028],[-49.29432,-25.10042],[-49.29407,-25.10051],[-49.2939,-25.10058],[-49.29371,-25.10082],[-49.29361,-25.10109],[-49.29338,-25.10131],[-49.29314,-25.10137],[-49.29287,-25.10138],[-49.2928,-25.10141],[-49.29271,-25.10153],[-49.29268,-25.10168],[-49.29251,-25.10197],[-49.29236,-25.10211],[-49.29221,-25.10216],[-49.29206,-25.1021],[-49.29187,-25.10199],[-49.29174,-25.10182],[-49.2917,-25.10162],[-49.29177,-25.10137],[-49.29179,-25.10118],[-49.29165,-25.10094],[-49.29156,-25.1007],[-49.29147,-25.10041],[-49.29144,-25.10026],[-49.29155,-25.10006],[-49.29167,-25.09988],[-49.29169,-25.09969],[-49.29167,-25.09949],[-49.29162,-25.09932],[-49.29163,-25.0992],[-49.29169,-25.09905],[-49.29176,-25.09887],[-49.29174,-25.09859],[-49.29166,-25.09831],[-49.29148,-25.09811],[-49.29121,-25.09784],[-49.29085,-25.09751],[-49.2906,-25.09734],[-49.29034,-25.09724],[-49.29008,-25.09711],[-49.29004,-25.09703],[-49.2899,-25.09669],[-49.28981,-25.09646],[-49.28966,-25.09622],[-49.28964,-25.09602],[-49.28959,-25.09591],[-49.28949,-25.09572],[-49.28939,-25.0956],[-49.28933,-25.09552],[-49.28914,-25.09542],[-49.28891,-25.0954],[-49.28873,-25.09542],[-49.28859,-25.09549],[-49.28845,-25.09561],[-49.28834,-25.09564],[-49.28818,-25.09564],[-49.28805,-25.09572]]}},{"type":"Feature","properties":{"n":"","h":"track"},"geometry":{"type":"LineString","coordinates":[[-49.3045,-25.1782],[-49.30445,-25.17792],[-49.30426,-25.17762],[-49.30374,-25.17728],[-49.30336,-25.17692],[-49.30311,-25.1767],[-49.3028,-25.17659],[-49.3026,-25.17644],[-49.30236,-25.17634],[-49.30223,-25.17611],[-49.30195,-25.17595],[-49.30133,-25.17572],[-49.30047,-25.17531],[-49.2999,-25.175],[-49.29933,-25.17477],[-49.29923,-25.17453],[-49.29903,-25.17436],[-49.29866,-25.17437],[-49.29823,-25.17437],[-49.29789,-25.17438],[-49.2977,-25.17424],[-49.29735,-25.17407],[-49.29704,-25.17397],[-49.2966,-25.17409],[-49.29614,-25.17429],[-49.29576,-25.17441],[-49.2954,-25.17449],[-49.29512,-25.17456],[-49.29485,-25.1746],[-49.29472,-25.17451],[-49.2945,-25.17426],[-49.29433,-25.17399],[-49.29421,-25.17373],[-49.29417,-25.17349],[-49.29397,-25.17315],[-49.29378,-25.17279],[-49.29363,-25.17253],[-49.29355,-25.17227],[-49.2935,-25.17178],[-49.29336,-25.17129],[-49.29316,-25.17117],[-49.29272,-25.17111],[-49.29209,-25.17087],[-49.29166,-25.17056],[-49.29146,-25.17043],[-49.29115,-25.17033],[-49.29085,-25.17018],[-49.28984,-25.1697],[-49.28934,-25.16942],[-49.28876,-25.16915],[-49.28837,-25.16899],[-49.28804,-25.16891],[-49.28764,-25.16871],[-49.28741,-25.16846],[-49.28711,-25.16819],[-49.28695,-25.16803],[-49.28672,-25.16772]]}},{"type":"Feature","properties":{"n":"","h":"tertiary"},"geometry":{"type":"LineString","coordinates":[[-49.4412,-24.90086],[-49.44036,-24.90129]]}},{"type":"Feature","properties":{"n":"","h":"unclassified"},"geometry":{"type":"LineString","coordinates":[[-49.32345,-25.19583],[-49.32332,-25.19594]]}},{"type":"Feature","properties":{"n":"","h":"unclassified"},"geometry":{"type":"LineString","coordinates":[[-49.32332,-25.19594],[-49.32313,-25.19612],[-49.32306,-25.19614],[-49.32293,-25.19612],[-49.32283,-25.19608],[-49.32276,-25.19603],[-49.32259,-25.19595],[-49.32252,-25.19593],[-49.32245,-25.19597],[-49.32234,-25.19607],[-49.32219,-25.19628],[-49.32189,-25.19662],[-49.32183,-25.19669],[-49.32179,-25.19676],[-49.3218,-25.19691],[-49.32181,-25.19699],[-49.32181,-25.19707],[-49.32177,-25.19714],[-49.32167,-25.19718],[-49.32161,-25.19715],[-49.32158,-25.19704],[-49.32161,-25.19695],[-49.32172,-25.19668],[-49.32179,-25.19649],[-49.3218,-25.19634],[-49.32176,-25.19618],[-49.3217,-25.19604],[-49.3216,-25.19592],[-49.32147,-25.19582],[-49.32141,-25.19578],[-49.32126,-25.19572],[-49.32112,-25.19569],[-49.3208,-25.19566],[-49.32061,-25.19563],[-49.32044,-25.19558],[-49.32025,-25.19547],[-49.32007,-25.19533],[-49.32001,-25.19526],[-49.31985,-25.19499],[-49.31982,-25.19488],[-49.31983,-25.19479],[-49.31988,-25.19472],[-49.32003,-25.19462]]}},{"type":"Feature","properties":{"n":"Rua Açungui","h":"secondary"},"geometry":{"type":"LineString","coordinates":[[-49.31257,-25.17954],[-49.3126,-25.17939],[-49.31263,-25.17925],[-49.31268,-25.17906],[-49.31272,-25.17893],[-49.3128,-25.17875],[-49.31292,-25.17856],[-49.31304,-25.17843],[-49.31323,-25.17832],[-49.31345,-25.17822],[-49.31387,-25.1781],[-49.31395,-25.17808],[-49.31466,-25.17796],[-49.31501,-25.17791],[-49.31544,-25.17786]]}},{"type":"Feature","properties":{"n":"Travessa Aidê Rocha","h":"residential"},"geometry":{"type":"LineString","coordinates":[[-49.31352,-25.18982],[-49.31304,-25.18972],[-49.3128,-25.18969],[-49.31267,-25.1897],[-49.31235,-25.18975]]}},{"type":"Feature","properties":{"n":"","h":"unclassified"},"geometry":{"type":"LineString","coordinates":[[-49.52032,-24.91073],[-49.52015,-24.91114]]}},{"type":"Feature","properties":{"n":"","h":"unclassified"},"geometry":{"type":"LineString","coordinates":[[-49.52015,-24.91114],[-49.52009,-24.91132],[-49.51985,-24.91155],[-49.51926,-24.91189],[-49.51817,-24.9125],[-49.51764,-24.91301],[-49.51658,-24.91405],[-49.51601,-24.91564],[-49.51578,-24.91633],[-49.51541,-24.91648],[-49.51484,-24.9164],[-49.51405,-24.91664],[-49.51301,-24.91725],[-49.51141,-24.91807],[-49.50898,-24.91926],[-49.50836,-24.9194],[-49.50799,-24.91962],[-49.50771,-24.91992],[-49.50745,-24.91994],[-49.507,-24.9199],[-49.50612,-24.9202],[-49.50595,-24.92059],[-49.50609,-24.92119],[-49.50584,-24.92141],[-49.50515,-24.92158],[-49.50463,-24.92199],[-49.50406,-24.92229],[-49.5038,-24.92265],[-49.50327,-24.92275],[-49.50289,-24.92323],[-49.50298,-24.92366],[-49.50261,-24.92468],[-49.50239,-24.92477],[-49.50164,-24.92447],[-49.50109,-24.92422],[-49.50011,-24.92412],[-49.49952,-24.92378],[-49.49933,-24.92382],[-49.49923,-24.92415],[-49.49901,-24.9242],[-49.49855,-24.92385],[-49.49831,-24.92397],[-49.49795,-24.92429],[-49.4975,-24.92454],[-49.49737,-24.92481],[-49.49691,-24.92484],[-49.49615,-24.92492],[-49.49565,-24.92524],[-49.4951,-24.92589],[-49.49468,-24.92596],[-49.49364,-24.92597],[-49.49268,-24.92651],[-49.49169,-24.92699],[-49.49144,-24.92717],[-49.49043,-24.92806],[-49.49016,-24.9286],[-49.48908,-24.92948],[-49.48798,-24.9301],[-49.4877,-24.93017],[-49.48696,-24.93022],[-49.48666,-24.93031]]}},{"type":"Feature","properties":{"n":"","h":"unclassified"},"geometry":{"type":"LineString","coordinates":[[-49.4845,-24.93012],[-49.48418,-24.92996]]}},{"type":"Feature","properties":{"n":"","h":"unclassified"},"geometry":{"type":"LineString","coordinates":[[-49.48418,-24.92996],[-49.48357,-24.92965]]}},{"type":"Feature","properties":{"n":"","h":"unclassified"},"geometry":{"type":"LineString","coordinates":[[-49.49339,-24.93511],[-49.49372,-24.93534],[-49.49394,-24.93578],[-49.49413,-24.93613],[-49.49427,-24.93667],[-49.49462,-24.93698],[-49.49513,-24.93716],[-49.49536,-24.93761],[-49.49702,-24.9399],[-49.49726,-24.94044],[-49.49678,-24.94115],[-49.49636,-24.94222],[-49.49608,-24.94233],[-49.49608,-24.94275],[-49.49648,-24.94346],[-49.49738,-24.94407],[-49.49778,-24.94467],[-49.49795,-24.94528],[-49.49831,-24.94589],[-49.49843,-24.94632],[-49.4989,-24.94661],[-49.49932,-24.94722],[-49.49993,-24.94759],[-49.50069,-24.94779],[-49.50107,-24.9482],[-49.50157,-24.94815],[-49.50205,-24.94855],[-49.50216,-24.94886],[-49.50278,-24.94886],[-49.50302,-24.94914],[-49.50349,-24.94924],[-49.50374,-24.94951],[-49.50431,-24.95001],[-49.50501,-24.9503],[-49.5065,-24.95038],[-49.50781,-24.95046],[-49.50816,-24.95058],[-49.50845,-24.95094],[-49.50866,-24.95157],[-49.50894,-24.95182],[-49.5091,-24.95222],[-49.50863,-24.95273],[-49.50775,-24.95365],[-49.5073,-24.9539],[-49.507,-24.9544],[-49.5066,-24.95473],[-49.50641,-24.95487],[-49.50642,-24.95507],[-49.5069,-24.95524],[-49.50719,-24.9557],[-49.50713,-24.956],[-49.50674,-24.95643],[-49.50683,-24.9568],[-49.50664,-24.95755],[-49.5069,-24.95808],[-49.5071,-24.95881],[-49.50738,-24.95915],[-49.50882,-24.961],[-49.50902,-24.96164],[-49.50919,-24.96221],[-49.50935,-24.96276],[-49.5095,-24.96326],[-49.50935,-24.96373],[-49.50857,-24.96439],[-49.50848,-24.96533],[-49.50833,-24.96542],[-49.50774,-24.96568],[-49.50738,-24.96565],[-49.5068,-24.96571],[-49.50682,-24.96586],[-49.50697,-24.96626],[-49.50694,-24.96672],[-49.50723,-24.96713],[-49.50728,-24.96739],[-49.50719,-24.96781],[-49.50694,-24.96803],[-49.50672,-24.96819],[-49.50642,-24.96839],[-49.50653,-24.96887],[-49.50638,-24.96892],[-49.50581,-24.96882],[-49.5053,-24.96826],[-49.50519,-24.96788],[-49.50441,-24.96775],[-49.50424,-24.96752],[-49.50402,-24.9676],[-49.50386,-24.9678],[-49.50331,-24.96786],[-49.50309,-24.96792],[-49.50253,-24.96869],[-49.50222,-24.96886],[-49.50156,-24.969],[-49.50109,-24.96884],[-49.50052,-24.96901],[-49.50012,-24.969],[-49.49932,-24.96866],[-49.49887,-24.969],[-49.49832,-24.96894],[-49.49735,-24.96896],[-49.49673,-24.96929],[-49.49582,-24.96966],[-49.4949,-24.96963],[-49.49388,-24.9692],[-49.49302,-24.96943],[-49.49255,-24.96964],[-49.49216,-24.96945],[-49.49142,-24.96981],[-49.49121,-24.97031],[-49.49045,-24.97013],[-49.48949,-24.96979],[-49.48919,-24.97015],[-49.48894,-24.97028],[-49.48884,-24.97018],[-49.4886,-24.96963],[-49.48779,-24.96915],[-49.48717,-24.96917],[-49.48623,-24.9697],[-49.48603,-24.96953],[-49.4861,-24.96905],[-49.4859,-24.96887],[-49.48549,-24.96884]]}},{"type":"Feature","properties":{"n":"Rua Alo Brandt","h":"residential"},"geometry":{"type":"LineString","coordinates":[[-49.30255,-25.19495],[-49.30242,-25.19459],[-49.30235,-25.19448],[-49.3023,-25.19444],[-49.30221,-25.19442],[-49.30204,-25.1944],[-49.30179,-25.19422]]}},{"type":"Feature","properties":{"n":"","h":"unclassified"},"geometry":{"type":"LineString","coordinates":[[-49.48549,-24.96884],[-49.48595,-24.96827],[-49.48614,-24.9681],[-49.487,-24.96811],[-49.48752,-24.96799],[-49.4877,-24.96776],[-49.48771,-24.96744],[-49.48767,-24.96703],[-49.4878,-24.96661],[-49.48787,-24.96604],[-49.48791,-24.96577],[-49.48782,-24.96563],[-49.48748,-24.96553],[-49.48708,-24.96529],[-49.48693,-24.96503],[-49.48701,-24.9648],[-49.48705,-24.96459],[-49.487,-24.96429],[-49.48672,-24.96381],[-49.4865,-24.96336],[-49.48628,-24.96316],[-49.4861,-24.96309],[-49.48595,-24.96287],[-49.4857,-24.96264],[-49.48541,-24.96217],[-49.48503,-24.96193],[-49.48463,-24.96186],[-49.48419,-24.96197],[-49.48365,-24.96184],[-49.48326,-24.96151],[-49.48276,-24.96101],[-49.48227,-24.96095],[-49.48188,-24.96111],[-49.48152,-24.96131],[-49.48125,-24.96168],[-49.48099,-24.96175],[-49.48068,-24.96167],[-49.48047,-24.96158],[-49.48027,-24.96165],[-49.48002,-24.96192],[-49.47963,-24.96219],[-49.47939,-24.96222],[-49.47908,-24.96201],[-49.47867,-24.96174],[-49.47835,-24.96137],[-49.47804,-24.9613],[-49.47779,-24.96128],[-49.47752,-24.96115],[-49.47736,-24.96088],[-49.4771,-24.96023],[-49.47686,-24.95984],[-49.47673,-24.95959],[-49.47674,-24.95936],[-49.47676,-24.95919],[-49.47665,-24.95892],[-49.47665,-24.95838],[-49.47682,-24.95782],[-49.47717,-24.95755],[-49.47752,-24.95726],[-49.47768,-24.95712],[-49.47758,-24.95677],[-49.47718,-24.95632],[-49.47697,-24.95612],[-49.47639,-24.95597],[-49.47607,-24.95583],[-49.47577,-24.95539],[-49.4754,-24.95524],[-49.47514,-24.95493],[-49.47476,-24.95483],[-49.47451,-24.95476],[-49.47424,-24.95443],[-49.47373,-24.9541],[-49.47325,-24.95392],[-49.47288,-24.95383],[-49.47264,-24.95374],[-49.47235,-24.95344],[-49.47198,-24.95295],[-49.47173,-24.95266],[-49.47151,-24.95233],[-49.47141,-24.95219],[-49.47108,-24.95195],[-49.47094,-24.9517],[-49.47083,-24.95148],[-49.47069,-24.9511],[-49.47077,-24.95088],[-49.47107,-24.95066],[-49.47154,-24.9504],[-49.47193,-24.95023],[-49.4723,-24.9499],[-49.47284,-24.94941],[-49.47304,-24.94908],[-49.47345,-24.94884],[-49.47376,-24.94862],[-49.47398,-24.94831],[-49.47408,-24.94792],[-49.47415,-24.94772],[-49.47447,-24.94722],[-49.47495,-24.94661],[-49.47582,-24.94553],[-49.47606,-24.94471]]}},{"type":"Feature","properties":{"n":"","h":"unclassified"},"geometry":{"type":"LineString","coordinates":[[-49.32969,-25.19062],[-49.33057,-25.18955],[-49.33128,-25.18863],[-49.33156,-25.18824],[-49.33184,-25.18775],[-49.33221,-25.18694],[-49.33226,-25.18682],[-49.3324,-25.18672],[-49.33267,-25.18657],[-49.33271,-25.18648],[-49.3327,-25.18636],[-49.33267,-25.18606],[-49.33272,-25.18593],[-49.33284,-25.18578],[-49.33308,-25.18552],[-49.33323,-25.18536],[-49.3334,-25.18525],[-49.33363,-25.18507],[-49.33405,-25.18476],[-49.33419,-25.18457],[-49.33428,-25.18435],[-49.33455,-25.18384],[-49.3346,-25.18352],[-49.33466,-25.18276],[-49.33479,-25.18248],[-49.33502,-25.18223],[-49.33527,-25.18194],[-49.3353,-25.18177],[-49.33527,-25.18167],[-49.33524,-25.18161],[-49.33501,-25.18139],[-49.33498,-25.18132],[-49.33497,-25.18126],[-49.33503,-25.18115],[-49.33509,-25.18111],[-49.33535,-25.18099],[-49.33614,-25.18086],[-49.33675,-25.18047],[-49.33702,-25.18045],[-49.33726,-25.18086],[-49.33757,-25.18079],[-49.33773,-25.18035],[-49.33746,-25.17965],[-49.33729,-25.17942]]}},{"type":"Feature","properties":{"n":"","h":"tertiary"},"geometry":{"type":"LineString","coordinates":[[-49.53618,-24.98736],[-49.53578,-24.98732],[-49.53564,-24.98734],[-49.53551,-24.98744],[-49.53541,-24.98769],[-49.53532,-24.98782],[-49.53513,-24.98796],[-49.5346,-24.98824],[-49.53423,-24.98844],[-49.53408,-24.98845],[-49.53392,-24.9884],[-49.53381,-24.98828],[-49.53357,-24.98781],[-49.53348,-24.98775],[-49.53328,-24.98768],[-49.53305,-24.98761],[-49.53275,-24.98739],[-49.53121,-24.98631],[-49.53077,-24.98611],[-49.53053,-24.98599],[-49.5301,-24.98555],[-49.52958,-24.98478],[-49.52949,-24.98462],[-49.52942,-24.98435],[-49.52935,-24.98372],[-49.52931,-24.98342],[-49.52922,-24.98322],[-49.52905,-24.9831],[-49.52888,-24.98306],[-49.52866,-24.9831],[-49.52823,-24.98334],[-49.52769,-24.98364],[-49.52744,-24.98375],[-49.5272,-24.98376],[-49.52691,-24.98376],[-49.52645,-24.98374],[-49.52596,-24.98362],[-49.52574,-24.98356],[-49.52559,-24.98348],[-49.52528,-24.98313],[-49.52519,-24.98308],[-49.52509,-24.98306],[-49.52482,-24.9831],[-49.5237,-24.98363],[-49.52314,-24.98386],[-49.5227,-24.98397],[-49.52245,-24.98409],[-49.52198,-24.98446],[-49.52165,-24.98461],[-49.52117,-24.98476],[-49.52058,-24.98508],[-49.52014,-24.98544],[-49.51952,-24.9862],[-49.51889,-24.9864],[-49.5184,-24.98634],[-49.51803,-24.98651],[-49.51635,-24.98622]]}},{"type":"Feature","properties":{"n":"","h":"unclassified"},"geometry":{"type":"LineString","coordinates":[[-49.51432,-24.98717],[-49.51417,-24.98788],[-49.51422,-24.98837],[-49.51407,-24.98859],[-49.51357,-24.98866],[-49.51291,-24.98834],[-49.51251,-24.98841],[-49.51191,-24.98906],[-49.51159,-24.98919],[-49.51128,-24.98958],[-49.51099,-24.98971],[-49.51092,-24.98998],[-49.51119,-24.99078],[-49.51088,-24.99096],[-49.51043,-24.9911],[-49.50989,-24.99169],[-49.50929,-24.99206],[-49.50905,-24.99205],[-49.50899,-24.9922],[-49.50787,-24.99267],[-49.50714,-24.99285],[-49.50616,-24.99294],[-49.50596,-24.99294],[-49.50549,-24.99304],[-49.5052,-24.99347],[-49.50469,-24.99352]]}},{"type":"Feature","properties":{"n":"Rua Mato Grosso","h":"residential"},"geometry":{"type":"LineString","coordinates":[[-49.30222,-25.18733],[-49.30239,-25.18775]]}},{"type":"Feature","properties":{"n":"Rodovia Gertrudes Manguer da Rosa","h":"secondary"},"geometry":{"type":"LineString","coordinates":[[-49.33857,-25.01035],[-49.33887,-25.01032]]}},{"type":"Feature","properties":{"n":"Rodovia Gertrudes Manguer da Rosa","h":"secondary"},"geometry":{"type":"LineString","coordinates":[[-49.34358,-25.01591],[-49.3438,-25.01603],[-49.34405,-25.01609],[-49.34658,-25.01657],[-49.34712,-25.01672],[-49.34736,-25.01686],[-49.34815,-25.01792],[-49.34851,-25.01851],[-49.34892,-25.01989],[-49.34905,-25.02013],[-49.3493,-25.02039],[-49.35058,-25.02171],[-49.35167,-25.02341],[-49.35199,-25.02375],[-49.35238,-25.0241],[-49.35284,-25.02483],[-49.35336,-25.02511],[-49.35384,-25.02543],[-49.35428,-25.02595],[-49.35498,-25.02688],[-49.35559,-25.02803],[-49.35603,-25.02862],[-49.35716,-25.02961],[-49.35749,-25.03003],[-49.35769,-25.03048],[-49.35837,-25.03283],[-49.36028,-25.03562],[-49.36045,-25.03603],[-49.36055,-25.03801],[-49.36067,-25.03838],[-49.36139,-25.03966],[-49.36155,-25.04001],[-49.36163,-25.04058],[-49.36169,-25.04083],[-49.36383,-25.0439],[-49.36394,-25.04411],[-49.36411,-25.04493],[-49.36421,-25.04514],[-49.3646,-25.04564],[-49.3649,-25.04626],[-49.36556,-25.04785],[-49.3661,-25.04934],[-49.36718,-25.05101],[-49.36744,-25.05188],[-49.36771,-25.05226],[-49.36794,-25.05249],[-49.36804,-25.05274],[-49.36808,-25.05304],[-49.36853,-25.05428],[-49.36866,-25.05452],[-49.36892,-25.05472],[-49.36911,-25.05494],[-49.36919,-25.05513],[-49.36934,-25.05618],[-49.36951,-25.05654],[-49.36966,-25.05674],[-49.36969,-25.05684],[-49.36966,-25.05706],[-49.36967,-25.05732],[-49.36981,-25.05763],[-49.37022,-25.05832],[-49.37038,-25.05869],[-49.37051,-25.05887],[-49.3707,-25.05898],[-49.37098,-25.05904],[-49.37135,-25.05907],[-49.37185,-25.05911],[-49.37282,-25.0593],[-49.37344,-25.0596],[-49.37383,-25.05983],[-49.37436,-25.06025],[-49.37446,-25.06046],[-49.37456,-25.06089],[-49.37507,-25.06214],[-49.3753,-25.0628],[-49.37558,-25.06326],[-49.37566,-25.06386],[-49.37586,-25.06443],[-49.37597,-25.06474],[-49.37598,-25.0651],[-49.37573,-25.06623],[-49.37566,-25.06644],[-49.37567,-25.06665],[-49.3767,-25.0683],[-49.37734,-25.06927],[-49.3782,-25.07034],[-49.37843,-25.07077],[-49.37903,-25.07281],[-49.37908,-25.07313],[-49.37902,-25.07348],[-49.37889,-25.07381],[-49.3782,-25.07486],[-49.37803,-25.07507],[-49.37775,-25.07519],[-49.37675,-25.07543],[-49.37638,-25.07565],[-49.37613,-25.07594],[-49.37599,-25.07649],[-49.37593,-25.07682],[-49.37586,-25.07703],[-49.37568,-25.07719],[-49.37553,-25.07726],[-49.37527,-25.07722],[-49.37511,-25.07711],[-49.37489,-25.07697],[-49.37466,-25.0769],[-49.3744,-25.07689],[-49.3742,-25.07696],[-49.37402,-25.0771],[-49.37393,-25.07725],[-49.37396,-25.07741],[-49.37398,-25.07761],[-49.37396,-25.07779],[-49.37388,-25.07796],[-49.37372,-25.07804],[-49.37356,-25.07809],[-49.37336,-25.07811],[-49.37313,-25.07814],[-49.37299,-25.0782],[-49.37288,-25.07834],[-49.37275,-25.07851],[-49.37264,-25.07868],[-49.37257,-25.0788],[-49.37239,-25.07888],[-49.37217,-25.07888],[-49.37194,-25.0788],[-49.37138,-25.07851],[-49.37115,-25.07846],[-49.37095,-25.07853],[-49.37079,-25.07868],[-49.37048,-25.07917],[-49.37038,-25.0795],[-49.37035,-25.0802],[-49.37041,-25.0804],[-49.37055,-25.08054],[-49.37084,-25.08068],[-49.37098,-25.08088],[-49.37129,-25.08142],[-49.37149,-25.08161],[-49.37168,-25.08174],[-49.37197,-25.08185],[-49.37232,-25.08196],[-49.37288,-25.08205],[-49.37316,-25.08212],[-49.37341,-25.0823],[-49.37365,-25.08256],[-49.37393,-25.08296],[-49.37461,-25.08399],[-49.37479,-25.0844],[-49.37493,-25.08478],[-49.37499,-25.08531],[-49.37514,-25.08869],[-49.37526,-25.08927],[-49.37542,-25.08953],[-49.37556,-25.08981],[-49.37565,-25.09013],[-49.37574,-25.09041],[-49.37578,-25.09059],[-49.37574,-25.09077],[-49.37555,-25.09112],[-49.37544,-25.09135],[-49.37532,-25.09158],[-49.37524,-25.09176],[-49.37508,-25.09193],[-49.37495,-25.09213],[-49.37416,-25.09365],[-49.37409,-25.09394],[-49.37411,-25.09421],[-49.37421,-25.09449],[-49.37443,-25.09485],[-49.37457,-25.09516],[-49.37468,-25.0954],[-49.37483,-25.09556],[-49.37502,-25.0957],[-49.37525,-25.0958],[-49.37551,-25.09579],[-49.37644,-25.09551],[-49.37677,-25.09551],[-49.37711,-25.09564],[-49.37726,-25.09592],[-49.37725,-25.09622],[-49.37699,-25.09707],[-49.37655,-25.09772],[-49.37653,-25.09798],[-49.37662,-25.09829],[-49.37671,-25.09844],[-49.37695,-25.09861],[-49.37716,-25.09881],[-49.37734,-25.09908],[-49.37756,-25.09929],[-49.37775,-25.09952],[-49.37783,-25.09975],[-49.37782,-25.10003],[-49.37771,-25.10028],[-49.37751,-25.10051],[-49.37723,-25.10072],[-49.37707,-25.1009],[-49.37702,-25.10113],[-49.37707,-25.10132],[-49.37753,-25.10199],[-49.37763,-25.10219],[-49.37759,-25.10243],[-49.37745,-25.10261],[-49.37725,-25.10274],[-49.3768,-25.10303],[-49.37654,-25.10319],[-49.37637,-25.10324],[-49.37608,-25.10324],[-49.37572,-25.10327],[-49.3747,-25.10347],[-49.37436,-25.1036],[-49.3742,-25.10372],[-49.37411,-25.10382],[-49.37392,-25.1039],[-49.37372,-25.10389],[-49.37353,-25.10383],[-49.37335,-25.10366],[-49.37302,-25.10336],[-49.37261,-25.10314],[-49.372,-25.10287],[-49.37173,-25.10281],[-49.37154,-25.10287],[-49.37142,-25.10299],[-49.3713,-25.10322],[-49.37125,-25.10342],[-49.37124,-25.10373],[-49.37117,-25.10398],[-49.37105,-25.1041],[-49.37091,-25.10412],[-49.37075,-25.1041],[-49.37056,-25.10415],[-49.3704,-25.10424],[-49.37029,-25.10435],[-49.37024,-25.10451],[-49.3702,-25.10466],[-49.37014,-25.10481],[-49.36995,-25.10496],[-49.36982,-25.10508],[-49.36981,-25.10525],[-49.36986,-25.10542],[-49.36994,-25.10562],[-49.36987,-25.10581],[-49.36971,-25.10592],[-49.36952,-25.10598],[-49.36922,-25.10593],[-49.36896,-25.10593],[-49.36878,-25.10598],[-49.36862,-25.10611],[-49.36857,-25.10632],[-49.36849,-25.10649],[-49.36826,-25.10664],[-49.36795,-25.10674],[-49.36763,-25.10679],[-49.36727,-25.10694],[-49.36655,-25.10752],[-49.36581,-25.10814],[-49.36564,-25.10831],[-49.36512,-25.10962],[-49.3651,-25.10988],[-49.36516,-25.11018],[-49.36528,-25.11036],[-49.36533,-25.11064],[-49.36535,-25.1109],[-49.36524,-25.11161],[-49.36523,-25.11177],[-49.36518,-25.11188],[-49.36505,-25.11196],[-49.36475,-25.11203],[-49.36454,-25.11214],[-49.36441,-25.11225],[-49.3643,-25.11242],[-49.3642,-25.11261],[-49.36406,-25.11275],[-49.36387,-25.11286],[-49.36359,-25.11297],[-49.36337,-25.11312],[-49.36327,-25.11329],[-49.3632,-25.11354],[-49.3631,-25.11372],[-49.363,-25.11384],[-49.36284,-25.11389],[-49.36265,-25.114],[-49.36257,-25.11416],[-49.36231,-25.1148],[-49.36213,-25.11496],[-49.36177,-25.11515],[-49.36147,-25.1154],[-49.36133,-25.1156],[-49.36127,-25.11592],[-49.36127,-25.11619],[-49.36135,-25.11659],[-49.36135,-25.11686],[-49.36126,-25.11713],[-49.36102,-25.11735],[-49.36034,-25.11774],[-49.36016,-25.11788],[-49.35989,-25.11805],[-49.35965,-25.11816],[-49.35904,-25.11836],[-49.35886,-25.11845],[-49.35873,-25.11857],[-49.35825,-25.11916],[-49.35752,-25.11996],[-49.35647,-25.12064],[-49.35611,-25.12098],[-49.35549,-25.12177],[-49.35523,-25.12267],[-49.35488,-25.12411],[-49.35476,-25.12447],[-49.3545,-25.12468],[-49.35409,-25.12482],[-49.3531,-25.12492],[-49.35284,-25.12498],[-49.3526,-25.12511],[-49.35247,-25.12533],[-49.35232,-25.1266],[-49.35268,-25.12794],[-49.35287,-25.12822],[-49.35297,-25.12842],[-49.35298,-25.12874],[-49.35259,-25.13013],[-49.35242,-25.13135],[-49.35229,-25.13159],[-49.35136,-25.13248],[-49.3511,-25.13266],[-49.34966,-25.1331],[-49.34922,-25.13321],[-49.34841,-25.13361],[-49.3476,-25.13405],[-49.34696,-25.1342],[-49.34532,-25.13564],[-49.34502,-25.13606],[-49.34493,-25.13655],[-49.3447,-25.13733],[-49.34454,-25.13757],[-49.34429,-25.13778],[-49.34354,-25.13824],[-49.3432,-25.13837],[-49.34283,-25.13843],[-49.34119,-25.13873],[-49.34056,-25.13892],[-49.34,-25.13918],[-49.33915,-25.13994],[-49.33762,-25.14138],[-49.33728,-25.14182],[-49.33707,-25.14219],[-49.33695,-25.14266],[-49.33656,-25.14503],[-49.33644,-25.14555],[-49.33633,-25.14573],[-49.33624,-25.14589],[-49.33578,-25.14637],[-49.33533,-25.14671],[-49.33452,-25.14705],[-49.33377,-25.14731],[-49.33336,-25.14751],[-49.33239,-25.14816],[-49.33202,-25.1484],[-49.33192,-25.14864],[-49.33193,-25.14888],[-49.33201,-25.14907],[-49.33252,-25.14949],[-49.33264,-25.14965],[-49.33269,-25.14986],[-49.33263,-25.15009],[-49.33182,-25.15084],[-49.33157,-25.15096],[-49.33127,-25.15104],[-49.33014,-25.15114],[-49.32983,-25.15121],[-49.32959,-25.15137],[-49.32945,-25.15171],[-49.32912,-25.15292],[-49.32895,-25.15311],[-49.32866,-25.15323],[-49.32763,-25.15332],[-49.32718,-25.15335],[-49.32687,-25.15342],[-49.3266,-25.15359],[-49.32641,-25.15383],[-49.32631,-25.15418],[-49.32637,-25.15456],[-49.32692,-25.15555],[-49.32751,-25.15671],[-49.32839,-25.15791],[-49.32854,-25.15812],[-49.32865,-25.15845],[-49.32868,-25.15876],[-49.32862,-25.15984],[-49.32855,-25.16004],[-49.32846,-25.16019],[-49.32839,-25.1603],[-49.32825,-25.16046],[-49.32818,-25.16052],[-49.32804,-25.16062],[-49.32789,-25.16069],[-49.32781,-25.16071],[-49.3277,-25.16072],[-49.32753,-25.16072],[-49.32734,-25.16068],[-49.32699,-25.16056],[-49.3268,-25.16052],[-49.32669,-25.1605],[-49.32657,-25.16052],[-49.32647,-25.16056],[-49.3262,-25.16067],[-49.32587,-25.16084],[-49.32565,-25.16098],[-49.32541,-25.16109],[-49.32528,-25.16111],[-49.3252,-25.1611],[-49.32509,-25.16107],[-49.32493,-25.16103],[-49.32473,-25.16096],[-49.32464,-25.16093],[-49.3245,-25.16093],[-49.32438,-25.16092],[-49.32422,-25.16094],[-49.3235,-25.16105],[-49.32266,-25.16116],[-49.32247,-25.16119],[-49.32235,-25.16124],[-49.32225,-25.16131],[-49.32217,-25.16139],[-49.322,-25.16167],[-49.32163,-25.16228],[-49.32143,-25.16267],[-49.32137,-25.1628],[-49.32133,-25.16294],[-49.32131,-25.16319],[-49.32129,-25.16338],[-49.32126,-25.16352],[-49.32122,-25.16363],[-49.32115,-25.16379],[-49.32102,-25.16407],[-49.32077,-25.16465],[-49.32045,-25.16518],[-49.32034,-25.16547]]}},{"type":"Feature","properties":{"n":"","h":"residential"},"geometry":{"type":"LineString","coordinates":[[-49.30439,-25.20277],[-49.30447,-25.20267],[-49.30451,-25.2026],[-49.30457,-25.20252],[-49.30464,-25.20244],[-49.30469,-25.20237],[-49.30473,-25.20226],[-49.30475,-25.20219],[-49.30478,-25.20209],[-49.30479,-25.202],[-49.30477,-25.2019],[-49.30471,-25.20181],[-49.30468,-25.20175],[-49.30464,-25.20166],[-49.30463,-25.20159],[-49.30461,-25.20151],[-49.30459,-25.20142],[-49.30457,-25.2013],[-49.30456,-25.20121],[-49.30455,-25.20112],[-49.30454,-25.20104],[-49.30454,-25.20098],[-49.30454,-25.20094],[-49.30455,-25.20091],[-49.30457,-25.20085],[-49.30461,-25.20081],[-49.30464,-25.20077],[-49.3047,-25.20072],[-49.30475,-25.20067],[-49.30483,-25.20061],[-49.3049,-25.20052],[-49.30496,-25.20043],[-49.30501,-25.20032],[-49.30505,-25.20022],[-49.30509,-25.2001],[-49.30514,-25.20003],[-49.3052,-25.19997],[-49.30526,-25.19995],[-49.30536,-25.19994],[-49.30549,-25.19992],[-49.30556,-25.19994],[-49.30569,-25.2],[-49.30581,-25.20008],[-49.30589,-25.2001],[-49.30599,-25.20014],[-49.3061,-25.20016],[-49.30624,-25.20015],[-49.30637,-25.20011],[-49.30651,-25.20007],[-49.30663,-25.20003],[-49.30678,-25.19997],[-49.30688,-25.19987],[-49.30701,-25.19975],[-49.30711,-25.19965],[-49.30717,-25.19953],[-49.30723,-25.19939],[-49.30725,-25.19926],[-49.30726,-25.1991],[-49.30723,-25.19896],[-49.30711,-25.1988],[-49.30705,-25.19871],[-49.30701,-25.1986],[-49.30701,-25.19848],[-49.30703,-25.19838],[-49.30707,-25.19831],[-49.30716,-25.19819],[-49.30726,-25.19809],[-49.30733,-25.19802],[-49.30742,-25.19797]]}},{"type":"Feature","properties":{"n":"","h":"residential"},"geometry":{"type":"LineString","coordinates":[[-49.3052,-25.19997],[-49.30514,-25.19984],[-49.3051,-25.19974],[-49.30505,-25.19964],[-49.305,-25.1996],[-49.3049,-25.19955],[-49.30475,-25.19952],[-49.30469,-25.19947],[-49.30466,-25.19942],[-49.30463,-25.19933],[-49.30461,-25.19923],[-49.30459,-25.19891],[-49.30457,-25.19859],[-49.30457,-25.19847],[-49.30456,-25.19838],[-49.30456,-25.19827]]}},{"type":"Feature","properties":{"n":"","h":"unclassified"},"geometry":{"type":"LineString","coordinates":[[-49.30071,-25.20178],[-49.30064,-25.20189],[-49.30057,-25.20203],[-49.30048,-25.2023],[-49.3004,-25.2024],[-49.30026,-25.20252],[-49.30009,-25.20273],[-49.29993,-25.20295],[-49.29979,-25.20316],[-49.29966,-25.20329],[-49.29947,-25.2035],[-49.29937,-25.20369],[-49.29934,-25.20388],[-49.29933,-25.204],[-49.2993,-25.2041],[-49.29924,-25.20427],[-49.29918,-25.20446],[-49.29909,-25.2048],[-49.29905,-25.20495],[-49.29905,-25.20506],[-49.29904,-25.20518],[-49.29901,-25.20527],[-49.29893,-25.20541],[-49.29891,-25.20553],[-49.29894,-25.20561],[-49.29897,-25.20568],[-49.29904,-25.2058],[-49.29912,-25.20587],[-49.29922,-25.20595],[-49.29934,-25.20609],[-49.29949,-25.20633],[-49.29965,-25.20657],[-49.29975,-25.20667]]}},{"type":"Feature","properties":{"n":"","h":"residential"},"geometry":{"type":"LineString","coordinates":[[-49.30127,-25.20689],[-49.30129,-25.20702],[-49.30131,-25.20713],[-49.30135,-25.20721],[-49.3014,-25.20729],[-49.30142,-25.20741],[-49.30144,-25.20753],[-49.30148,-25.20764],[-49.30156,-25.20774],[-49.30165,-25.2079],[-49.3017,-25.20803],[-49.30175,-25.20819],[-49.30179,-25.20832],[-49.30188,-25.2086],[-49.30201,-25.2088],[-49.30205,-25.20891],[-49.30203,-25.2091],[-49.302,-25.20926],[-49.30195,-25.20939],[-49.3019,-25.20953],[-49.30185,-25.20957],[-49.30179,-25.20957],[-49.30172,-25.20954],[-49.30169,-25.2095],[-49.30165,-25.20944],[-49.30157,-25.2094],[-49.30148,-25.20936],[-49.30139,-25.20935],[-49.30128,-25.20937],[-49.30121,-25.20939],[-49.30114,-25.20943],[-49.30108,-25.2095],[-49.30105,-25.20958],[-49.30106,-25.20966],[-49.30111,-25.20972],[-49.30118,-25.20975],[-49.30127,-25.20979],[-49.30134,-25.20983],[-49.30135,-25.20986]]}},{"type":"Feature","properties":{"n":"","h":"residential"},"geometry":{"type":"LineString","coordinates":[[-49.30201,-25.21033],[-49.30203,-25.21028],[-49.30207,-25.21018],[-49.30214,-25.21008]]}},{"type":"Feature","properties":{"n":"","h":"residential"},"geometry":{"type":"LineString","coordinates":[[-49.30565,-25.21385],[-49.30587,-25.21371],[-49.30612,-25.21358],[-49.30628,-25.21348],[-49.30651,-25.21334],[-49.30672,-25.21323],[-49.30689,-25.21311],[-49.30697,-25.21304],[-49.30701,-25.21296],[-49.30704,-25.21288],[-49.30702,-25.21265],[-49.307,-25.21246],[-49.30694,-25.2124],[-49.30687,-25.21237],[-49.30681,-25.21233],[-49.30678,-25.21228],[-49.30675,-25.2122],[-49.30673,-25.21207],[-49.30674,-25.21199],[-49.30679,-25.21191],[-49.30686,-25.21188],[-49.30699,-25.21191],[-49.3071,-25.21196],[-49.30721,-25.21204],[-49.30748,-25.21218]]}},{"type":"Feature","properties":{"n":"","h":"residential"},"geometry":{"type":"LineString","coordinates":[[-49.307,-25.21246],[-49.30709,-25.21245],[-49.30716,-25.21244],[-49.30721,-25.21244],[-49.30727,-25.21242],[-49.30731,-25.2124],[-49.30738,-25.21235],[-49.30744,-25.21232],[-49.3075,-25.2123]]}},{"type":"Feature","properties":{"n":"","h":"residential"},"geometry":{"type":"LineString","coordinates":[[-49.30417,-25.21114],[-49.3041,-25.21099],[-49.30409,-25.21092],[-49.3041,-25.21083],[-49.30417,-25.21071],[-49.30425,-25.2106],[-49.30432,-25.21045],[-49.30435,-25.21025],[-49.30438,-25.21015],[-49.30444,-25.21008],[-49.30456,-25.21002],[-49.30484,-25.20995]]}},{"type":"Feature","properties":{"n":"","h":"track"},"geometry":{"type":"LineString","coordinates":[[-49.32145,-25.22031],[-49.32157,-25.22074],[-49.32175,-25.22136]]}},{"type":"Feature","properties":{"n":"","h":"track"},"geometry":{"type":"LineString","coordinates":[[-49.24457,-25.22037],[-49.24411,-25.22023],[-49.24376,-25.22004],[-49.24339,-25.21994],[-49.24296,-25.21981],[-49.24254,-25.21969],[-49.24222,-25.21944],[-49.24205,-25.21914]]}},{"type":"Feature","properties":{"n":"","h":"unclassified"},"geometry":{"type":"LineString","coordinates":[[-49.24402,-25.22123],[-49.2436,-25.221],[-49.24323,-25.22091],[-49.24289,-25.22091],[-49.24235,-25.22088],[-49.24148,-25.22075],[-49.24108,-25.22066],[-49.24095,-25.22054],[-49.24092,-25.22038],[-49.24083,-25.2201],[-49.24071,-25.21995],[-49.24032,-25.21977],[-49.23989,-25.2196],[-49.23954,-25.21933],[-49.2393,-25.21902],[-49.23921,-25.21886]]}},{"type":"Feature","properties":{"n":"","h":"unclassified"},"geometry":{"type":"LineString","coordinates":[[-49.34081,-25.2029],[-49.3407,-25.20259],[-49.34063,-25.20226],[-49.34056,-25.20197],[-49.34046,-25.2018],[-49.34032,-25.20169],[-49.33991,-25.20154],[-49.33952,-25.20138],[-49.33936,-25.2013],[-49.33918,-25.2012],[-49.33887,-25.20112],[-49.33865,-25.201],[-49.33857,-25.20091],[-49.33858,-25.20082],[-49.33862,-25.20073],[-49.33877,-25.20061],[-49.33886,-25.20051],[-49.33893,-25.20038],[-49.33896,-25.20028],[-49.33894,-25.20018],[-49.33887,-25.20009],[-49.33873,-25.20002],[-49.33852,-25.2],[-49.33813,-25.20004],[-49.33789,-25.19999],[-49.33768,-25.19996],[-49.33724,-25.19985],[-49.33704,-25.19979],[-49.3369,-25.19973],[-49.33672,-25.19964],[-49.33664,-25.19955],[-49.33656,-25.19945],[-49.33647,-25.19929],[-49.3364,-25.19916],[-49.33638,-25.19908],[-49.33639,-25.19896],[-49.33643,-25.19886],[-49.3365,-25.1987],[-49.3366,-25.19866],[-49.3367,-25.19866],[-49.33685,-25.19866],[-49.33697,-25.19858],[-49.337,-25.1985],[-49.33709,-25.19813],[-49.33715,-25.19793],[-49.33725,-25.19773],[-49.33733,-25.19763],[-49.33751,-25.19754],[-49.33761,-25.19754],[-49.33777,-25.19757],[-49.33792,-25.19759],[-49.33804,-25.19767],[-49.33811,-25.19774],[-49.33817,-25.19784],[-49.33823,-25.19802],[-49.33823,-25.19813],[-49.33823,-25.19824],[-49.33818,-25.19836],[-49.33808,-25.19841],[-49.33794,-25.1984],[-49.33764,-25.19839],[-49.33746,-25.19836],[-49.33739,-25.19832],[-49.33736,-25.19829],[-49.33737,-25.19825],[-49.33744,-25.19818],[-49.3375,-25.19814],[-49.3376,-25.19809]]}},{"type":"Feature","properties":{"n":"Estrada Santiago","h":"unclassified"},"geometry":{"type":"LineString","coordinates":[[-49.3438,-25.19212],[-49.34401,-25.19212],[-49.34421,-25.19208],[-49.3444,-25.19204],[-49.34459,-25.19203],[-49.34481,-25.19205],[-49.34496,-25.19208],[-49.34511,-25.19215],[-49.34528,-25.19229],[-49.34546,-25.1924],[-49.34565,-25.19247],[-49.34584,-25.19261],[-49.34605,-25.19286],[-49.34618,-25.19302],[-49.34634,-25.19322],[-49.34648,-25.19352],[-49.34652,-25.19362],[-49.34656,-25.19378],[-49.34652,-25.19398],[-49.34645,-25.19421],[-49.34643,-25.19435],[-49.34646,-25.19452],[-49.34648,-25.19458],[-49.34654,-25.1947],[-49.34655,-25.1949],[-49.34656,-25.19503],[-49.34659,-25.19517]]}},{"type":"Feature","properties":{"n":"Estrada Santiago","h":"unclassified"},"geometry":{"type":"LineString","coordinates":[[-49.34659,-25.19517],[-49.34663,-25.19523],[-49.34666,-25.19533],[-49.34666,-25.19553],[-49.34663,-25.19567],[-49.34656,-25.19608],[-49.34645,-25.19633],[-49.34637,-25.1965],[-49.34637,-25.19664],[-49.34648,-25.19677],[-49.34661,-25.19688],[-49.34665,-25.19695],[-49.34667,-25.19707],[-49.34664,-25.19718],[-49.34656,-25.19734],[-49.34651,-25.19744],[-49.34645,-25.19762],[-49.34641,-25.19774],[-49.3464,-25.19784],[-49.34639,-25.19792],[-49.34641,-25.19803],[-49.34646,-25.1981],[-49.34658,-25.19818],[-49.34663,-25.19823],[-49.34665,-25.19832],[-49.34664,-25.1984],[-49.34664,-25.19847],[-49.34665,-25.19856],[-49.34667,-25.19862],[-49.34676,-25.19874],[-49.34685,-25.19888],[-49.34688,-25.19897],[-49.3469,-25.19911],[-49.34692,-25.19924],[-49.34691,-25.19934],[-49.34688,-25.1994],[-49.34683,-25.19945],[-49.34674,-25.19948],[-49.34667,-25.19951],[-49.34661,-25.19956],[-49.34659,-25.19963],[-49.34663,-25.19971],[-49.34672,-25.19981],[-49.34677,-25.1999],[-49.34678,-25.2],[-49.34672,-25.20012],[-49.34668,-25.20024],[-49.34665,-25.20034],[-49.34663,-25.20044],[-49.34663,-25.20054],[-49.34663,-25.2007],[-49.3466,-25.20086],[-49.34657,-25.20094],[-49.34649,-25.20107],[-49.3464,-25.20129],[-49.34635,-25.20144],[-49.34624,-25.20163],[-49.34605,-25.20197],[-49.3459,-25.2022],[-49.34574,-25.20244],[-49.34557,-25.20259],[-49.34542,-25.20269],[-49.34528,-25.20273]]}},{"type":"Feature","properties":{"n":"","h":"unclassified"},"geometry":{"type":"LineString","coordinates":[[-49.34659,-25.19517],[-49.34638,-25.19531],[-49.34612,-25.1955],[-49.34587,-25.19573],[-49.34581,-25.19578],[-49.34574,-25.19585],[-49.34561,-25.19592],[-49.34527,-25.19601],[-49.34499,-25.19612],[-49.34472,-25.19629],[-49.34456,-25.19638],[-49.34414,-25.19664],[-49.34396,-25.19684],[-49.3438,-25.197],[-49.34365,-25.19711],[-49.3435,-25.19716],[-49.34335,-25.19723]]}},{"type":"Feature","properties":{"n":"","h":"unclassified"},"geometry":{"type":"LineString","coordinates":[[-49.37631,-25.18848],[-49.3762,-25.18841],[-49.37613,-25.1883],[-49.37611,-25.1881],[-49.37615,-25.18791],[-49.37611,-25.18774],[-49.37604,-25.18763],[-49.37594,-25.18756],[-49.3758,-25.18749],[-49.37555,-25.18736],[-49.37531,-25.18728],[-49.37498,-25.18723]]}},{"type":"Feature","properties":{"n":"","h":"unclassified"},"geometry":{"type":"LineString","coordinates":[[-49.37791,-25.18705],[-49.37778,-25.18682],[-49.37776,-25.18668],[-49.37787,-25.18646],[-49.37786,-25.18613],[-49.37786,-25.18593],[-49.37782,-25.1858],[-49.37772,-25.18572],[-49.37759,-25.18568],[-49.37745,-25.18566],[-49.37729,-25.18567],[-49.37717,-25.18572],[-49.37706,-25.18583],[-49.37681,-25.18603],[-49.37656,-25.18616]]}},{"type":"Feature","properties":{"n":"","h":"unclassified"},"geometry":{"type":"LineString","coordinates":[[-49.37782,-25.1858],[-49.37791,-25.18543],[-49.37802,-25.18515],[-49.37811,-25.18487],[-49.37812,-25.18456],[-49.37807,-25.18435],[-49.37797,-25.1841],[-49.3777,-25.18397],[-49.37757,-25.18385],[-49.37753,-25.18364],[-49.3775,-25.18336],[-49.3776,-25.18313]]}},{"type":"Feature","properties":{"n":"","h":"unclassified"},"geometry":{"type":"LineString","coordinates":[[-49.37717,-25.18572],[-49.37693,-25.18538],[-49.37672,-25.18509],[-49.37651,-25.18477],[-49.37643,-25.18457],[-49.37633,-25.18437],[-49.3761,-25.18417],[-49.37595,-25.18393],[-49.37594,-25.18356],[-49.37593,-25.18326],[-49.37589,-25.18308],[-49.37583,-25.183],[-49.37557,-25.18286],[-49.37549,-25.18281],[-49.37548,-25.18275],[-49.37549,-25.18267],[-49.37553,-25.18257],[-49.3756,-25.1825],[-49.37596,-25.18234],[-49.37606,-25.18224],[-49.3761,-25.18212],[-49.37608,-25.18174],[-49.37608,-25.18142],[-49.37609,-25.18123],[-49.37617,-25.18101],[-49.37622,-25.18078],[-49.37627,-25.18062],[-49.37639,-25.18048],[-49.37653,-25.18039],[-49.37665,-25.18035],[-49.37679,-25.18016],[-49.37691,-25.17994],[-49.37695,-25.17973],[-49.37701,-25.17956],[-49.37703,-25.17947],[-49.37697,-25.17932],[-49.37682,-25.17894],[-49.37674,-25.17867]]}},{"type":"Feature","properties":{"n":"","h":"unclassified"},"geometry":{"type":"LineString","coordinates":[[-49.3756,-25.1825],[-49.37558,-25.18235],[-49.37551,-25.18223],[-49.37538,-25.18208],[-49.3752,-25.18189],[-49.37513,-25.18184],[-49.37507,-25.18181]]}},{"type":"Feature","properties":{"n":"","h":"unclassified"},"geometry":{"type":"LineString","coordinates":[[-49.37787,-25.18646],[-49.37836,-25.18596],[-49.37866,-25.18584],[-49.37967,-25.18569],[-49.3802,-25.18553],[-49.38029,-25.18541],[-49.38032,-25.18531],[-49.38023,-25.18503],[-49.38019,-25.18479],[-49.38027,-25.1844],[-49.38043,-25.18392],[-49.38079,-25.18331],[-49.38099,-25.18306],[-49.38117,-25.18293],[-49.38132,-25.18264],[-49.38132,-25.18244],[-49.38129,-25.1823],[-49.38121,-25.18216],[-49.38107,-25.18196],[-49.38105,-25.18152],[-49.38108,-25.18126],[-49.38101,-25.181],[-49.38082,-25.18066],[-49.38074,-25.18047],[-49.38057,-25.17997],[-49.3803,-25.17959],[-49.38002,-25.17939],[-49.37994,-25.17928],[-49.37991,-25.1791],[-49.38013,-25.17849],[-49.38032,-25.17801],[-49.38046,-25.17758],[-49.38042,-25.1772],[-49.38033,-25.17698],[-49.38019,-25.17681],[-49.38013,-25.17667]]}},{"type":"Feature","properties":{"n":"","h":"track"},"geometry":{"type":"LineString","coordinates":[[-49.42711,-25.12452],[-49.42714,-25.12495],[-49.42736,-25.1254],[-49.42753,-25.12596],[-49.42784,-25.12672],[-49.42789,-25.12715],[-49.42791,-25.12764],[-49.42807,-25.12783]]}},{"type":"Feature","properties":{"n":"","h":"track"},"geometry":{"type":"LineString","coordinates":[[-49.42711,-25.12452],[-49.42724,-25.12432],[-49.42731,-25.12379],[-49.4274,-25.12356],[-49.42764,-25.12311],[-49.42796,-25.12262],[-49.42829,-25.1223],[-49.42867,-25.12214],[-49.42867,-25.12185],[-49.42899,-25.12144],[-49.42923,-25.12115]]}},{"type":"Feature","properties":{"n":"","h":"track"},"geometry":{"type":"LineString","coordinates":[[-49.44381,-25.1168],[-49.44291,-25.11682],[-49.44268,-25.11689],[-49.44229,-25.11709],[-49.4421,-25.11713],[-49.44193,-25.1171],[-49.44182,-25.1166],[-49.4418,-25.1162],[-49.44192,-25.11581],[-49.44204,-25.11554],[-49.44187,-25.11524],[-49.44172,-25.11509],[-49.44168,-25.11477],[-49.44152,-25.11429],[-49.44115,-25.11369],[-49.44086,-25.11343],[-49.4403,-25.11324],[-49.43967,-25.11314],[-49.43928,-25.11298],[-49.4388,-25.11257],[-49.43832,-25.11203],[-49.43815,-25.11166],[-49.43774,-25.11103],[-49.43741,-25.11049],[-49.43756,-25.10996],[-49.43757,-25.10973],[-49.43748,-25.10966],[-49.43699,-25.10951],[-49.43677,-25.10943],[-49.43671,-25.10929],[-49.43697,-25.10883],[-49.43698,-25.10854],[-49.43691,-25.10821],[-49.43679,-25.10807],[-49.43657,-25.10782],[-49.43643,-25.10746],[-49.43625,-25.10722],[-49.43585,-25.10683],[-49.43525,-25.10641],[-49.43502,-25.10644],[-49.43485,-25.10647],[-49.4346,-25.10648],[-49.43423,-25.10642],[-49.43404,-25.10608]]}},{"type":"Feature","properties":{"n":"","h":"track"},"geometry":{"type":"LineString","coordinates":[[-49.47521,-25.08817],[-49.47491,-25.08815],[-49.47448,-25.08832],[-49.4742,-25.08833],[-49.47388,-25.08808],[-49.47362,-25.08804],[-49.47334,-25.08802],[-49.47298,-25.08757],[-49.47263,-25.08736],[-49.47216,-25.08715],[-49.47178,-25.08689],[-49.47148,-25.08635],[-49.47143,-25.08563]]}},{"type":"Feature","properties":{"n":"","h":"unclassified"},"geometry":{"type":"LineString","coordinates":[[-49.4926,-25.05395],[-49.49258,-25.05402],[-49.49256,-25.05412],[-49.49256,-25.05435],[-49.49268,-25.05463],[-49.49276,-25.05481],[-49.49275,-25.05498],[-49.4926,-25.0553],[-49.4924,-25.05555],[-49.49228,-25.05561],[-49.49223,-25.05564],[-49.49215,-25.05573],[-49.49209,-25.05573],[-49.49189,-25.05566],[-49.49166,-25.05566],[-49.49126,-25.05571],[-49.49091,-25.05591],[-49.49071,-25.05596],[-49.4904,-25.05592]]}},{"type":"Feature","properties":{"n":"","h":"unclassified"},"geometry":{"type":"LineString","coordinates":[[-49.49812,-25.02947],[-49.498,-25.02949],[-49.49786,-25.02957],[-49.49754,-25.02984],[-49.49712,-25.03019],[-49.49702,-25.03038],[-49.4968,-25.03044],[-49.49668,-25.0304],[-49.49643,-25.03001],[-49.49612,-25.02985],[-49.49593,-25.0298],[-49.4954,-25.02972],[-49.49443,-25.02965],[-49.49353,-25.02973],[-49.49294,-25.02964],[-49.49252,-25.02934],[-49.49213,-25.02921],[-49.49195,-25.02918],[-49.49176,-25.02919],[-49.49164,-25.02927],[-49.49133,-25.02949],[-49.49126,-25.02957],[-49.49113,-25.02964],[-49.49103,-25.02971],[-49.49096,-25.02977],[-49.49089,-25.02986],[-49.49086,-25.02996],[-49.49084,-25.03009]]}},{"type":"Feature","properties":{"n":"","h":"unclassified"},"geometry":{"type":"LineString","coordinates":[[-49.5009,-25.02348],[-49.50052,-25.02343],[-49.50006,-25.02354],[-49.4996,-25.02376],[-49.49887,-25.02391],[-49.49814,-25.024],[-49.49778,-25.02415],[-49.49756,-25.02419],[-49.49712,-25.02404],[-49.49681,-25.02402],[-49.49641,-25.02402],[-49.496,-25.02395],[-49.49552,-25.02387],[-49.49514,-25.02374],[-49.49473,-25.02363],[-49.49439,-25.02369],[-49.4941,-25.0239],[-49.49368,-25.02427],[-49.49274,-25.025],[-49.49252,-25.02516],[-49.49239,-25.02522],[-49.49229,-25.02525],[-49.49218,-25.02531],[-49.49201,-25.02542],[-49.49181,-25.02553],[-49.49162,-25.02561],[-49.49148,-25.02562],[-49.49128,-25.02558],[-49.49113,-25.02564],[-49.49082,-25.0257],[-49.4905,-25.02575],[-49.49015,-25.02582]]}},{"type":"Feature","properties":{"n":"","h":"unclassified"},"geometry":{"type":"LineString","coordinates":[[-49.49443,-25.01258],[-49.49434,-25.01289],[-49.49391,-25.01299],[-49.49384,-25.01311],[-49.49371,-25.01334],[-49.49342,-25.01351],[-49.49327,-25.01367],[-49.4931,-25.01393],[-49.49278,-25.0144],[-49.49244,-25.01461],[-49.49205,-25.01516],[-49.49164,-25.01537],[-49.49104,-25.01573],[-49.49055,-25.01595],[-49.49031,-25.01614],[-49.48972,-25.01636],[-49.48882,-25.01641],[-49.48795,-25.01678],[-49.48732,-25.01714],[-49.48652,-25.01764],[-49.4862,-25.0178],[-49.48595,-25.01775],[-49.48548,-25.01753],[-49.48512,-25.0175],[-49.48485,-25.0175],[-49.48464,-25.01764],[-49.48427,-25.01762],[-49.48398,-25.01761],[-49.48374,-25.01786],[-49.48374,-25.01819],[-49.48361,-25.01854],[-49.48336,-25.01875],[-49.48315,-25.01904],[-49.48281,-25.0194],[-49.4825,-25.01957],[-49.48241,-25.01982],[-49.48186,-25.02042],[-49.48148,-25.0209],[-49.48093,-25.02107],[-49.48058,-25.02123],[-49.48043,-25.02143],[-49.48056,-25.02156],[-49.48085,-25.0216],[-49.48111,-25.0217],[-49.48136,-25.02185],[-49.48148,-25.02208],[-49.48136,-25.02233],[-49.48118,-25.02253],[-49.48086,-25.02297],[-49.48074,-25.02333],[-49.48056,-25.02401],[-49.48045,-25.02463],[-49.48058,-25.02501],[-49.4808,-25.02512],[-49.4813,-25.02532],[-49.4815,-25.0255],[-49.48145,-25.02599],[-49.48135,-25.02648],[-49.48134,-25.02705],[-49.48141,-25.02744],[-49.48162,-25.02791],[-49.48171,-25.02861],[-49.48154,-25.02941],[-49.48144,-25.03024],[-49.48139,-25.03079],[-49.48146,-25.03106],[-49.48169,-25.03114],[-49.48193,-25.03113]]}},{"type":"Feature","properties":{"n":"","h":"unclassified"},"geometry":{"type":"LineString","coordinates":[[-49.48139,-25.03079],[-49.4812,-25.03135],[-49.48107,-25.03176],[-49.48088,-25.03215],[-49.48072,-25.03219],[-49.48047,-25.03211],[-49.48029,-25.03209],[-49.48021,-25.03218],[-49.48011,-25.03238],[-49.48028,-25.03272],[-49.48024,-25.03287],[-49.4801,-25.0331],[-49.47984,-25.03349],[-49.47936,-25.03349],[-49.47897,-25.03349],[-49.47865,-25.03349],[-49.47847,-25.03327],[-49.47837,-25.03317],[-49.47812,-25.03298],[-49.47788,-25.03297],[-49.47783,-25.03317],[-49.47777,-25.03336],[-49.47768,-25.03375],[-49.47751,-25.03398],[-49.47711,-25.03413],[-49.47692,-25.03432],[-49.47692,-25.03473],[-49.47684,-25.03503],[-49.47668,-25.03534],[-49.47664,-25.03607],[-49.47667,-25.03659],[-49.47674,-25.03701]]}},{"type":"Feature","properties":{"n":"","h":"unclassified"},"geometry":{"type":"LineString","coordinates":[[-49.4864,-25.0014],[-49.48696,-25.00158],[-49.48737,-25.0017],[-49.48774,-25.0015],[-49.48794,-25.00119],[-49.48831,-25.00089],[-49.48876,-25.00063],[-49.48912,-25.00051],[-49.48955,-24.99977],[-49.48995,-24.99945],[-49.49024,-24.99919],[-49.49065,-24.99899],[-49.49103,-24.99895],[-49.49156,-24.99855],[-49.49192,-24.99848],[-49.49242,-24.99858],[-49.493,-24.99871],[-49.49352,-24.99869],[-49.49423,-24.9986],[-49.49453,-24.9985],[-49.49505,-24.99846],[-49.49547,-24.99845],[-49.49566,-24.99818],[-49.49596,-24.99823],[-49.49629,-24.99835],[-49.49658,-24.99822]]}},{"type":"Feature","properties":{"n":"","h":"unclassified"},"geometry":{"type":"LineString","coordinates":[[-49.4864,-25.0014],[-49.487,-25.0018],[-49.48756,-25.00207],[-49.48825,-25.00211],[-49.48868,-25.00216],[-49.48877,-25.00189],[-49.4895,-25.00177],[-49.49012,-25.00182],[-49.49165,-25.00216],[-49.49298,-25.0026]]}},{"type":"Feature","properties":{"n":"","h":"unclassified"},"geometry":{"type":"LineString","coordinates":[[-49.493,-24.99871],[-49.49388,-24.99905],[-49.49431,-24.99915],[-49.49469,-24.99907],[-49.49506,-24.99893]]}},{"type":"Feature","properties":{"n":"","h":"unclassified"},"geometry":{"type":"LineString","coordinates":[[-49.49506,-24.99893],[-49.49502,-24.99938],[-49.49529,-24.99954]]}},{"type":"Feature","properties":{"n":"","h":"unclassified"},"geometry":{"type":"LineString","coordinates":[[-49.49529,-24.99954],[-49.49594,-24.99973],[-49.49682,-24.99996],[-49.49729,-24.99996],[-49.49772,-25.00041],[-49.49791,-25.00088],[-49.49849,-25.00096],[-49.4989,-25.00107],[-49.49941,-25.00115],[-49.49991,-25.0015],[-49.50049,-25.0017],[-49.50117,-25.00156],[-49.50175,-25.00135],[-49.5024,-25.00138],[-49.50311,-25.00127],[-49.50401,-25.00092],[-49.50527,-25.00002],[-49.50572,-24.99977],[-49.50583,-24.99926],[-49.50583,-24.99895],[-49.50598,-24.99843],[-49.5063,-24.9979],[-49.50656,-24.99751],[-49.50695,-24.99712],[-49.50731,-24.99697]]}},{"type":"Feature","properties":{"n":"","h":"unclassified"},"geometry":{"type":"LineString","coordinates":[[-49.50572,-24.99977],[-49.50628,-25.00012],[-49.50656,-25.00029],[-49.50692,-25.00063],[-49.50757,-25.0007],[-49.50823,-25.00072],[-49.50849,-25.00029],[-49.50881,-24.99998],[-49.50922,-24.99996],[-49.50948,-24.99996],[-49.50956,-25.00024],[-49.5098,-25.00031],[-49.51008,-25.00035],[-49.51049,-25.00059],[-49.51074,-25.00076],[-49.51077,-25.00101],[-49.51117,-25.00111],[-49.51162,-25.00119],[-49.51199,-25.00109],[-49.51227,-25.00101],[-49.51268,-25.00131],[-49.51315,-25.00183],[-49.5139,-25.00276],[-49.51452,-25.00313],[-49.51521,-25.00306],[-49.51589,-25.00306],[-49.51604,-25.00341],[-49.51607,-25.00389],[-49.51677,-25.00438],[-49.51722,-25.00459],[-49.51739,-25.00486]]}},{"type":"Feature","properties":{"n":"","h":"unclassified"},"geometry":{"type":"LineString","coordinates":[[-49.52691,-24.98376],[-49.52752,-24.98328],[-49.52803,-24.98289],[-49.52863,-24.98247],[-49.5289,-24.98236],[-49.52917,-24.98234],[-49.52971,-24.98229],[-49.53017,-24.98218],[-49.53059,-24.98196],[-49.53126,-24.98153]]}},{"type":"Feature","properties":{"n":"","h":"unclassified"},"geometry":{"type":"LineString","coordinates":[[-49.54439,-24.96623],[-49.54461,-24.96637],[-49.54475,-24.96642],[-49.54491,-24.96643],[-49.54519,-24.96646],[-49.54557,-24.96665],[-49.54585,-24.96687],[-49.54638,-24.96734],[-49.54648,-24.96748],[-49.54675,-24.96813],[-49.54697,-24.96869],[-49.54697,-24.96915],[-49.54689,-24.9695],[-49.54675,-24.96971],[-49.5467,-24.96985],[-49.5467,-24.96994],[-49.54677,-24.97003],[-49.54685,-24.97009],[-49.54704,-24.97038],[-49.54745,-24.97122],[-49.5475,-24.97139],[-49.54747,-24.97154],[-49.5474,-24.97168],[-49.54708,-24.97218],[-49.54685,-24.97282],[-49.54681,-24.97296],[-49.54683,-24.97312],[-49.54696,-24.97336],[-49.54721,-24.97356],[-49.54734,-24.97373],[-49.54764,-24.97372],[-49.54794,-24.97371]]}},{"type":"Feature","properties":{"n":"","h":"unclassified"},"geometry":{"type":"LineString","coordinates":[[-49.55486,-24.9553],[-49.55512,-24.95487],[-49.55544,-24.95458],[-49.55574,-24.95445],[-49.55593,-24.95443],[-49.5567,-24.95467],[-49.55681,-24.95472],[-49.55687,-24.95478],[-49.55698,-24.95518],[-49.55704,-24.95541],[-49.55721,-24.95571],[-49.55725,-24.95578],[-49.55732,-24.95581],[-49.55744,-24.95579],[-49.55755,-24.9557],[-49.55765,-24.95568],[-49.55776,-24.9557],[-49.55807,-24.9558],[-49.55855,-24.95592],[-49.55868,-24.95598],[-49.55876,-24.95606],[-49.55886,-24.9563],[-49.55894,-24.95637],[-49.55904,-24.95642],[-49.55984,-24.95645],[-49.55989,-24.95644],[-49.55994,-24.95639],[-49.56014,-24.95598]]}},{"type":"Feature","properties":{"n":"","h":"unclassified"},"geometry":{"type":"LineString","coordinates":[[-49.55277,-24.94369],[-49.5523,-24.94322],[-49.55192,-24.94283],[-49.55159,-24.94237],[-49.55123,-24.94194],[-49.55098,-24.94165],[-49.55086,-24.94158],[-49.55059,-24.94151],[-49.55023,-24.94139],[-49.55001,-24.94133],[-49.54973,-24.94123],[-49.54905,-24.94109],[-49.54887,-24.941],[-49.54861,-24.94082],[-49.54828,-24.94048],[-49.54815,-24.94031],[-49.54807,-24.94016],[-49.54795,-24.93978],[-49.54784,-24.93959],[-49.54747,-24.93915],[-49.54727,-24.93879],[-49.54721,-24.93871],[-49.54708,-24.93865],[-49.54697,-24.93864],[-49.54689,-24.9387],[-49.5468,-24.93879],[-49.54667,-24.93882],[-49.54641,-24.93881],[-49.54594,-24.93872],[-49.5457,-24.93874],[-49.54553,-24.93886],[-49.54542,-24.93902],[-49.54536,-24.93916],[-49.54532,-24.93923],[-49.54522,-24.9393],[-49.5451,-24.93936],[-49.54497,-24.93943],[-49.54483,-24.93949],[-49.54464,-24.93957],[-49.54448,-24.93968],[-49.54442,-24.93977],[-49.54424,-24.93987],[-49.54411,-24.93992],[-49.54402,-24.94],[-49.54397,-24.94011],[-49.54395,-24.94036],[-49.544,-24.94081],[-49.54403,-24.94108],[-49.54393,-24.94142],[-49.54392,-24.94155],[-49.54399,-24.94172],[-49.54424,-24.94205]]}},{"type":"Feature","properties":{"n":"","h":"unclassified"},"geometry":{"type":"LineString","coordinates":[[-49.54424,-24.94205],[-49.54425,-24.9421],[-49.54424,-24.94216],[-49.54413,-24.94225],[-49.54393,-24.9424],[-49.54389,-24.94248],[-49.54388,-24.94257],[-49.54391,-24.94267],[-49.54401,-24.94287],[-49.54406,-24.94296],[-49.54409,-24.94302],[-49.54408,-24.9431],[-49.54405,-24.94317],[-49.544,-24.9432],[-49.54392,-24.94323],[-49.54387,-24.94327],[-49.54385,-24.94332],[-49.54382,-24.94339],[-49.54377,-24.94346],[-49.54364,-24.94356],[-49.54359,-24.94361],[-49.54354,-24.94379],[-49.54353,-24.9439],[-49.54359,-24.94426],[-49.54369,-24.94472],[-49.54369,-24.94483],[-49.54366,-24.9449],[-49.54356,-24.94497],[-49.54336,-24.94501],[-49.54304,-24.94509],[-49.54276,-24.94514],[-49.54266,-24.94512],[-49.54252,-24.94498],[-49.54237,-24.94471],[-49.54232,-24.94467],[-49.54227,-24.94466],[-49.54221,-24.94467],[-49.54192,-24.9448],[-49.54186,-24.94485],[-49.54181,-24.94495],[-49.54182,-24.94503],[-49.54187,-24.94525],[-49.54188,-24.94535],[-49.54185,-24.94558],[-49.54183,-24.94568],[-49.54171,-24.94591],[-49.54158,-24.9464],[-49.54154,-24.94662],[-49.5415,-24.94669],[-49.54134,-24.94677],[-49.54108,-24.94689],[-49.541,-24.947],[-49.54083,-24.94753],[-49.54078,-24.94764],[-49.5407,-24.94771],[-49.54004,-24.94791],[-49.53989,-24.94796],[-49.53977,-24.94805],[-49.53954,-24.9484],[-49.53923,-24.94908],[-49.53917,-24.94915],[-49.53904,-24.94922],[-49.53826,-24.94934],[-49.53784,-24.94952],[-49.53761,-24.94962],[-49.53747,-24.9497],[-49.5374,-24.94979],[-49.53735,-24.94991],[-49.53727,-24.94996],[-49.53717,-24.94997],[-49.53699,-24.94994],[-49.53672,-24.94981]]}},{"type":"Feature","properties":{"n":"","h":"unclassified"},"geometry":{"type":"LineString","coordinates":[[-49.54697,-24.93864],[-49.54708,-24.93829],[-49.5473,-24.93781],[-49.5474,-24.93759],[-49.54749,-24.93746],[-49.54766,-24.9373],[-49.54772,-24.93719],[-49.54774,-24.9371],[-49.54771,-24.93701],[-49.54729,-24.9365],[-49.54709,-24.93636],[-49.54687,-24.93624],[-49.54647,-24.9361],[-49.54641,-24.93606],[-49.54639,-24.93602],[-49.54639,-24.93587],[-49.54638,-24.93584],[-49.54625,-24.9357],[-49.54604,-24.93549],[-49.54595,-24.93538],[-49.54587,-24.93523],[-49.54581,-24.93519],[-49.54561,-24.93512],[-49.54541,-24.935],[-49.54533,-24.93492],[-49.54524,-24.93488],[-49.54518,-24.93488],[-49.54504,-24.93487]]}},{"type":"Feature","properties":{"n":"","h":"unclassified"},"geometry":{"type":"LineString","coordinates":[[-49.54504,-24.93487],[-49.54462,-24.9349],[-49.54448,-24.93496],[-49.5444,-24.93507],[-49.54424,-24.93551],[-49.54412,-24.93574],[-49.54406,-24.93579],[-49.54398,-24.93582],[-49.54367,-24.93585],[-49.5434,-24.93592],[-49.54324,-24.93596],[-49.54281,-24.93586],[-49.54266,-24.93583],[-49.54258,-24.93583],[-49.54253,-24.93586],[-49.54244,-24.93608],[-49.5424,-24.93611],[-49.54235,-24.93612],[-49.54219,-24.93609],[-49.54214,-24.93607],[-49.54202,-24.93597],[-49.54181,-24.93588],[-49.54166,-24.93585],[-49.54149,-24.93585],[-49.54117,-24.93592],[-49.54109,-24.93592],[-49.541,-24.93588],[-49.54094,-24.93586],[-49.54084,-24.93584],[-49.54024,-24.93592],[-49.54009,-24.93591],[-49.53967,-24.93581],[-49.53939,-24.93576],[-49.53911,-24.93566],[-49.53893,-24.93565],[-49.53876,-24.9357]]}},{"type":"Feature","properties":{"n":"","h":"unclassified"},"geometry":{"type":"LineString","coordinates":[[-49.53876,-24.9357],[-49.53844,-24.93586],[-49.53818,-24.93592],[-49.53802,-24.93595],[-49.53782,-24.93602],[-49.5373,-24.93614],[-49.53709,-24.93622],[-49.53696,-24.93632],[-49.5368,-24.93646],[-49.53667,-24.93664],[-49.5365,-24.93689],[-49.53631,-24.93731],[-49.53623,-24.93737],[-49.53615,-24.9374],[-49.53593,-24.93742],[-49.53558,-24.93734],[-49.53525,-24.93729],[-49.53514,-24.93726],[-49.53501,-24.93717],[-49.53496,-24.93716],[-49.53491,-24.93716],[-49.53473,-24.9372],[-49.5346,-24.93721],[-49.53446,-24.93719],[-49.5342,-24.9371],[-49.53367,-24.93708],[-49.53348,-24.93711],[-49.53333,-24.93716],[-49.53312,-24.9373],[-49.53299,-24.93736],[-49.53278,-24.93741],[-49.53268,-24.93745],[-49.53253,-24.93761],[-49.53246,-24.93762],[-49.53236,-24.9376],[-49.53184,-24.9374],[-49.5315,-24.93732],[-49.53083,-24.93731],[-49.53052,-24.93729],[-49.53045,-24.93727],[-49.5304,-24.93722],[-49.53017,-24.93687],[-49.53006,-24.93678],[-49.52962,-24.9365],[-49.52943,-24.93642],[-49.52915,-24.93639],[-49.52888,-24.93637],[-49.52852,-24.93643],[-49.52841,-24.93642],[-49.52825,-24.93634],[-49.52795,-24.93627],[-49.5277,-24.93618],[-49.52731,-24.93607],[-49.52724,-24.93603],[-49.52718,-24.93594],[-49.52712,-24.93589],[-49.52704,-24.93587],[-49.52695,-24.93587],[-49.52679,-24.93582],[-49.52672,-24.93582],[-49.52668,-24.93586],[-49.5266,-24.93599],[-49.52656,-24.93603],[-49.5265,-24.93606],[-49.52637,-24.93611],[-49.52623,-24.9362],[-49.52603,-24.93636],[-49.52593,-24.93645],[-49.52585,-24.9365],[-49.52579,-24.93652],[-49.52563,-24.93652],[-49.5254,-24.93655],[-49.52519,-24.93658],[-49.52465,-24.93666],[-49.52441,-24.93672],[-49.52426,-24.93672],[-49.52389,-24.93662],[-49.52381,-24.93662],[-49.5235,-24.93667],[-49.52335,-24.93676],[-49.52318,-24.93693],[-49.52307,-24.937],[-49.52278,-24.93711],[-49.52215,-24.93715],[-49.52177,-24.93715],[-49.52156,-24.93714],[-49.5208,-24.93731],[-49.52003,-24.93694],[-49.51971,-24.93657],[-49.51955,-24.93653],[-49.51891,-24.9361],[-49.51851,-24.93595],[-49.51803,-24.93589],[-49.51697,-24.93563],[-49.51576,-24.93591],[-49.51518,-24.9361],[-49.51485,-24.93602],[-49.51438,-24.93599],[-49.51404,-24.93589],[-49.51376,-24.93571],[-49.51329,-24.93557],[-49.5127,-24.93527],[-49.51201,-24.9347],[-49.51178,-24.93409],[-49.51156,-24.93379],[-49.51131,-24.93388],[-49.5111,-24.93396],[-49.51096,-24.93414],[-49.51102,-24.93431],[-49.51098,-24.93451],[-49.51079,-24.93456],[-49.5105,-24.93458],[-49.51021,-24.93461],[-49.51001,-24.93455],[-49.50975,-24.93448],[-49.50956,-24.93448],[-49.50933,-24.93456],[-49.50914,-24.93463],[-49.50897,-24.93463],[-49.50831,-24.9345],[-49.50788,-24.93431],[-49.50766,-24.93428],[-49.50744,-24.93434],[-49.50727,-24.93431],[-49.50708,-24.93422],[-49.50681,-24.93416],[-49.50662,-24.93414],[-49.5064,-24.93419],[-49.50614,-24.93414],[-49.50587,-24.93411],[-49.50566,-24.93407],[-49.50553,-24.93409],[-49.50527,-24.9342],[-49.50499,-24.9343],[-49.5047,-24.93433],[-49.50446,-24.93434],[-49.50427,-24.93427],[-49.50398,-24.93413],[-49.50373,-24.93396],[-49.50349,-24.93386],[-49.50201,-24.93388],[-49.50185,-24.93384],[-49.50158,-24.93367],[-49.50148,-24.93359],[-49.50131,-24.93352],[-49.50066,-24.93359],[-49.50042,-24.93356],[-49.50017,-24.9335],[-49.49956,-24.93357],[-49.49919,-24.93357],[-49.49895,-24.93345],[-49.49857,-24.93323],[-49.49814,-24.93316],[-49.49768,-24.93321],[-49.49747,-24.93321],[-49.49713,-24.93309],[-49.49695,-24.93309],[-49.49635,-24.93321],[-49.4952,-24.93307],[-49.49506,-24.933],[-49.49468,-24.9325],[-49.49455,-24.9324],[-49.49395,-24.93223],[-49.49381,-24.93228],[-49.49339,-24.93246],[-49.49317,-24.93242],[-49.493,-24.93245],[-49.49272,-24.93258],[-49.4925,-24.9326],[-49.49121,-24.93239],[-49.49088,-24.93238]]}},{"type":"Feature","properties":{"n":"","h":"unclassified"},"geometry":{"type":"LineString","coordinates":[[-49.51697,-24.93563],[-49.51715,-24.93516],[-49.51721,-24.93475],[-49.51745,-24.93438],[-49.51826,-24.93355],[-49.51854,-24.93343],[-49.5196,-24.93312],[-49.52012,-24.93274],[-49.52065,-24.93216],[-49.52087,-24.93207],[-49.52159,-24.93196],[-49.52187,-24.93195],[-49.52203,-24.93202],[-49.52213,-24.93206],[-49.52284,-24.93172],[-49.52342,-24.93151],[-49.52408,-24.93131],[-49.52425,-24.93124],[-49.52437,-24.93113],[-49.52442,-24.93101],[-49.5245,-24.93089],[-49.52459,-24.93082],[-49.52479,-24.9307],[-49.52489,-24.93066],[-49.52495,-24.93062],[-49.525,-24.93056],[-49.52507,-24.93044],[-49.52517,-24.93031],[-49.52538,-24.93015],[-49.52589,-24.92978],[-49.52602,-24.92973],[-49.52623,-24.92971],[-49.52641,-24.92974],[-49.52648,-24.92974],[-49.52658,-24.92971],[-49.52685,-24.92957],[-49.52728,-24.92938],[-49.52767,-24.92925],[-49.52792,-24.92924],[-49.52819,-24.9293],[-49.52839,-24.92943],[-49.52851,-24.92961],[-49.5286,-24.92974],[-49.52865,-24.92985],[-49.52864,-24.93021],[-49.52865,-24.93027],[-49.52871,-24.93034],[-49.52886,-24.93038],[-49.52899,-24.93035],[-49.5292,-24.93021],[-49.52942,-24.92996],[-49.52955,-24.92985],[-49.52962,-24.92974],[-49.5297,-24.92956],[-49.52976,-24.92948],[-49.52982,-24.92942],[-49.52999,-24.9293],[-49.53031,-24.92915],[-49.53041,-24.92908],[-49.53089,-24.92867],[-49.53095,-24.92859],[-49.53103,-24.92847],[-49.5312,-24.92835],[-49.53158,-24.92809],[-49.53181,-24.92794],[-49.5321,-24.92774],[-49.53225,-24.92757],[-49.53238,-24.92738],[-49.53242,-24.92719],[-49.53251,-24.92646],[-49.53252,-24.92627],[-49.53251,-24.92605],[-49.53255,-24.92592],[-49.53263,-24.9258],[-49.53273,-24.92573],[-49.53312,-24.92558],[-49.53361,-24.9253],[-49.53382,-24.92526],[-49.5339,-24.92527],[-49.53401,-24.92534],[-49.53408,-24.92535],[-49.53415,-24.92533],[-49.53432,-24.92523],[-49.53482,-24.92488],[-49.53557,-24.92452],[-49.53623,-24.92411],[-49.53644,-24.92392],[-49.53655,-24.92378],[-49.53673,-24.9235],[-49.53682,-24.92342],[-49.53703,-24.92335],[-49.53731,-24.92336],[-49.53756,-24.92331],[-49.53791,-24.92315],[-49.53814,-24.92301],[-49.53825,-24.92295],[-49.53861,-24.92281],[-49.53887,-24.92269],[-49.53898,-24.92258],[-49.53901,-24.92248],[-49.53882,-24.92195],[-49.53865,-24.92164],[-49.53858,-24.92143],[-49.53858,-24.92129],[-49.53866,-24.92102],[-49.53868,-24.9208],[-49.53867,-24.92059],[-49.53871,-24.92045],[-49.53876,-24.92039],[-49.53877,-24.92032],[-49.53876,-24.92027],[-49.53871,-24.92022],[-49.53859,-24.92016],[-49.53832,-24.92015],[-49.53819,-24.92012],[-49.53807,-24.92003],[-49.53788,-24.91988]]}},{"type":"Feature","properties":{"n":"","h":"unclassified"},"geometry":{"type":"LineString","coordinates":[[-49.21516,-25.23023],[-49.21518,-25.22961],[-49.21522,-25.22927],[-49.21531,-25.22887],[-49.21558,-25.22829],[-49.21562,-25.22825],[-49.21585,-25.22801],[-49.2161,-25.2278],[-49.21629,-25.22766],[-49.21712,-25.22721],[-49.21765,-25.22679],[-49.21777,-25.22671],[-49.21818,-25.22653],[-49.21849,-25.22641],[-49.21864,-25.2264],[-49.21882,-25.22643],[-49.21916,-25.22655],[-49.21955,-25.22664],[-49.22046,-25.22664],[-49.221,-25.2267],[-49.22131,-25.22668],[-49.22165,-25.22657],[-49.22179,-25.2265],[-49.22185,-25.22643],[-49.22191,-25.22632],[-49.22194,-25.22603],[-49.2219,-25.22572],[-49.22194,-25.22559],[-49.22206,-25.22543],[-49.22226,-25.22521],[-49.22277,-25.22475],[-49.22327,-25.2241],[-49.2233,-25.22398],[-49.22331,-25.22365],[-49.22334,-25.22351],[-49.22343,-25.22335],[-49.22379,-25.22304],[-49.22407,-25.2227],[-49.22455,-25.22246],[-49.2246,-25.22241],[-49.22477,-25.22216],[-49.22489,-25.22206],[-49.22506,-25.22196],[-49.22525,-25.2219],[-49.22544,-25.22188],[-49.22574,-25.22193],[-49.22583,-25.22192],[-49.22608,-25.22184],[-49.2262,-25.22176],[-49.22626,-25.22168],[-49.22632,-25.22154],[-49.2264,-25.22141],[-49.22656,-25.22127],[-49.22675,-25.22107],[-49.22685,-25.22096],[-49.22703,-25.22067],[-49.22711,-25.22059],[-49.22737,-25.22039],[-49.22753,-25.22024],[-49.22762,-25.22015],[-49.22767,-25.22005],[-49.2277,-25.21998],[-49.22771,-25.21984],[-49.22765,-25.21955],[-49.22774,-25.2192],[-49.2278,-25.2187],[-49.22787,-25.21836],[-49.2279,-25.21831],[-49.22804,-25.21814],[-49.22833,-25.21789],[-49.22847,-25.21773],[-49.22858,-25.21753],[-49.22873,-25.21714],[-49.2288,-25.21702],[-49.22905,-25.21675],[-49.22955,-25.21633],[-49.23002,-25.21588],[-49.23026,-25.21567],[-49.23058,-25.21542],[-49.23089,-25.21516],[-49.23118,-25.21507],[-49.23133,-25.21502],[-49.23141,-25.21492],[-49.23143,-25.21485],[-49.23141,-25.21475],[-49.23136,-25.21462],[-49.23127,-25.21449],[-49.23106,-25.2143],[-49.23094,-25.21422],[-49.23083,-25.2142],[-49.23073,-25.21419],[-49.23025,-25.21429],[-49.22999,-25.21433],[-49.22983,-25.21432],[-49.22971,-25.2143],[-49.22948,-25.2142]]}},{"type":"Feature","properties":{"n":"","h":"unclassified"},"geometry":{"type":"LineString","coordinates":[[-49.22882,-25.21419],[-49.22907,-25.21421],[-49.22926,-25.21422],[-49.22948,-25.2142],[-49.22966,-25.21414],[-49.22985,-25.21409],[-49.23003,-25.21406],[-49.23025,-25.21402],[-49.23056,-25.2139],[-49.23062,-25.21386],[-49.23064,-25.21381],[-49.23068,-25.21373],[-49.23112,-25.21384],[-49.23152,-25.21389],[-49.23267,-25.21386],[-49.23297,-25.21387],[-49.2332,-25.21392],[-49.23339,-25.21403],[-49.23353,-25.21404],[-49.23362,-25.21402],[-49.2337,-25.21398],[-49.23399,-25.21376],[-49.23443,-25.2135],[-49.23452,-25.2134],[-49.23471,-25.21305],[-49.23477,-25.21299],[-49.23499,-25.21288],[-49.23547,-25.2127],[-49.236,-25.2124],[-49.23609,-25.21237],[-49.23623,-25.21236],[-49.23655,-25.21237],[-49.23679,-25.21234],[-49.23692,-25.21231],[-49.23706,-25.21226],[-49.23746,-25.21211],[-49.23813,-25.21185],[-49.23888,-25.21167],[-49.239,-25.21165],[-49.23914,-25.21165],[-49.23938,-25.21165],[-49.24013,-25.21159],[-49.24075,-25.21159]]}},{"type":"Feature","properties":{"n":"","h":"unclassified"},"geometry":{"type":"LineString","coordinates":[[-49.23068,-25.21373],[-49.23068,-25.21364],[-49.23065,-25.21355],[-49.23047,-25.21328],[-49.23036,-25.2131],[-49.23032,-25.21299],[-49.23029,-25.21286],[-49.23029,-25.21276],[-49.23033,-25.21264],[-49.23038,-25.2125],[-49.23041,-25.21238],[-49.23038,-25.21226],[-49.23033,-25.2121],[-49.23027,-25.21195],[-49.23014,-25.21173],[-49.23,-25.21153],[-49.2298,-25.21133],[-49.22961,-25.21117],[-49.2294,-25.211],[-49.22878,-25.21058],[-49.2286,-25.21044],[-49.22823,-25.21017],[-49.22793,-25.20989],[-49.22788,-25.20983],[-49.22785,-25.20974],[-49.22769,-25.20918],[-49.22764,-25.20894],[-49.22764,-25.20878],[-49.22765,-25.20869],[-49.22768,-25.2086],[-49.22784,-25.20826],[-49.22785,-25.20819],[-49.22787,-25.20743],[-49.22792,-25.20718],[-49.228,-25.20689],[-49.22815,-25.20648],[-49.22829,-25.20606]]}},{"type":"Feature","properties":{"n":"","h":"unclassified"},"geometry":{"type":"LineString","coordinates":[[-49.21562,-25.22825],[-49.21507,-25.2275],[-49.21478,-25.22689],[-49.21464,-25.22624],[-49.21441,-25.22583],[-49.21432,-25.22569],[-49.21427,-25.22554],[-49.21438,-25.2253],[-49.21482,-25.22502],[-49.2154,-25.22463],[-49.21597,-25.2244],[-49.21617,-25.22418],[-49.21617,-25.22388],[-49.21624,-25.22365],[-49.2167,-25.22337],[-49.21702,-25.22319],[-49.21711,-25.22304],[-49.21704,-25.22236],[-49.21715,-25.22205],[-49.2173,-25.22181],[-49.21753,-25.2217],[-49.21759,-25.22151],[-49.21753,-25.22142],[-49.21701,-25.22095],[-49.21638,-25.22052],[-49.21621,-25.22008],[-49.21602,-25.21982],[-49.21581,-25.21927],[-49.21554,-25.21889],[-49.21546,-25.2184],[-49.21536,-25.2183],[-49.21498,-25.21816],[-49.2149,-25.21794],[-49.21486,-25.21772],[-49.2135,-25.21718],[-49.21283,-25.21703],[-49.2127,-25.21705],[-49.21252,-25.2172],[-49.21233,-25.2173],[-49.21211,-25.21729],[-49.21197,-25.21721],[-49.21163,-25.21691],[-49.21126,-25.21684],[-49.21103,-25.21666],[-49.21091,-25.21645],[-49.21098,-25.21633],[-49.21147,-25.21553],[-49.21166,-25.2152],[-49.2118,-25.21466],[-49.21189,-25.21459],[-49.21228,-25.2143],[-49.21244,-25.21426],[-49.21274,-25.21425],[-49.21294,-25.21404],[-49.21298,-25.21375],[-49.21315,-25.21321],[-49.21309,-25.21298],[-49.21309,-25.2126],[-49.21323,-25.21244],[-49.2138,-25.21187],[-49.21393,-25.21142],[-49.21354,-25.211],[-49.21334,-25.21058],[-49.21316,-25.21041],[-49.21294,-25.2104],[-49.21258,-25.21002],[-49.21271,-25.2098],[-49.2127,-25.20933],[-49.21252,-25.20882],[-49.2126,-25.2086],[-49.21276,-25.20823],[-49.21295,-25.20798],[-49.21324,-25.20772],[-49.21343,-25.20754],[-49.21378,-25.20756],[-49.21406,-25.20746],[-49.21436,-25.20731],[-49.21501,-25.20698],[-49.21511,-25.20677]]}},{"type":"Feature","properties":{"n":"","h":"unclassified"},"geometry":{"type":"LineString","coordinates":[[-49.26589,-25.19852],[-49.26592,-25.1984],[-49.26594,-25.19827],[-49.26599,-25.19817],[-49.26616,-25.19792],[-49.26644,-25.1976],[-49.26654,-25.19745],[-49.26679,-25.19708],[-49.26705,-25.19678],[-49.26708,-25.19671],[-49.26714,-25.19647],[-49.26721,-25.19623],[-49.26724,-25.19618],[-49.26728,-25.19615],[-49.26733,-25.1961],[-49.26753,-25.19601],[-49.26765,-25.19596],[-49.26774,-25.19588],[-49.26849,-25.19523],[-49.26895,-25.19498],[-49.26904,-25.19492],[-49.26908,-25.19487],[-49.26913,-25.19478],[-49.26925,-25.19435],[-49.26934,-25.19403],[-49.26938,-25.19387],[-49.26943,-25.19377],[-49.26947,-25.19374],[-49.26955,-25.19372],[-49.26963,-25.19373],[-49.26996,-25.19383],[-49.27012,-25.19382],[-49.27026,-25.19378],[-49.2704,-25.1937],[-49.27055,-25.19358],[-49.27083,-25.19333],[-49.27111,-25.19309],[-49.2712,-25.19302],[-49.27138,-25.19291],[-49.27157,-25.19281],[-49.27173,-25.19271],[-49.27231,-25.19222],[-49.27274,-25.1918],[-49.2728,-25.19173],[-49.27286,-25.19157],[-49.27289,-25.19147],[-49.27292,-25.19126],[-49.27294,-25.1912],[-49.27298,-25.19115],[-49.27333,-25.19082],[-49.27349,-25.19066],[-49.27375,-25.19039],[-49.27381,-25.19032],[-49.27388,-25.19021],[-49.27398,-25.19001],[-49.27417,-25.18963],[-49.27433,-25.18935],[-49.27448,-25.18908],[-49.27449,-25.189],[-49.27448,-25.18892],[-49.27436,-25.18868],[-49.27412,-25.18826],[-49.27412,-25.18819],[-49.27414,-25.18812],[-49.2742,-25.18806],[-49.27452,-25.18775],[-49.27464,-25.1877],[-49.27478,-25.18768],[-49.27497,-25.18769],[-49.27506,-25.18768],[-49.27513,-25.18762],[-49.27518,-25.18754],[-49.27521,-25.18737],[-49.27524,-25.18722],[-49.27527,-25.18695],[-49.27533,-25.18673],[-49.27548,-25.1864],[-49.27568,-25.18606],[-49.2759,-25.18575],[-49.27606,-25.18563],[-49.27622,-25.18558],[-49.27639,-25.18558],[-49.27648,-25.1856],[-49.27663,-25.18568],[-49.27677,-25.18579],[-49.27694,-25.18594],[-49.27702,-25.18602],[-49.27713,-25.18605],[-49.27726,-25.18606],[-49.27742,-25.18604],[-49.27751,-25.186],[-49.2776,-25.18595],[-49.27764,-25.18586],[-49.27767,-25.18567],[-49.2777,-25.18558],[-49.27776,-25.18552],[-49.27784,-25.18548],[-49.27822,-25.18537],[-49.2786,-25.18525],[-49.2789,-25.18506],[-49.27901,-25.18495],[-49.27915,-25.18474],[-49.27923,-25.18465],[-49.27947,-25.18446],[-49.27981,-25.18413],[-49.27989,-25.18403],[-49.28008,-25.18375],[-49.28026,-25.18357],[-49.28042,-25.18335],[-49.28075,-25.18245],[-49.281,-25.18198],[-49.28123,-25.18144],[-49.28124,-25.18136],[-49.28119,-25.18113],[-49.28122,-25.18094],[-49.28131,-25.18072],[-49.28154,-25.18034],[-49.28171,-25.18016],[-49.2821,-25.17995],[-49.28257,-25.17972],[-49.28286,-25.17943],[-49.28292,-25.17938],[-49.28312,-25.17928]]}},{"type":"Feature","properties":{"n":"","h":"unclassified"},"geometry":{"type":"LineString","coordinates":[[-49.30113,-25.17129],[-49.30194,-25.17109],[-49.30208,-25.17106],[-49.30266,-25.1701],[-49.30342,-25.16869],[-49.30352,-25.16838],[-49.30352,-25.16829],[-49.30333,-25.1682],[-49.30259,-25.168],[-49.30262,-25.16788],[-49.30275,-25.16774],[-49.30281,-25.16759],[-49.30341,-25.16743],[-49.3035,-25.16738],[-49.30347,-25.1673],[-49.30343,-25.16725],[-49.30273,-25.16704],[-49.30277,-25.16678],[-49.30356,-25.16651],[-49.30389,-25.16606],[-49.30385,-25.1654],[-49.30369,-25.16504],[-49.30338,-25.16488],[-49.30368,-25.16471],[-49.30394,-25.16457],[-49.30411,-25.16441],[-49.30406,-25.1643],[-49.30382,-25.16417],[-49.3036,-25.16407],[-49.3034,-25.16399],[-49.3032,-25.16393]]}},{"type":"Feature","properties":{"n":"","h":"unclassified"},"geometry":{"type":"LineString","coordinates":[[-49.30406,-25.16282],[-49.3032,-25.16393],[-49.30304,-25.16407],[-49.30277,-25.16432],[-49.30242,-25.16478],[-49.30219,-25.16497],[-49.30141,-25.16506],[-49.30068,-25.16524],[-49.3002,-25.16526],[-49.29968,-25.16509],[-49.29915,-25.16485],[-49.29863,-25.1648],[-49.2984,-25.16487],[-49.29837,-25.16488],[-49.29796,-25.16509],[-49.29761,-25.16522],[-49.29726,-25.1652],[-49.29707,-25.16511],[-49.29681,-25.165],[-49.29636,-25.1647]]}},{"type":"Feature","properties":{"n":"","h":"unclassified"},"geometry":{"type":"LineString","coordinates":[[-49.2984,-25.16487],[-49.29856,-25.16461],[-49.29863,-25.16443],[-49.29869,-25.16435],[-49.29881,-25.16424],[-49.29888,-25.16414],[-49.29892,-25.16401],[-49.29897,-25.1639],[-49.29904,-25.16381],[-49.29911,-25.16377],[-49.29948,-25.16363],[-49.2996,-25.16362],[-49.29983,-25.16368],[-49.29994,-25.16368],[-49.30006,-25.16365],[-49.30014,-25.16357],[-49.30021,-25.16338],[-49.30026,-25.16332],[-49.30034,-25.16329],[-49.3005,-25.16328],[-49.30059,-25.16325],[-49.30065,-25.1632],[-49.30071,-25.16308],[-49.30073,-25.16301],[-49.30072,-25.16294],[-49.30067,-25.16279],[-49.30067,-25.1627],[-49.30076,-25.16264],[-49.30107,-25.16262],[-49.30121,-25.16257],[-49.30138,-25.16245],[-49.30143,-25.16239],[-49.30149,-25.16226],[-49.30149,-25.16217],[-49.3014,-25.1619],[-49.30139,-25.16183],[-49.30148,-25.16161],[-49.30148,-25.16154],[-49.30147,-25.16145],[-49.30141,-25.16131],[-49.30138,-25.16117],[-49.30141,-25.16107],[-49.30146,-25.16102],[-49.30169,-25.16097],[-49.30181,-25.16091],[-49.30189,-25.16085],[-49.30194,-25.16075],[-49.30197,-25.16051],[-49.30203,-25.16033],[-49.30208,-25.16027],[-49.30218,-25.16025],[-49.30224,-25.16027],[-49.30229,-25.16033],[-49.30238,-25.16046],[-49.30261,-25.16073],[-49.30263,-25.16081],[-49.30264,-25.16098],[-49.30266,-25.16106],[-49.30276,-25.16128],[-49.30272,-25.16159],[-49.30272,-25.16191],[-49.3027,-25.16212],[-49.30272,-25.16229],[-49.30275,-25.16242],[-49.30281,-25.16255],[-49.3029,-25.16266],[-49.30293,-25.16274],[-49.30288,-25.16295],[-49.30286,-25.16326],[-49.30286,-25.1635],[-49.30284,-25.16367],[-49.3029,-25.16382],[-49.30299,-25.16395],[-49.30304,-25.16407]]}},{"type":"Feature","properties":{"n":"","h":"unclassified"},"geometry":{"type":"LineString","coordinates":[[-49.30262,-25.16788],[-49.30248,-25.1679],[-49.30241,-25.16788],[-49.30195,-25.16747],[-49.30183,-25.1674],[-49.30169,-25.16735],[-49.30151,-25.16734],[-49.30136,-25.16729],[-49.30111,-25.16729],[-49.30095,-25.16728],[-49.30074,-25.1672],[-49.30064,-25.16719],[-49.30047,-25.16719],[-49.30032,-25.16718],[-49.30021,-25.16719],[-49.30007,-25.16722],[-49.29989,-25.16721],[-49.29978,-25.16723],[-49.29968,-25.16726],[-49.29939,-25.1674],[-49.2993,-25.16747],[-49.29919,-25.16766],[-49.29916,-25.16775],[-49.29911,-25.16797],[-49.29911,-25.1681],[-49.29919,-25.16859],[-49.2992,-25.16866],[-49.29919,-25.16873],[-49.29914,-25.16878],[-49.29908,-25.1688],[-49.29895,-25.16881],[-49.29876,-25.16886],[-49.29862,-25.16885],[-49.29852,-25.16887],[-49.29842,-25.16896],[-49.29837,-25.16898],[-49.2983,-25.16898],[-49.2979,-25.16887],[-49.29765,-25.16877],[-49.29754,-25.1687],[-49.29732,-25.16844],[-49.29721,-25.16837],[-49.29693,-25.16832],[-49.2968,-25.16833],[-49.29666,-25.1684],[-49.29651,-25.16843],[-49.29641,-25.16842],[-49.29599,-25.16824],[-49.29573,-25.16824],[-49.2956,-25.16821]]}},{"type":"Feature","properties":{"n":"","h":"unclassified"},"geometry":{"type":"LineString","coordinates":[[-49.29338,-25.15467],[-49.29365,-25.15449],[-49.29392,-25.15439],[-49.29424,-25.15422],[-49.29464,-25.15392],[-49.29477,-25.1538],[-49.29503,-25.15347],[-49.29511,-25.15342],[-49.2954,-25.15331],[-49.29548,-25.15323],[-49.29554,-25.1531],[-49.29555,-25.15294],[-49.2955,-25.1526],[-49.2955,-25.15246],[-49.29554,-25.15231],[-49.2956,-25.15224],[-49.2957,-25.15217],[-49.29577,-25.15215],[-49.29618,-25.15204],[-49.2965,-25.15192],[-49.297,-25.15177],[-49.29706,-25.15172],[-49.29733,-25.15133],[-49.29738,-25.15124],[-49.29747,-25.15099],[-49.29753,-25.1509],[-49.29769,-25.15072],[-49.29775,-25.15068],[-49.29811,-25.15055],[-49.2982,-25.15054],[-49.29864,-25.15056],[-49.29883,-25.15058],[-49.2989,-25.15061],[-49.29897,-25.15067],[-49.29906,-25.15086],[-49.29903,-25.15112],[-49.29906,-25.15119],[-49.29912,-25.15124],[-49.29919,-25.15126],[-49.29938,-25.15124],[-49.29994,-25.15109],[-49.30026,-25.15104],[-49.30089,-25.15085],[-49.30105,-25.15079],[-49.30131,-25.15067],[-49.30154,-25.15052],[-49.30166,-25.15042],[-49.30186,-25.15017],[-49.30201,-25.14985],[-49.30239,-25.14938],[-49.30247,-25.14932],[-49.30255,-25.14929],[-49.30271,-25.14926],[-49.30298,-25.14917],[-49.30322,-25.14905],[-49.30397,-25.14838],[-49.30406,-25.14836],[-49.30413,-25.14837],[-49.30429,-25.14844],[-49.30461,-25.14863],[-49.30473,-25.14869],[-49.30481,-25.14869],[-49.30494,-25.14863],[-49.30519,-25.14849],[-49.30529,-25.14847],[-49.30547,-25.14851],[-49.30558,-25.14851],[-49.30567,-25.14845],[-49.30626,-25.14794],[-49.30657,-25.1476],[-49.30663,-25.14756],[-49.30675,-25.14753],[-49.30712,-25.14751],[-49.3075,-25.14742],[-49.30803,-25.14718],[-49.30833,-25.14697],[-49.30864,-25.14684],[-49.30871,-25.14683],[-49.3088,-25.14684],[-49.30887,-25.14687],[-49.30912,-25.14709],[-49.30926,-25.14714],[-49.30939,-25.14714],[-49.30953,-25.1471],[-49.30964,-25.14706],[-49.30976,-25.14697],[-49.30979,-25.14689],[-49.3098,-25.14682],[-49.30975,-25.14645],[-49.30976,-25.14635],[-49.30979,-25.14627],[-49.30989,-25.14612],[-49.30999,-25.14602],[-49.31036,-25.14576],[-49.31046,-25.14564],[-49.31049,-25.14558],[-49.31053,-25.14544],[-49.3106,-25.14482],[-49.31066,-25.1447],[-49.31071,-25.14466],[-49.31084,-25.14461],[-49.31158,-25.14457],[-49.31173,-25.14456],[-49.31189,-25.14451],[-49.31294,-25.14398],[-49.31382,-25.1436],[-49.31402,-25.1435],[-49.31421,-25.14345],[-49.31451,-25.14341],[-49.31473,-25.14334],[-49.31495,-25.14319],[-49.31533,-25.1428],[-49.31547,-25.14268],[-49.31675,-25.14203],[-49.31688,-25.14195],[-49.31699,-25.14184],[-49.31708,-25.14167],[-49.31735,-25.14086]]}},{"type":"Feature","properties":{"n":"","h":"track"},"geometry":{"type":"LineString","coordinates":[[-49.30232,-25.09869],[-49.30253,-25.09854],[-49.30309,-25.09799],[-49.30321,-25.09782],[-49.30362,-25.09737],[-49.30407,-25.09697],[-49.30419,-25.09682],[-49.30449,-25.09653],[-49.30473,-25.09623],[-49.30484,-25.09613],[-49.30512,-25.09592],[-49.30539,-25.09567],[-49.3057,-25.09532],[-49.30615,-25.09493],[-49.30643,-25.09464],[-49.30685,-25.09417],[-49.30694,-25.09398],[-49.30697,-25.09373],[-49.30695,-25.09363],[-49.30688,-25.0935],[-49.3067,-25.09302],[-49.3067,-25.09294],[-49.30672,-25.09288],[-49.30679,-25.0928],[-49.3072,-25.09257],[-49.3075,-25.09247],[-49.30795,-25.09225],[-49.30821,-25.09211],[-49.30829,-25.09204],[-49.30838,-25.09191],[-49.30845,-25.09165],[-49.30853,-25.09153],[-49.30866,-25.09141],[-49.30893,-25.0912],[-49.30907,-25.09114],[-49.30926,-25.09109],[-49.30953,-25.09105],[-49.30962,-25.09102],[-49.30995,-25.09082],[-49.31004,-25.09075]]}},{"type":"Feature","properties":{"n":"","h":"unclassified"},"geometry":{"type":"LineString","coordinates":[[-49.26447,-25.15113],[-49.26452,-25.15098],[-49.26466,-25.15081],[-49.26473,-25.15055],[-49.26472,-25.14993],[-49.26474,-25.14958],[-49.26482,-25.14926],[-49.26483,-25.1491],[-49.26478,-25.14884],[-49.26463,-25.14865],[-49.26449,-25.14852],[-49.26442,-25.1484],[-49.26441,-25.14827],[-49.2644,-25.14799],[-49.26438,-25.14792],[-49.2643,-25.14785],[-49.26381,-25.14755],[-49.26319,-25.14713],[-49.2625,-25.14659],[-49.26239,-25.1464],[-49.26225,-25.14607],[-49.26223,-25.14591],[-49.26222,-25.14576],[-49.26222,-25.14564],[-49.26227,-25.14555],[-49.26234,-25.14537],[-49.26233,-25.14521],[-49.26228,-25.14474],[-49.26226,-25.14433],[-49.26228,-25.14418],[-49.26232,-25.14407],[-49.26259,-25.1436],[-49.26261,-25.14352],[-49.26258,-25.14343],[-49.26244,-25.1433],[-49.2624,-25.14318],[-49.26239,-25.14305],[-49.26241,-25.14283],[-49.26244,-25.14273],[-49.26249,-25.14266],[-49.26268,-25.14248],[-49.26288,-25.1424],[-49.26299,-25.14235],[-49.26304,-25.14227],[-49.26301,-25.14218],[-49.26294,-25.1421],[-49.26245,-25.14189],[-49.26199,-25.14162],[-49.26181,-25.14144],[-49.26165,-25.14123],[-49.26138,-25.14104],[-49.26113,-25.14091],[-49.2609,-25.14082],[-49.26067,-25.14062],[-49.26041,-25.14025],[-49.26005,-25.13989],[-49.25947,-25.13949],[-49.25932,-25.13942],[-49.25928,-25.13936],[-49.2593,-25.13928],[-49.25949,-25.13907],[-49.25953,-25.13896],[-49.25957,-25.13856],[-49.25962,-25.13835],[-49.25959,-25.13829],[-49.25953,-25.13823],[-49.25943,-25.13823],[-49.25938,-25.1382],[-49.25919,-25.13802],[-49.25913,-25.13791],[-49.25913,-25.13776],[-49.25912,-25.13756],[-49.25919,-25.13739],[-49.25936,-25.13714],[-49.25943,-25.13704],[-49.25948,-25.137],[-49.25956,-25.13698],[-49.25962,-25.13701],[-49.25967,-25.13708],[-49.25974,-25.1371],[-49.2598,-25.13708],[-49.25987,-25.13697],[-49.25989,-25.1368],[-49.25987,-25.13661],[-49.25986,-25.13654],[-49.25989,-25.1365],[-49.25993,-25.13648],[-49.26003,-25.1365],[-49.26017,-25.13657],[-49.26032,-25.1367],[-49.26051,-25.13676],[-49.2606,-25.13676],[-49.26067,-25.1368],[-49.26076,-25.13691],[-49.26095,-25.13708],[-49.26113,-25.1372],[-49.26123,-25.13726],[-49.26145,-25.13738],[-49.26177,-25.13753],[-49.26203,-25.13753],[-49.26224,-25.13749],[-49.26241,-25.13741],[-49.26255,-25.13728],[-49.26262,-25.13723],[-49.26269,-25.1372],[-49.26285,-25.13723],[-49.26293,-25.13726],[-49.26299,-25.13725],[-49.26305,-25.13724],[-49.26323,-25.13715],[-49.26333,-25.13705],[-49.26339,-25.13694],[-49.26346,-25.13687],[-49.26359,-25.13682],[-49.2637,-25.13674],[-49.26376,-25.13664],[-49.2638,-25.13656],[-49.26387,-25.13649],[-49.26393,-25.13646],[-49.26408,-25.13649],[-49.26416,-25.13651],[-49.26425,-25.13647],[-49.26445,-25.13628],[-49.26447,-25.13617],[-49.26446,-25.13604],[-49.2645,-25.1359],[-49.26465,-25.13572],[-49.2648,-25.13567],[-49.26494,-25.13565],[-49.26508,-25.13566],[-49.26518,-25.13558],[-49.26524,-25.13551],[-49.26535,-25.13548],[-49.26587,-25.13533],[-49.26605,-25.13524],[-49.26617,-25.13515],[-49.26628,-25.13512],[-49.26635,-25.13512],[-49.26648,-25.13513],[-49.2666,-25.13511],[-49.26689,-25.13495],[-49.26713,-25.13489],[-49.2675,-25.13486],[-49.26769,-25.13483],[-49.268,-25.13465],[-49.26817,-25.13461],[-49.26829,-25.13457],[-49.26839,-25.13452],[-49.2685,-25.1344],[-49.26865,-25.1341],[-49.26874,-25.13402],[-49.26886,-25.13395],[-49.26908,-25.13385],[-49.26918,-25.13382],[-49.26922,-25.13374],[-49.26927,-25.13362],[-49.26937,-25.13352],[-49.26948,-25.13339],[-49.26957,-25.13334],[-49.26969,-25.13331],[-49.27011,-25.13328],[-49.27028,-25.1333],[-49.2704,-25.13333],[-49.2706,-25.13336],[-49.27078,-25.13335],[-49.27095,-25.13331],[-49.27115,-25.13321],[-49.27123,-25.13312],[-49.27133,-25.13295],[-49.27143,-25.13286],[-49.27157,-25.13277],[-49.27165,-25.13263],[-49.27195,-25.13238],[-49.27214,-25.13226],[-49.27225,-25.13223],[-49.27233,-25.13221],[-49.27243,-25.13221],[-49.27251,-25.13225],[-49.27257,-25.13236],[-49.27263,-25.13244],[-49.2727,-25.13244],[-49.27315,-25.1323],[-49.2732,-25.13223],[-49.27319,-25.13214],[-49.27321,-25.13201],[-49.27334,-25.13182],[-49.27344,-25.13175],[-49.27388,-25.13156],[-49.27408,-25.1315],[-49.27428,-25.13147],[-49.27458,-25.1315],[-49.27508,-25.13151],[-49.27563,-25.13145],[-49.27617,-25.13151],[-49.27641,-25.13161],[-49.2766,-25.13172],[-49.27683,-25.13195],[-49.27692,-25.13206],[-49.277,-25.13222],[-49.27705,-25.13232],[-49.27717,-25.13239],[-49.27725,-25.13241],[-49.27763,-25.13241],[-49.27778,-25.13239],[-49.27785,-25.13234],[-49.27805,-25.13216],[-49.27832,-25.13198],[-49.27849,-25.13192],[-49.27856,-25.13194],[-49.27872,-25.13204],[-49.27894,-25.13234],[-49.27912,-25.13242]]}},{"type":"Feature","properties":{"n":"","h":"unclassified"},"geometry":{"type":"LineString","coordinates":[[-49.29212,-25.20915],[-49.29156,-25.20932],[-49.29103,-25.20946],[-49.29084,-25.2097],[-49.29079,-25.20983],[-49.29077,-25.21007],[-49.29079,-25.21034],[-49.29079,-25.21049],[-49.29075,-25.21058],[-49.29069,-25.21065],[-49.29046,-25.211],[-49.2903,-25.21133],[-49.29019,-25.21142],[-49.29003,-25.21145],[-49.28982,-25.21141],[-49.28956,-25.21145],[-49.28916,-25.21155],[-49.28893,-25.21165],[-49.28869,-25.21186],[-49.28848,-25.21211],[-49.28832,-25.21226],[-49.28826,-25.21231],[-49.28815,-25.21234],[-49.288,-25.21235],[-49.28787,-25.21238],[-49.28777,-25.21244],[-49.28758,-25.21281],[-49.28748,-25.21292],[-49.28737,-25.21298],[-49.287,-25.2131],[-49.2868,-25.21317],[-49.28665,-25.21325],[-49.2865,-25.21328],[-49.28636,-25.2133],[-49.28623,-25.21336],[-49.28601,-25.21352],[-49.28579,-25.21372],[-49.28568,-25.21381],[-49.28553,-25.21387],[-49.28532,-25.21393],[-49.28504,-25.21394],[-49.28471,-25.21383],[-49.28444,-25.21367],[-49.28422,-25.21351],[-49.28415,-25.21345],[-49.28396,-25.21347],[-49.28385,-25.21367],[-49.28376,-25.21393],[-49.28343,-25.21415]]}},{"type":"Feature","properties":{"n":"","h":"unclassified"},"geometry":{"type":"LineString","coordinates":[[-49.28553,-25.21387],[-49.28565,-25.21345],[-49.28569,-25.21324],[-49.28574,-25.21312],[-49.28582,-25.21304],[-49.28594,-25.21295],[-49.28602,-25.21285],[-49.28605,-25.21277],[-49.28613,-25.21241],[-49.28611,-25.21196],[-49.28613,-25.21179],[-49.28619,-25.21162],[-49.28619,-25.21154],[-49.28615,-25.21146],[-49.2861,-25.21138],[-49.2858,-25.21107],[-49.28568,-25.21092],[-49.28559,-25.2108],[-49.28547,-25.21069],[-49.28533,-25.21058],[-49.28523,-25.21047],[-49.28516,-25.21035],[-49.28513,-25.21021],[-49.28518,-25.21002],[-49.28518,-25.20993],[-49.28518,-25.20983],[-49.28517,-25.20962],[-49.28524,-25.20921],[-49.28531,-25.20893],[-49.28531,-25.20858],[-49.28529,-25.20846],[-49.28531,-25.20829],[-49.28537,-25.20812],[-49.28569,-25.20759],[-49.28581,-25.20732],[-49.286,-25.20692],[-49.28605,-25.20671],[-49.28605,-25.20653],[-49.28607,-25.20643],[-49.28614,-25.2063],[-49.2864,-25.20599],[-49.28653,-25.20583],[-49.28664,-25.20573],[-49.28672,-25.20566],[-49.28679,-25.20563]]}},{"type":"Feature","properties":{"n":"","h":"unclassified"},"geometry":{"type":"LineString","coordinates":[[-49.28531,-25.20858],[-49.28492,-25.20854],[-49.28458,-25.20843],[-49.28434,-25.20826],[-49.28421,-25.20806],[-49.28406,-25.20772],[-49.28406,-25.20763],[-49.28405,-25.20746],[-49.28386,-25.20722],[-49.28366,-25.20714],[-49.28299,-25.20696],[-49.2821,-25.20672],[-49.2818,-25.20669],[-49.28124,-25.20651],[-49.28116,-25.20642],[-49.28111,-25.20632],[-49.28103,-25.20608]]}},{"type":"Feature","properties":{"n":"","h":"unclassified"},"geometry":{"type":"LineString","coordinates":[[-49.28124,-25.20651],[-49.28105,-25.20657],[-49.28096,-25.20661]]}},{"type":"Feature","properties":{"n":"","h":"unclassified"},"geometry":{"type":"LineString","coordinates":[[-49.35814,-25.18403],[-49.35844,-25.18393],[-49.35859,-25.18383],[-49.35873,-25.18358],[-49.35915,-25.18324],[-49.35991,-25.18277],[-49.36028,-25.1826],[-49.3607,-25.18225],[-49.36092,-25.18213],[-49.36105,-25.1821],[-49.36117,-25.18213],[-49.3613,-25.18219],[-49.36141,-25.18229],[-49.36156,-25.18249],[-49.36166,-25.18277],[-49.36174,-25.18297],[-49.3618,-25.18316],[-49.36165,-25.18332],[-49.36133,-25.18361],[-49.36125,-25.18369],[-49.36122,-25.18377],[-49.36125,-25.18392],[-49.36126,-25.184],[-49.3612,-25.1841],[-49.36116,-25.18421],[-49.36116,-25.18428],[-49.36122,-25.18435],[-49.36137,-25.18436],[-49.36148,-25.18428],[-49.36158,-25.18423],[-49.36175,-25.18422],[-49.3619,-25.18423],[-49.36219,-25.18425],[-49.36271,-25.18407],[-49.36307,-25.1839],[-49.36321,-25.18386],[-49.36333,-25.18391],[-49.36347,-25.18401],[-49.36354,-25.18415],[-49.36363,-25.18431],[-49.36374,-25.18441],[-49.36393,-25.18442],[-49.36407,-25.18436],[-49.36438,-25.18402],[-49.36456,-25.18384],[-49.36491,-25.18369],[-49.36523,-25.18365],[-49.36543,-25.18366],[-49.36576,-25.18368],[-49.36592,-25.18367],[-49.366,-25.18363],[-49.36622,-25.18341],[-49.36655,-25.18304],[-49.36693,-25.18278],[-49.36711,-25.18255],[-49.36715,-25.18244],[-49.36717,-25.1824],[-49.3672,-25.18219],[-49.36718,-25.18207],[-49.36717,-25.182],[-49.36715,-25.18195],[-49.36671,-25.18182],[-49.36639,-25.18158],[-49.36608,-25.1814],[-49.3656,-25.18085],[-49.36526,-25.18049],[-49.36501,-25.17999],[-49.36492,-25.1797],[-49.36493,-25.17951],[-49.3652,-25.1792],[-49.36545,-25.17901],[-49.36547,-25.17894],[-49.36545,-25.17886],[-49.36522,-25.1787],[-49.36493,-25.17862],[-49.3646,-25.17824],[-49.36419,-25.17778],[-49.36378,-25.17759],[-49.36328,-25.17747],[-49.36291,-25.17747],[-49.3624,-25.17745],[-49.36222,-25.17738],[-49.36198,-25.17722],[-49.36157,-25.17693],[-49.36139,-25.17679],[-49.36115,-25.17648],[-49.36105,-25.17636],[-49.36091,-25.17625],[-49.36046,-25.17595],[-49.35977,-25.17557],[-49.35963,-25.17548],[-49.35953,-25.17542],[-49.35947,-25.17532],[-49.35936,-25.17511],[-49.35931,-25.17508],[-49.35925,-25.17506],[-49.35909,-25.17509],[-49.35883,-25.17513],[-49.3587,-25.17509],[-49.35861,-25.17503],[-49.35845,-25.17478],[-49.35828,-25.17454],[-49.35812,-25.1745],[-49.35799,-25.17447],[-49.35791,-25.17442],[-49.35784,-25.17433],[-49.35778,-25.17415],[-49.3577,-25.17403],[-49.35756,-25.17396],[-49.35733,-25.17375],[-49.35715,-25.17362],[-49.35687,-25.17341],[-49.35673,-25.17314],[-49.35665,-25.17277],[-49.35652,-25.17256],[-49.3563,-25.17241],[-49.35624,-25.1723],[-49.35621,-25.17215],[-49.35624,-25.172],[-49.35639,-25.17174],[-49.35642,-25.17163],[-49.3565,-25.17156],[-49.35654,-25.17151],[-49.35656,-25.17142],[-49.35654,-25.1713],[-49.35658,-25.17111],[-49.35659,-25.17102],[-49.35658,-25.17083],[-49.35663,-25.17071],[-49.35675,-25.17053],[-49.35686,-25.17045],[-49.35696,-25.17035],[-49.35702,-25.17025],[-49.35703,-25.17013],[-49.35704,-25.16969],[-49.35701,-25.16951],[-49.35704,-25.16936]]}},{"type":"Feature","properties":{"n":"","h":"unclassified"},"geometry":{"type":"LineString","coordinates":[[-49.37097,-25.18118],[-49.37016,-25.18145],[-49.36978,-25.18158],[-49.36946,-25.18173],[-49.36895,-25.18191],[-49.36795,-25.18203],[-49.36791,-25.18203],[-49.36753,-25.182],[-49.36715,-25.18195]]}},{"type":"Feature","properties":{"n":"","h":"unclassified"},"geometry":{"type":"LineString","coordinates":[[-49.36715,-25.18244],[-49.3675,-25.18221],[-49.36778,-25.18208],[-49.36791,-25.18203]]}},{"type":"Feature","properties":{"n":"","h":"unclassified"},"geometry":{"type":"LineString","coordinates":[[-49.36989,-25.18568],[-49.36935,-25.18574],[-49.36918,-25.18575],[-49.36905,-25.18568],[-49.36876,-25.18539],[-49.36857,-25.18524],[-49.36823,-25.18507],[-49.36728,-25.18494],[-49.36671,-25.18476],[-49.36652,-25.18452],[-49.36623,-25.18381],[-49.3662,-25.18373],[-49.36622,-25.18341]]}},{"type":"Feature","properties":{"n":"","h":"unclassified"},"geometry":{"type":"LineString","coordinates":[[-49.37507,-25.18181],[-49.37422,-25.18186],[-49.37368,-25.18193],[-49.37355,-25.18192],[-49.37346,-25.18185],[-49.37337,-25.18165],[-49.37333,-25.18144],[-49.3733,-25.18135],[-49.37266,-25.18091],[-49.37244,-25.18074],[-49.3724,-25.18048],[-49.37233,-25.1804],[-49.37222,-25.18038],[-49.37212,-25.18041],[-49.37169,-25.18064],[-49.37144,-25.18082],[-49.37127,-25.181],[-49.37116,-25.1811],[-49.37106,-25.18115],[-49.37097,-25.18118]]}},{"type":"Feature","properties":{"n":"","h":"unclassified"},"geometry":{"type":"LineString","coordinates":[[-49.2362,-25.23324],[-49.23613,-25.23323],[-49.23605,-25.2332],[-49.23596,-25.23318],[-49.23585,-25.23314],[-49.23581,-25.23311],[-49.23577,-25.23306],[-49.23572,-25.23298],[-49.23569,-25.23294],[-49.23563,-25.23292],[-49.23559,-25.23292],[-49.23555,-25.23293],[-49.2355,-25.23293],[-49.23545,-25.23294],[-49.2354,-25.23293],[-49.23536,-25.23291],[-49.2353,-25.23285],[-49.23523,-25.23277],[-49.23517,-25.23273],[-49.23515,-25.23267],[-49.23509,-25.23263],[-49.235,-25.23261],[-49.23488,-25.23253],[-49.23476,-25.23243],[-49.23468,-25.23231],[-49.23462,-25.23217],[-49.23457,-25.23207],[-49.23453,-25.23195],[-49.23447,-25.23186],[-49.23438,-25.23177],[-49.23421,-25.2317],[-49.23413,-25.23163],[-49.23401,-25.23156],[-49.23389,-25.23149],[-49.23382,-25.23145],[-49.23371,-25.23139],[-49.23365,-25.23137]]}},{"type":"Feature","properties":{"n":"","h":"track"},"geometry":{"type":"LineString","coordinates":[[-49.24046,-25.22685],[-49.24037,-25.22692],[-49.24028,-25.22692],[-49.24018,-25.22689],[-49.24012,-25.22681],[-49.24007,-25.22673],[-49.24004,-25.22665],[-49.24004,-25.22657],[-49.23999,-25.22648],[-49.23992,-25.22642]]}},{"type":"Feature","properties":{"n":"","h":"unclassified"},"geometry":{"type":"LineString","coordinates":[[-49.23912,-25.22686],[-49.23909,-25.22674],[-49.2391,-25.2266],[-49.23914,-25.22644],[-49.23915,-25.22638],[-49.23917,-25.22625]]}},{"type":"Feature","properties":{"n":"","h":"unclassified"},"geometry":{"type":"LineString","coordinates":[[-49.23992,-25.22642],[-49.23983,-25.22639],[-49.23972,-25.2264],[-49.23961,-25.22642],[-49.23944,-25.22645],[-49.23924,-25.22645],[-49.23914,-25.22644]]}},{"type":"Feature","properties":{"n":"","h":"unclassified"},"geometry":{"type":"LineString","coordinates":[[-49.34105,-25.1746],[-49.34097,-25.17477],[-49.34095,-25.17481],[-49.34092,-25.17483],[-49.34089,-25.17485],[-49.34086,-25.17485],[-49.34083,-25.17484],[-49.3408,-25.17483],[-49.34077,-25.1748],[-49.34073,-25.17475],[-49.34068,-25.1747],[-49.34058,-25.17458],[-49.34046,-25.1744],[-49.3403,-25.17415],[-49.34021,-25.17403],[-49.34011,-25.17393],[-49.34003,-25.17384]]}},{"type":"Feature","properties":{"n":"","h":"unclassified"},"geometry":{"type":"LineString","coordinates":[[-49.52479,-24.9307],[-49.52465,-24.93013],[-49.52463,-24.92997],[-49.52462,-24.92984],[-49.52464,-24.92976],[-49.52471,-24.92969],[-49.5248,-24.92966]]}},{"type":"Feature","properties":{"n":"","h":"unclassified"},"geometry":{"type":"LineString","coordinates":[[-49.52203,-24.93202],[-49.52201,-24.93193],[-49.52192,-24.93185],[-49.52151,-24.93141],[-49.52137,-24.93123],[-49.52125,-24.93107],[-49.52115,-24.93089],[-49.52106,-24.93078],[-49.52083,-24.93072],[-49.52056,-24.93066],[-49.52046,-24.93057],[-49.52026,-24.9305],[-49.52015,-24.93046]]}},{"type":"Feature","properties":{"n":"","h":"unclassified"},"geometry":{"type":"LineString","coordinates":[[-49.48357,-24.92965],[-49.48379,-24.92933],[-49.48392,-24.92909],[-49.48393,-24.92894],[-49.48377,-24.92875],[-49.48363,-24.92863],[-49.48352,-24.92841],[-49.48355,-24.92817],[-49.4834,-24.92801],[-49.48304,-24.92755],[-49.48276,-24.92707],[-49.48258,-24.92661],[-49.48204,-24.92536],[-49.48171,-24.92485],[-49.48143,-24.92449],[-49.48105,-24.92421],[-49.48061,-24.92407],[-49.47992,-24.92398],[-49.47977,-24.92387],[-49.47963,-24.92369],[-49.47947,-24.9231],[-49.47932,-24.92278],[-49.47913,-24.92259],[-49.47831,-24.92205],[-49.47788,-24.92178],[-49.47768,-24.92175],[-49.4773,-24.92176],[-49.47703,-24.92174],[-49.4768,-24.9216],[-49.4764,-24.92125],[-49.47588,-24.9208],[-49.47565,-24.92061],[-49.47536,-24.92039],[-49.47514,-24.92006],[-49.47492,-24.91993],[-49.47472,-24.91971],[-49.47402,-24.91867],[-49.47398,-24.91845],[-49.47383,-24.91744],[-49.47373,-24.91715],[-49.47318,-24.91648],[-49.4729,-24.91606],[-49.47271,-24.91585],[-49.47245,-24.91571],[-49.4712,-24.91563],[-49.47083,-24.91563],[-49.47032,-24.91575],[-49.46997,-24.91593],[-49.46952,-24.91646],[-49.46926,-24.91667],[-49.46867,-24.91699],[-49.46719,-24.91754],[-49.4668,-24.9178],[-49.46647,-24.91815],[-49.46633,-24.9185],[-49.46621,-24.9189],[-49.46615,-24.91922],[-49.4662,-24.91972],[-49.46627,-24.92081],[-49.46627,-24.92099],[-49.4661,-24.92124],[-49.4659,-24.9216],[-49.46572,-24.92194],[-49.46555,-24.92209],[-49.46411,-24.9225],[-49.46304,-24.92271],[-49.46274,-24.92272],[-49.46237,-24.92259],[-49.46216,-24.9225],[-49.46149,-24.92243],[-49.46041,-24.92234],[-49.46005,-24.92221],[-49.45978,-24.92196],[-49.45943,-24.92143],[-49.45933,-24.92102],[-49.45919,-24.92095],[-49.4587,-24.92083],[-49.45856,-24.92066],[-49.45801,-24.91991],[-49.45765,-24.91956],[-49.45689,-24.91913],[-49.45651,-24.9188],[-49.4563,-24.91863],[-49.45575,-24.91852],[-49.4546,-24.91826],[-49.45441,-24.91813],[-49.45387,-24.91766],[-49.45357,-24.9174],[-49.45268,-24.917],[-49.45238,-24.91677],[-49.45205,-24.91639],[-49.45169,-24.91621],[-49.45139,-24.91625],[-49.45089,-24.91637],[-49.45066,-24.9163],[-49.45043,-24.91599],[-49.45005,-24.91564],[-49.44969,-24.91529],[-49.44959,-24.91515],[-49.44955,-24.91483],[-49.4492,-24.91424],[-49.44888,-24.91383],[-49.44874,-24.91376],[-49.44827,-24.91357],[-49.44804,-24.9133],[-49.44797,-24.91304],[-49.4478,-24.91252],[-49.44764,-24.91217],[-49.44753,-24.91183],[-49.44736,-24.91167],[-49.44687,-24.91145],[-49.44671,-24.91132],[-49.4464,-24.91093],[-49.44585,-24.91018],[-49.44547,-24.90971],[-49.44522,-24.90947],[-49.44438,-24.90887],[-49.44403,-24.90845],[-49.44388,-24.90811],[-49.44377,-24.90784],[-49.44362,-24.90771],[-49.44315,-24.90734],[-49.44304,-24.9071],[-49.44232,-24.90604],[-49.4422,-24.9058],[-49.44204,-24.90525],[-49.4419,-24.90484],[-49.44172,-24.90454],[-49.44137,-24.90411],[-49.4408,-24.90335],[-49.44061,-24.90288],[-49.44044,-24.90225],[-49.44032,-24.90176],[-49.44036,-24.90129]]}},{"type":"Feature","properties":{"n":"","h":"tertiary"},"geometry":{"type":"LineString","coordinates":[[-49.42765,-24.91761],[-49.42761,-24.91791],[-49.42734,-24.9182],[-49.42706,-24.91862],[-49.4267,-24.91887],[-49.42638,-24.91907],[-49.42625,-24.9193],[-49.42615,-24.91973],[-49.42571,-24.92038],[-49.4255,-24.92068],[-49.42507,-24.92107],[-49.42479,-24.9213],[-49.42463,-24.92154],[-49.42463,-24.92178],[-49.42477,-24.92213],[-49.42522,-24.92269],[-49.42525,-24.92298],[-49.42522,-24.92325],[-49.42493,-24.92395],[-49.4249,-24.92418],[-49.42502,-24.92445],[-49.42526,-24.92517],[-49.42528,-24.92538],[-49.42524,-24.92576],[-49.42524,-24.92605],[-49.42519,-24.92634],[-49.425,-24.92676],[-49.42498,-24.92696],[-49.425,-24.92723],[-49.42492,-24.92746],[-49.4249,-24.92764],[-49.42492,-24.92815],[-49.4249,-24.92847],[-49.42484,-24.92868],[-49.42455,-24.92917],[-49.42439,-24.92958],[-49.42414,-24.93008],[-49.42399,-24.93027],[-49.42367,-24.93039],[-49.42335,-24.93067],[-49.42322,-24.93082],[-49.42313,-24.93094],[-49.4228,-24.9311],[-49.42259,-24.93125],[-49.42251,-24.93148],[-49.42255,-24.93185],[-49.42254,-24.93264],[-49.42247,-24.93297],[-49.42239,-24.93331],[-49.42251,-24.93347],[-49.42261,-24.93375],[-49.42263,-24.93405],[-49.42271,-24.93443],[-49.42279,-24.9348],[-49.42273,-24.9351],[-49.42259,-24.93541],[-49.42251,-24.93558],[-49.42256,-24.93583],[-49.42264,-24.93602],[-49.42259,-24.93625],[-49.42239,-24.93651],[-49.42222,-24.93688],[-49.42211,-24.93711],[-49.42214,-24.93744],[-49.4223,-24.93786],[-49.42233,-24.93806],[-49.42226,-24.93826],[-49.42188,-24.93855],[-49.42176,-24.93874],[-49.4218,-24.93911],[-49.42181,-24.93931],[-49.42168,-24.93951],[-49.42139,-24.93984],[-49.42114,-24.94019],[-49.42085,-24.94088],[-49.42073,-24.94112],[-49.42044,-24.94141],[-49.42026,-24.94168],[-49.42028,-24.94187],[-49.42037,-24.94211],[-49.42028,-24.94252],[-49.42041,-24.94271],[-49.42088,-24.94346],[-49.42127,-24.94365],[-49.42157,-24.94381],[-49.42227,-24.94387],[-49.42233,-24.94398],[-49.42242,-24.9442],[-49.42259,-24.94433],[-49.42264,-24.94456],[-49.42245,-24.94522],[-49.42249,-24.9456],[-49.42249,-24.94592],[-49.42228,-24.94644],[-49.42211,-24.94693],[-49.42187,-24.94744],[-49.42187,-24.9477],[-49.42215,-24.94837],[-49.42236,-24.94897],[-49.42264,-24.94933],[-49.42304,-24.94961],[-49.42343,-24.94972],[-49.42362,-24.94983],[-49.42399,-24.95018],[-49.42447,-24.95071],[-49.4247,-24.95098],[-49.4248,-24.95131],[-49.42532,-24.95188],[-49.42569,-24.95194],[-49.42605,-24.95214],[-49.42651,-24.95246],[-49.42657,-24.9525],[-49.42703,-24.95291],[-49.42734,-24.95303],[-49.4279,-24.95315],[-49.42804,-24.95326],[-49.42854,-24.95376],[-49.42926,-24.95418],[-49.42958,-24.95444],[-49.42974,-24.95472],[-49.42983,-24.95508],[-49.42973,-24.95543],[-49.42951,-24.95566],[-49.42897,-24.95599],[-49.4279,-24.95648],[-49.42776,-24.95663],[-49.42772,-24.95707],[-49.42728,-24.95769],[-49.42689,-24.95807],[-49.42662,-24.9584],[-49.42663,-24.95864],[-49.4267,-24.95894],[-49.42703,-24.95978],[-49.42714,-24.96016],[-49.42706,-24.9605],[-49.427,-24.96075],[-49.42682,-24.96093],[-49.42586,-24.9619],[-49.42544,-24.96233],[-49.42518,-24.96265],[-49.42491,-24.96292],[-49.42462,-24.96313],[-49.4236,-24.96365],[-49.42308,-24.96384],[-49.42259,-24.96423],[-49.42114,-24.96494],[-49.42051,-24.96536],[-49.41971,-24.96567],[-49.41907,-24.96588],[-49.41862,-24.96619],[-49.41824,-24.96665],[-49.41809,-24.96709],[-49.41801,-24.96747],[-49.41806,-24.96787],[-49.41836,-24.96824],[-49.4187,-24.96858],[-49.41891,-24.96864],[-49.41953,-24.9686],[-49.42108,-24.96916],[-49.42135,-24.96917],[-49.42205,-24.96895],[-49.42229,-24.96902],[-49.42274,-24.96924],[-49.42302,-24.96931],[-49.42319,-24.96927],[-49.42349,-24.96905],[-49.42391,-24.9689],[-49.42418,-24.96891],[-49.42442,-24.96917],[-49.42454,-24.96944],[-49.42452,-24.96985],[-49.42437,-24.97009],[-49.42426,-24.97029],[-49.42445,-24.97143],[-49.42454,-24.97159],[-49.4251,-24.97241],[-49.42514,-24.97277],[-49.42503,-24.97313],[-49.42468,-24.9739],[-49.4242,-24.9743],[-49.42402,-24.97456],[-49.42393,-24.97492],[-49.42391,-24.97536],[-49.4238,-24.97576],[-49.42362,-24.97614],[-49.42365,-24.97644],[-49.42376,-24.97708],[-49.42368,-24.97743],[-49.42356,-24.97792],[-49.42326,-24.97849],[-49.42316,-24.97878],[-49.42321,-24.97896],[-49.42339,-24.97906],[-49.42401,-24.97935],[-49.42434,-24.97964],[-49.4245,-24.97986],[-49.42451,-24.98023],[-49.42455,-24.9806],[-49.42489,-24.98076],[-49.42571,-24.98095],[-49.42647,-24.9809],[-49.42682,-24.98097],[-49.42741,-24.98121],[-49.42768,-24.98169],[-49.42837,-24.98272],[-49.42835,-24.9829],[-49.42813,-24.98333],[-49.42793,-24.98354],[-49.42741,-24.98374],[-49.42663,-24.98407],[-49.42643,-24.9843],[-49.42611,-24.9849],[-49.42616,-24.98558],[-49.42603,-24.98579],[-49.42598,-24.986],[-49.4261,-24.98622],[-49.42643,-24.9867],[-49.42659,-24.98725],[-49.42676,-24.98774],[-49.42677,-24.98835],[-49.42698,-24.98878],[-49.42714,-24.98919],[-49.42722,-24.9895],[-49.4273,-24.99004],[-49.42741,-24.99048],[-49.42764,-24.99113],[-49.42764,-24.9913],[-49.42763,-24.99141],[-49.42744,-24.9919],[-49.42755,-24.99373],[-49.42749,-24.99405],[-49.42748,-24.99421],[-49.42744,-24.99456],[-49.42744,-24.99479],[-49.42768,-24.99545],[-49.42802,-24.99677],[-49.42801,-24.99732],[-49.42789,-24.99782],[-49.42746,-24.99861],[-49.42727,-24.99882],[-49.42629,-24.99926],[-49.42612,-24.99944],[-49.42615,-25.00033],[-49.42604,-25.00057],[-49.42566,-25.00122],[-49.42552,-25.00183],[-49.42549,-25.0024],[-49.42554,-25.00301],[-49.42549,-25.00351],[-49.42535,-25.00367],[-49.42444,-25.00403],[-49.42349,-25.00461],[-49.42336,-25.00479],[-49.42334,-25.0051],[-49.42337,-25.00579],[-49.42331,-25.00635],[-49.42321,-25.00652],[-49.42235,-25.00804],[-49.42232,-25.00832],[-49.42228,-25.0087],[-49.42201,-25.00899],[-49.42093,-25.0099],[-49.42071,-25.01025],[-49.4203,-25.01102],[-49.42008,-25.0112],[-49.41974,-25.01137],[-49.41856,-25.01188],[-49.41832,-25.01199],[-49.41774,-25.01239],[-49.41686,-25.01324],[-49.41673,-25.01347],[-49.41666,-25.01382],[-49.41642,-25.01465],[-49.41608,-25.01564],[-49.41609,-25.01602],[-49.41618,-25.01632],[-49.4168,-25.01747],[-49.41702,-25.01831],[-49.41741,-25.01878],[-49.41844,-25.02137],[-49.4191,-25.02271],[-49.41947,-25.0237],[-49.41997,-25.02442],[-49.41998,-25.02459],[-49.41991,-25.02484],[-49.41936,-25.02527],[-49.41917,-25.02572],[-49.41863,-25.02628],[-49.41778,-25.0281],[-49.41775,-25.02832],[-49.4183,-25.03038],[-49.41837,-25.03094],[-49.41841,-25.03285],[-49.41829,-25.03317],[-49.4172,-25.03393],[-49.41623,-25.035],[-49.41598,-25.03511],[-49.41547,-25.03499],[-49.41523,-25.03506],[-49.41497,-25.03526],[-49.41451,-25.03564],[-49.41217,-25.03682],[-49.41199,-25.03704],[-49.41166,-25.03832],[-49.41154,-25.03908],[-49.41108,-25.04001],[-49.41086,-25.04049],[-49.41087,-25.04072],[-49.41101,-25.04097],[-49.41116,-25.04125],[-49.41149,-25.04325],[-49.41149,-25.04351],[-49.41131,-25.04385],[-49.41111,-25.04421],[-49.41088,-25.04491],[-49.41068,-25.04535],[-49.4106,-25.04575],[-49.41077,-25.04647],[-49.41107,-25.04684],[-49.41144,-25.04703],[-49.41197,-25.04725],[-49.4122,-25.04743],[-49.41237,-25.04763],[-49.41244,-25.04808],[-49.41242,-25.04843],[-49.41237,-25.04881]]}},{"type":"Feature","properties":{"n":"","h":"unclassified"},"geometry":{"type":"LineString","coordinates":[[-49.41856,-25.01188],[-49.41803,-25.01139],[-49.41716,-25.01051],[-49.41681,-25.01038],[-49.41585,-25.01014],[-49.41524,-25.00993],[-49.41447,-25.00936],[-49.41361,-25.00858],[-49.41344,-25.00821],[-49.41291,-25.00702],[-49.41288,-25.00583],[-49.41274,-25.00543],[-49.41228,-25.00497],[-49.41143,-25.00455]]}},{"type":"Feature","properties":{"n":"","h":"unclassified"},"geometry":{"type":"LineString","coordinates":[[-49.42321,-25.00652],[-49.42233,-25.00677],[-49.42192,-25.00696],[-49.42158,-25.00699],[-49.42063,-25.00666],[-49.42037,-25.0066],[-49.42005,-25.00647],[-49.41954,-25.00647],[-49.41903,-25.00647],[-49.41842,-25.0064],[-49.41793,-25.00639],[-49.41771,-25.0065],[-49.41726,-25.00677],[-49.41692,-25.00682],[-49.41666,-25.00666],[-49.41634,-25.00588],[-49.41619,-25.00563],[-49.41595,-25.00544],[-49.41504,-25.00417],[-49.41495,-25.00381],[-49.41498,-25.00341],[-49.41476,-25.00301],[-49.41452,-25.00239],[-49.41436,-25.00217],[-49.4142,-25.00205],[-49.41392,-25.00198],[-49.41358,-25.00201],[-49.41335,-25.00207],[-49.4132,-25.00204],[-49.41304,-25.00188],[-49.41286,-25.00147],[-49.41265,-25.00133],[-49.41035,-25.00104],[-49.40963,-25.00088],[-49.40917,-25.00076],[-49.40876,-25.00058],[-49.40853,-25.00055],[-49.40754,-25.00058],[-49.40735,-25.0005],[-49.40713,-25.00027],[-49.40701,-25.00021],[-49.40658,-25.00028],[-49.40606,-25.00014],[-49.40582,-25.00012],[-49.40551,-25.0003],[-49.40521,-25.00045],[-49.40465,-25.00049],[-49.40414,-25.00069],[-49.40342,-25.00088],[-49.40289,-25.00086],[-49.40277,-25.00062],[-49.40278,-25.00019],[-49.40272,-25.00011],[-49.40266,-25.00002],[-49.40226,-24.99976],[-49.40143,-24.99945],[-49.40126,-24.99945],[-49.40095,-24.99956],[-49.40083,-24.9997],[-49.39964,-25.00093],[-49.3993,-25.00132],[-49.39932,-25.00174],[-49.3992,-25.0019],[-49.39901,-25.00189],[-49.39869,-25.00162],[-49.39849,-25.001],[-49.39835,-25.00088],[-49.39812,-25.00079]]}},{"type":"Feature","properties":{"n":"","h":"unclassified"},"geometry":{"type":"LineString","coordinates":[[-49.40272,-25.00011],[-49.4024,-25.00039],[-49.40196,-25.00061],[-49.40167,-25.00081],[-49.40153,-25.00105],[-49.40151,-25.0013],[-49.40155,-25.00162],[-49.40239,-25.00268],[-49.40253,-25.00315],[-49.40256,-25.00343],[-49.40273,-25.00377],[-49.40293,-25.00457],[-49.40315,-25.00486],[-49.40357,-25.00551],[-49.40393,-25.00743],[-49.40392,-25.00805],[-49.40399,-25.00839],[-49.40411,-25.00855],[-49.40422,-25.00885],[-49.40395,-25.01066],[-49.40366,-25.01132],[-49.40357,-25.01175],[-49.40345,-25.01192]]}},{"type":"Feature","properties":{"n":"","h":"unclassified"},"geometry":{"type":"LineString","coordinates":[[-49.40083,-24.9997],[-49.40056,-24.99949],[-49.40015,-24.99885],[-49.39979,-24.99849],[-49.39936,-24.99831],[-49.39914,-24.99825],[-49.39878,-24.99804],[-49.3985,-24.99792],[-49.39807,-24.99795],[-49.39694,-24.99844],[-49.39623,-24.99881],[-49.39584,-24.99891],[-49.3956,-24.99886],[-49.39536,-24.99872],[-49.39526,-24.9984],[-49.39526,-24.9981],[-49.39556,-24.99774],[-49.39555,-24.99747],[-49.39539,-24.99707],[-49.39531,-24.99659],[-49.39535,-24.99609],[-49.39529,-24.99573],[-49.39538,-24.99528],[-49.39563,-24.99503],[-49.39583,-24.99497],[-49.3973,-24.99546],[-49.39791,-24.99553],[-49.39848,-24.9955],[-49.39954,-24.99532],[-49.40042,-24.99515],[-49.40074,-24.99518],[-49.40115,-24.99523],[-49.40224,-24.99507],[-49.4029,-24.99477],[-49.40339,-24.99436],[-49.40367,-24.9943],[-49.40404,-24.99434],[-49.40457,-24.99438],[-49.4049,-24.99432],[-49.40536,-24.99412],[-49.40609,-24.99363],[-49.40642,-24.9932],[-49.40667,-24.9928]]}},{"type":"Feature","properties":{"n":"","h":"unclassified"},"geometry":{"type":"LineString","coordinates":[[-49.4052,-24.98302],[-49.40503,-24.9842],[-49.40485,-24.98478],[-49.40442,-24.98527],[-49.40364,-24.98587],[-49.40351,-24.98617],[-49.40353,-24.98647],[-49.40369,-24.98728],[-49.40364,-24.98868],[-49.40368,-24.98898],[-49.40385,-24.98932],[-49.40402,-24.98974],[-49.4047,-24.99085],[-49.40546,-24.99155],[-49.40576,-24.99183],[-49.40614,-24.99208],[-49.40635,-24.99236],[-49.40667,-24.9928],[-49.40798,-24.99415],[-49.40816,-24.99448],[-49.40849,-24.99505],[-49.40874,-24.99542],[-49.40911,-24.99571],[-49.40964,-24.99604],[-49.40997,-24.99647],[-49.41023,-24.99699],[-49.41052,-24.99715],[-49.41241,-24.99767],[-49.41315,-24.9977],[-49.41365,-24.99779],[-49.41519,-24.99806],[-49.41559,-24.99822],[-49.41637,-24.99896],[-49.41722,-24.99968],[-49.41755,-24.99984],[-49.41804,-24.99988],[-49.41851,-24.99979],[-49.41927,-24.9994],[-49.41968,-24.99924],[-49.41995,-24.99931],[-49.42047,-24.99955],[-49.42076,-24.9996],[-49.42101,-24.99984],[-49.42137,-25.00033],[-49.42172,-25.00103],[-49.42179,-25.0016],[-49.42193,-25.00209],[-49.42205,-25.00243],[-49.42237,-25.00286],[-49.42255,-25.00313],[-49.4228,-25.00348],[-49.42321,-25.00375],[-49.42352,-25.00374],[-49.42377,-25.00374],[-49.42402,-25.00382],[-49.42425,-25.00391],[-49.42444,-25.00403]]}},{"type":"Feature","properties":{"n":"","h":"track"},"geometry":{"type":"LineString","coordinates":[[-49.43928,-25.11298],[-49.43942,-25.11244],[-49.43938,-25.11212],[-49.43927,-25.11185],[-49.43843,-25.11098],[-49.43835,-25.11074],[-49.43834,-25.11038],[-49.43847,-25.1098],[-49.43853,-25.10948],[-49.43844,-25.10922],[-49.43824,-25.10909],[-49.43805,-25.10889],[-49.43801,-25.10861],[-49.43804,-25.10837]]}},{"type":"Feature","properties":{"n":"","h":"unclassified"},"geometry":{"type":"LineString","coordinates":[[-49.44807,-25.10946],[-49.44781,-25.10911],[-49.44771,-25.1089],[-49.44761,-25.10879],[-49.44748,-25.10879],[-49.44729,-25.10896],[-49.44705,-25.109],[-49.44689,-25.10895],[-49.44665,-25.10895]]}},{"type":"Feature","properties":{"n":"","h":"residential"},"geometry":{"type":"LineString","coordinates":[[-49.30104,-25.21464],[-49.30085,-25.2148],[-49.30041,-25.21526],[-49.30033,-25.21534],[-49.29926,-25.21651],[-49.29888,-25.21683],[-49.29806,-25.21729],[-49.29788,-25.21748]]}},{"type":"Feature","properties":{"n":"","h":"unclassified"},"geometry":{"type":"LineString","coordinates":[[-49.20334,-25.12343],[-49.20277,-25.12401],[-49.20262,-25.12453],[-49.2024,-25.12486],[-49.20231,-25.12509],[-49.20237,-25.12524],[-49.20255,-25.12532],[-49.20282,-25.12544],[-49.20294,-25.1256],[-49.20333,-25.12588],[-49.20347,-25.12617],[-49.20358,-25.12636],[-49.20344,-25.12662],[-49.20311,-25.12671],[-49.20273,-25.12687],[-49.20262,-25.12713],[-49.20254,-25.12718],[-49.20242,-25.12708],[-49.20236,-25.12706],[-49.20168,-25.12723],[-49.2015,-25.12742],[-49.20128,-25.12806],[-49.20079,-25.12828],[-49.20048,-25.12841],[-49.2002,-25.12868],[-49.19992,-25.12872],[-49.19939,-25.12929],[-49.19873,-25.12992],[-49.19798,-25.1307],[-49.19782,-25.1312],[-49.19754,-25.1314],[-49.19721,-25.1318],[-49.19709,-25.13195],[-49.19703,-25.13225],[-49.19705,-25.13252],[-49.19679,-25.13299],[-49.19616,-25.1335],[-49.19583,-25.13355],[-49.1956,-25.13332],[-49.19525,-25.1333],[-49.19488,-25.13379],[-49.1941,-25.1339],[-49.19363,-25.13417],[-49.19343,-25.13419],[-49.19304,-25.13416],[-49.19287,-25.13411],[-49.19273,-25.13422],[-49.19263,-25.13444],[-49.19249,-25.13452],[-49.19238,-25.1345],[-49.19212,-25.13438],[-49.19161,-25.13418],[-49.19141,-25.13421],[-49.19109,-25.13432],[-49.19049,-25.13452],[-49.18987,-25.13446],[-49.18954,-25.13441],[-49.18898,-25.13462],[-49.18817,-25.13502],[-49.1879,-25.1351],[-49.18754,-25.13511],[-49.18713,-25.13519],[-49.18682,-25.13506],[-49.18668,-25.13483],[-49.18631,-25.13482],[-49.186,-25.13478],[-49.18574,-25.13491],[-49.18553,-25.13494],[-49.18542,-25.13492],[-49.18516,-25.13483],[-49.18485,-25.13465],[-49.18462,-25.13444],[-49.18408,-25.13385],[-49.18384,-25.13349],[-49.1838,-25.13339],[-49.18373,-25.133],[-49.18357,-25.13291],[-49.18324,-25.13294],[-49.18294,-25.13289],[-49.1825,-25.13272],[-49.18185,-25.13251],[-49.18169,-25.13247],[-49.18144,-25.13255],[-49.18068,-25.13232],[-49.18024,-25.13212],[-49.1801,-25.13213],[-49.18004,-25.13219],[-49.18002,-25.13233],[-49.18002,-25.13261],[-49.17982,-25.13287],[-49.17966,-25.13304],[-49.17939,-25.13335],[-49.17886,-25.13357],[-49.17815,-25.13356],[-49.17768,-25.13365],[-49.1775,-25.13374],[-49.17733,-25.13388],[-49.17717,-25.13396],[-49.17672,-25.13401],[-49.17643,-25.1341],[-49.17625,-25.13419],[-49.17598,-25.13443],[-49.17579,-25.13465],[-49.17549,-25.13476],[-49.17538,-25.13487],[-49.17547,-25.1349],[-49.17588,-25.13482],[-49.17615,-25.13479],[-49.17626,-25.13494],[-49.17624,-25.13516],[-49.17609,-25.1354],[-49.17584,-25.13578],[-49.17531,-25.13609],[-49.17498,-25.13647],[-49.17461,-25.1369],[-49.17417,-25.13732],[-49.17404,-25.13751],[-49.17394,-25.13814]]}},{"type":"Feature","properties":{"n":"","h":"unclassified"},"geometry":{"type":"LineString","coordinates":[[-49.23541,-25.12837],[-49.23522,-25.1282],[-49.23496,-25.12807],[-49.23469,-25.12797],[-49.23436,-25.12787],[-49.23392,-25.12762],[-49.23366,-25.12756],[-49.23342,-25.12759],[-49.23324,-25.12758],[-49.23301,-25.12752],[-49.23285,-25.12752],[-49.23264,-25.12759],[-49.23247,-25.12759],[-49.23228,-25.1275],[-49.2319,-25.12738],[-49.23177,-25.12736],[-49.23159,-25.12739],[-49.23042,-25.12752],[-49.23014,-25.12759],[-49.23002,-25.12767],[-49.22997,-25.1278],[-49.22999,-25.12796],[-49.23002,-25.12823],[-49.22986,-25.12868],[-49.22976,-25.12875],[-49.22965,-25.12878],[-49.22956,-25.12878],[-49.22951,-25.12871],[-49.22949,-25.12848],[-49.22942,-25.12833],[-49.22918,-25.12809],[-49.22904,-25.12806],[-49.22889,-25.12809],[-49.22872,-25.12816],[-49.22801,-25.12816],[-49.22781,-25.12824],[-49.22708,-25.12881],[-49.22671,-25.12921],[-49.22653,-25.12949],[-49.22638,-25.12956],[-49.226,-25.1297],[-49.22552,-25.12991],[-49.22489,-25.13006],[-49.22476,-25.13012],[-49.22463,-25.13023],[-49.22428,-25.13056],[-49.22413,-25.13069],[-49.22392,-25.13095],[-49.22371,-25.13116],[-49.22355,-25.1312],[-49.2234,-25.13122],[-49.22304,-25.13125],[-49.2227,-25.13125],[-49.22184,-25.13113],[-49.22152,-25.13115],[-49.2212,-25.13125],[-49.22086,-25.1314],[-49.21935,-25.13204],[-49.21876,-25.13247],[-49.21848,-25.13278],[-49.21842,-25.13294],[-49.21847,-25.13316],[-49.2185,-25.13335],[-49.21821,-25.13358],[-49.21792,-25.13398],[-49.21778,-25.13434],[-49.21777,-25.13456],[-49.21791,-25.13466],[-49.21829,-25.13479],[-49.21853,-25.13493],[-49.21861,-25.13523],[-49.21861,-25.13551],[-49.21862,-25.13592],[-49.21845,-25.13619],[-49.21829,-25.13672],[-49.21793,-25.13686],[-49.21762,-25.13707],[-49.21741,-25.13738],[-49.21727,-25.1378],[-49.21715,-25.13841],[-49.21723,-25.13908],[-49.21722,-25.13925],[-49.21696,-25.1393],[-49.21688,-25.13937],[-49.21686,-25.13952],[-49.21684,-25.13957],[-49.21668,-25.13956],[-49.21657,-25.13948],[-49.21646,-25.13943],[-49.21597,-25.13946],[-49.21543,-25.13955],[-49.21513,-25.13967],[-49.21488,-25.14002],[-49.21428,-25.14106],[-49.21432,-25.14148],[-49.21437,-25.14176],[-49.21429,-25.14224],[-49.21439,-25.14278],[-49.2146,-25.14303],[-49.21461,-25.14316],[-49.21457,-25.14324],[-49.21427,-25.1433],[-49.21411,-25.14327],[-49.21395,-25.14317],[-49.21382,-25.14301],[-49.21374,-25.14295],[-49.21353,-25.14279],[-49.21304,-25.1427],[-49.21294,-25.14263],[-49.21272,-25.14238],[-49.21251,-25.14239],[-49.2121,-25.1424],[-49.21152,-25.14263],[-49.21047,-25.14296],[-49.2102,-25.14325],[-49.2099,-25.14365],[-49.20974,-25.14405],[-49.20924,-25.14401],[-49.20865,-25.14413],[-49.20834,-25.14414],[-49.20814,-25.14421],[-49.20805,-25.14459],[-49.20772,-25.14501],[-49.20725,-25.14513],[-49.20671,-25.14504],[-49.20665,-25.14496],[-49.20635,-25.14455],[-49.2061,-25.1442],[-49.2056,-25.14407],[-49.20497,-25.14417],[-49.20487,-25.14424],[-49.20458,-25.14469],[-49.20436,-25.14479],[-49.20409,-25.14476],[-49.20387,-25.14485],[-49.2034,-25.14535],[-49.20328,-25.14541],[-49.20302,-25.14537],[-49.20273,-25.14523],[-49.2025,-25.14523],[-49.20223,-25.14542],[-49.20197,-25.14568],[-49.20131,-25.14655],[-49.20096,-25.14669],[-49.20033,-25.14678],[-49.19976,-25.14683],[-49.19952,-25.14709],[-49.19916,-25.14735],[-49.19874,-25.14746],[-49.19822,-25.14784],[-49.1975,-25.14794],[-49.19687,-25.14802],[-49.19629,-25.1482],[-49.19543,-25.14887],[-49.19494,-25.14902],[-49.19471,-25.14903],[-49.19443,-25.14894],[-49.19426,-25.14897],[-49.19405,-25.14902],[-49.19385,-25.14904],[-49.1936,-25.14908],[-49.19347,-25.14916],[-49.1934,-25.14923],[-49.19337,-25.14942],[-49.19329,-25.14971],[-49.193,-25.15009],[-49.1929,-25.15018],[-49.19198,-25.15043],[-49.19138,-25.15054],[-49.19078,-25.15087],[-49.19015,-25.15111],[-49.18985,-25.1513],[-49.18948,-25.15165],[-49.18885,-25.15225],[-49.18852,-25.15251],[-49.18818,-25.15273],[-49.188,-25.15307],[-49.18755,-25.15345],[-49.18737,-25.15376],[-49.18722,-25.15389],[-49.18711,-25.15409],[-49.18686,-25.15452],[-49.18554,-25.15567],[-49.18506,-25.1561],[-49.18384,-25.15676],[-49.18369,-25.15689],[-49.1835,-25.15704],[-49.18286,-25.15715],[-49.18263,-25.15727],[-49.1824,-25.15746],[-49.18215,-25.15776],[-49.1819,-25.15808],[-49.18175,-25.15823],[-49.18145,-25.15838],[-49.18129,-25.15843],[-49.18111,-25.1587],[-49.18096,-25.15889],[-49.18074,-25.1591],[-49.18046,-25.15928],[-49.18035,-25.15938],[-49.17984,-25.15951],[-49.17935,-25.1596],[-49.17884,-25.15953],[-49.17858,-25.15956],[-49.17825,-25.15972],[-49.17748,-25.16011],[-49.17708,-25.16033],[-49.17662,-25.16064],[-49.17586,-25.16098],[-49.17572,-25.16109],[-49.17539,-25.1614],[-49.17499,-25.16164],[-49.17386,-25.16212],[-49.17358,-25.16248],[-49.17318,-25.16292],[-49.17299,-25.16316],[-49.17282,-25.16356],[-49.17241,-25.164],[-49.17213,-25.16448],[-49.17197,-25.16468],[-49.17175,-25.16492],[-49.17166,-25.16502],[-49.17157,-25.16524],[-49.17153,-25.16559],[-49.17138,-25.166],[-49.17109,-25.16655],[-49.17099,-25.16664],[-49.1707,-25.16694],[-49.17051,-25.16734],[-49.17017,-25.16763],[-49.17004,-25.16788],[-49.16993,-25.16821],[-49.16984,-25.1684],[-49.16948,-25.16866],[-49.16906,-25.169],[-49.16871,-25.16935],[-49.16782,-25.17001],[-49.1676,-25.17039],[-49.16749,-25.17046],[-49.16723,-25.1705],[-49.16689,-25.17044],[-49.1668,-25.1705],[-49.16674,-25.17061],[-49.16626,-25.17114],[-49.16619,-25.17122],[-49.16618,-25.17146],[-49.16622,-25.17169],[-49.16615,-25.17221],[-49.16614,-25.17248],[-49.16604,-25.17295],[-49.16608,-25.17313],[-49.16644,-25.17363],[-49.16664,-25.17412],[-49.16684,-25.17446],[-49.16687,-25.17478],[-49.16693,-25.17489],[-49.16713,-25.17517],[-49.16733,-25.17549],[-49.16751,-25.17612],[-49.16763,-25.17698],[-49.16761,-25.17775],[-49.1676,-25.17801],[-49.16772,-25.17848],[-49.16771,-25.17856],[-49.16755,-25.17881],[-49.16727,-25.17936],[-49.16699,-25.18023],[-49.16687,-25.18069],[-49.16688,-25.18135],[-49.16673,-25.1819],[-49.16672,-25.18204],[-49.16653,-25.18274]]}},{"type":"Feature","properties":{"n":"","h":"unclassified"},"geometry":{"type":"LineString","coordinates":[[-49.2259,-25.20533],[-49.22588,-25.20527],[-49.2259,-25.20515],[-49.226,-25.20487],[-49.22607,-25.20461],[-49.22619,-25.20432],[-49.22634,-25.20399],[-49.22649,-25.20339],[-49.22649,-25.20322],[-49.22648,-25.20307],[-49.22629,-25.20262],[-49.22625,-25.20245],[-49.22623,-25.20207],[-49.22621,-25.20198],[-49.22617,-25.20192],[-49.22608,-25.20186],[-49.22594,-25.20179],[-49.22586,-25.20174],[-49.22579,-25.20167],[-49.22573,-25.20163],[-49.22565,-25.2016],[-49.22555,-25.20159],[-49.22542,-25.20161],[-49.22535,-25.2016],[-49.22528,-25.20158],[-49.22512,-25.20149],[-49.22507,-25.20145],[-49.22505,-25.20137],[-49.22506,-25.20128],[-49.22512,-25.20123],[-49.22548,-25.20109],[-49.22557,-25.20104],[-49.22562,-25.20098],[-49.22565,-25.20091],[-49.22576,-25.20048],[-49.22582,-25.20021],[-49.22582,-25.20008],[-49.2257,-25.19968],[-49.22564,-25.19956],[-49.22559,-25.19949],[-49.22547,-25.19941],[-49.2253,-25.19933],[-49.2252,-25.19931],[-49.2251,-25.1993],[-49.22499,-25.19931],[-49.22487,-25.19933],[-49.22481,-25.19932],[-49.22475,-25.1993],[-49.22454,-25.19909],[-49.22438,-25.19891],[-49.22432,-25.19886],[-49.22425,-25.19885],[-49.22417,-25.19886],[-49.22403,-25.19894],[-49.22399,-25.199],[-49.22398,-25.19909],[-49.224,-25.19943],[-49.224,-25.19959],[-49.22395,-25.19975],[-49.2239,-25.1998],[-49.22384,-25.19982],[-49.22378,-25.19981],[-49.22372,-25.19979],[-49.22362,-25.19973],[-49.22349,-25.19958],[-49.22344,-25.1995],[-49.22341,-25.19941],[-49.22341,-25.19934],[-49.22344,-25.19927],[-49.22366,-25.19892],[-49.22366,-25.19885],[-49.22365,-25.19875],[-49.22362,-25.19862],[-49.2237,-25.19842],[-49.22376,-25.19827],[-49.22377,-25.19816],[-49.22376,-25.1981],[-49.22373,-25.19805],[-49.22361,-25.19793],[-49.22352,-25.19781],[-49.22349,-25.1977],[-49.22348,-25.19746],[-49.22347,-25.19731],[-49.22344,-25.19722],[-49.22339,-25.19716],[-49.22332,-25.19712],[-49.22313,-25.19705],[-49.22303,-25.19701],[-49.22287,-25.19689],[-49.22263,-25.19674],[-49.22241,-25.19661],[-49.22218,-25.19644],[-49.22205,-25.1963],[-49.22185,-25.19611],[-49.22126,-25.19565],[-49.22085,-25.19547],[-49.21984,-25.19518],[-49.21978,-25.19513],[-49.21976,-25.19498],[-49.2198,-25.19468],[-49.2198,-25.19453],[-49.21963,-25.19421],[-49.21928,-25.19408],[-49.21901,-25.19385],[-49.21895,-25.19372],[-49.21846,-25.19358],[-49.2182,-25.19301],[-49.21824,-25.19264],[-49.21851,-25.19207],[-49.2185,-25.19192],[-49.21829,-25.19172],[-49.21827,-25.19156],[-49.21826,-25.19139],[-49.21852,-25.19082],[-49.21846,-25.19071],[-49.21826,-25.19059],[-49.21826,-25.19018],[-49.21877,-25.18929],[-49.21866,-25.18897],[-49.2188,-25.18837],[-49.21917,-25.18755],[-49.21951,-25.1875],[-49.21978,-25.18753],[-49.2202,-25.1879],[-49.22065,-25.18765],[-49.22059,-25.18747],[-49.22059,-25.1872],[-49.22165,-25.18689],[-49.22212,-25.18673],[-49.22219,-25.18673],[-49.22228,-25.18675],[-49.22238,-25.18678],[-49.22255,-25.18688],[-49.22272,-25.18702],[-49.22278,-25.18704],[-49.22284,-25.18704],[-49.22289,-25.187],[-49.223,-25.1869],[-49.22312,-25.18684],[-49.22324,-25.18681],[-49.22353,-25.18683],[-49.2237,-25.18681],[-49.22381,-25.18678],[-49.22403,-25.18661],[-49.22431,-25.18641],[-49.22448,-25.18633],[-49.22465,-25.18627],[-49.2247,-25.18623],[-49.22473,-25.18618],[-49.22474,-25.18611],[-49.22471,-25.18603],[-49.22444,-25.18566],[-49.22419,-25.18539],[-49.22401,-25.18523],[-49.22381,-25.18513],[-49.22365,-25.185],[-49.22341,-25.18466],[-49.22336,-25.18454],[-49.22333,-25.1844],[-49.22337,-25.18406],[-49.2234,-25.184],[-49.22349,-25.18394],[-49.22371,-25.18389],[-49.22392,-25.1838],[-49.22438,-25.18353],[-49.2248,-25.1832],[-49.22498,-25.18298],[-49.2251,-25.18268],[-49.22513,-25.18249],[-49.22511,-25.18207],[-49.22513,-25.18185],[-49.22517,-25.18176],[-49.22528,-25.18174],[-49.22539,-25.18175],[-49.22551,-25.18181],[-49.22581,-25.18198],[-49.22596,-25.18205],[-49.22632,-25.18213],[-49.22645,-25.18213],[-49.22652,-25.18211],[-49.22658,-25.18208],[-49.22712,-25.1814],[-49.22719,-25.18136],[-49.22724,-25.18134],[-49.22735,-25.18135],[-49.22783,-25.1814],[-49.22804,-25.18141],[-49.22821,-25.18137],[-49.22833,-25.18134],[-49.22839,-25.1813],[-49.22841,-25.18126],[-49.22841,-25.18121],[-49.22833,-25.18109],[-49.22804,-25.1808],[-49.22796,-25.18071],[-49.22795,-25.18064],[-49.22797,-25.18056],[-49.22901,-25.17946],[-49.22924,-25.17911],[-49.22927,-25.179],[-49.22928,-25.17857],[-49.22931,-25.17847],[-49.22972,-25.17758],[-49.22981,-25.17747],[-49.23044,-25.17703],[-49.23053,-25.17697],[-49.23067,-25.17693],[-49.23088,-25.17691],[-49.23102,-25.17689],[-49.23127,-25.17679],[-49.23143,-25.17676],[-49.23154,-25.17677],[-49.23164,-25.1768],[-49.23174,-25.17681],[-49.23181,-25.17678],[-49.23192,-25.1767],[-49.232,-25.17666],[-49.23208,-25.17666],[-49.23218,-25.17669],[-49.23228,-25.17674],[-49.23234,-25.1768],[-49.23249,-25.17702],[-49.23254,-25.17705],[-49.23261,-25.17705],[-49.23265,-25.17703],[-49.23275,-25.17692],[-49.23299,-25.17649],[-49.23308,-25.17628],[-49.23309,-25.17619],[-49.23308,-25.17611],[-49.23305,-25.17603],[-49.23285,-25.17574],[-49.23269,-25.17545],[-49.23268,-25.1754],[-49.23267,-25.17533],[-49.23271,-25.17503],[-49.23286,-25.17436],[-49.23291,-25.17429],[-49.23386,-25.17364],[-49.23407,-25.17342],[-49.2344,-25.17294],[-49.23459,-25.17275],[-49.23487,-25.17251],[-49.2349,-25.17244],[-49.2349,-25.17238],[-49.23487,-25.17232],[-49.23467,-25.17205],[-49.23462,-25.17191],[-49.23456,-25.17164],[-49.23455,-25.17154],[-49.23456,-25.17147],[-49.23485,-25.17107]]}},{"type":"Feature","properties":{"n":"","h":"unclassified"},"geometry":{"type":"LineString","coordinates":[[-49.44654,-25.10523],[-49.4462,-25.10482],[-49.44612,-25.10398],[-49.44598,-25.10352],[-49.44578,-25.10308],[-49.44534,-25.10299],[-49.44518,-25.10282],[-49.44517,-25.10205],[-49.44565,-25.10095],[-49.44641,-25.1002],[-49.44763,-25.09919],[-49.448,-25.09865],[-49.44833,-25.09843],[-49.44899,-25.09806],[-49.4492,-25.09777],[-49.44917,-25.09729],[-49.44819,-25.09615],[-49.44791,-25.09559],[-49.44764,-25.09493]]}},{"type":"Feature","properties":{"n":"","h":"track"},"geometry":{"type":"LineString","coordinates":[[-49.44764,-25.09493],[-49.44763,-25.09483],[-49.44787,-25.09399],[-49.44855,-25.09289],[-49.44924,-25.09258],[-49.45026,-25.09209],[-49.451,-25.09175],[-49.45114,-25.09163],[-49.45116,-25.09149],[-49.4507,-25.09056],[-49.45055,-25.08991],[-49.45051,-25.08966],[-49.4506,-25.08913],[-49.45077,-25.08877],[-49.45089,-25.08868],[-49.45108,-25.08853],[-49.45125,-25.08845],[-49.45172,-25.08856],[-49.45189,-25.08856],[-49.45193,-25.08849],[-49.45227,-25.08847],[-49.45282,-25.08858],[-49.45351,-25.08863],[-49.45396,-25.08852],[-49.45426,-25.08828],[-49.45575,-25.08701],[-49.45577,-25.08679],[-49.45572,-25.08617],[-49.4555,-25.08583],[-49.45497,-25.08558],[-49.45482,-25.08543],[-49.4548,-25.08528],[-49.45521,-25.08497],[-49.4555,-25.08447],[-49.45532,-25.08412],[-49.45492,-25.08388],[-49.45452,-25.08335],[-49.45426,-25.08324],[-49.45399,-25.083],[-49.45341,-25.08273],[-49.45331,-25.08252],[-49.45326,-25.0823],[-49.45339,-25.08208],[-49.45358,-25.08185],[-49.45375,-25.08179],[-49.45397,-25.08177],[-49.45423,-25.0821],[-49.4544,-25.08222],[-49.45488,-25.08229],[-49.45529,-25.08235],[-49.45552,-25.08234],[-49.45574,-25.08234],[-49.45579,-25.08227],[-49.45581,-25.08217],[-49.45571,-25.08195],[-49.45576,-25.08167],[-49.45572,-25.08143],[-49.45576,-25.08126],[-49.45591,-25.08114],[-49.45612,-25.08112],[-49.45657,-25.08092],[-49.45704,-25.08093],[-49.45738,-25.08071],[-49.45854,-25.08043],[-49.45937,-25.08048],[-49.45971,-25.08065],[-49.46004,-25.08067],[-49.4602,-25.08066],[-49.46074,-25.08],[-49.4603,-25.07882],[-49.46032,-25.07841],[-49.46064,-25.07681],[-49.46057,-25.07601],[-49.46064,-25.07531],[-49.46214,-25.07433],[-49.46361,-25.07311],[-49.46498,-25.07219],[-49.46592,-25.07172],[-49.46664,-25.07024],[-49.46693,-25.06979],[-49.46687,-25.06921],[-49.46716,-25.06823],[-49.46735,-25.06754],[-49.4677,-25.06662],[-49.46858,-25.06555],[-49.46886,-25.06502],[-49.46911,-25.06429],[-49.46887,-25.06381],[-49.46868,-25.06335],[-49.46865,-25.06285],[-49.46861,-25.06253]]}},{"type":"Feature","properties":{"n":"","h":"unclassified"},"geometry":{"type":"LineString","coordinates":[[-49.4209,-25.0716],[-49.42128,-25.07128],[-49.42144,-25.0712],[-49.4218,-25.07122],[-49.42201,-25.0711],[-49.42211,-25.07099],[-49.42214,-25.07065],[-49.42223,-25.07055],[-49.42258,-25.07044],[-49.42327,-25.07042],[-49.42443,-25.07075],[-49.4251,-25.0707],[-49.42552,-25.07053],[-49.42581,-25.07023],[-49.42651,-25.06958],[-49.42764,-25.0688],[-49.42795,-25.06846],[-49.42852,-25.0682],[-49.42893,-25.06791],[-49.42948,-25.06751],[-49.43001,-25.06698],[-49.43084,-25.06564],[-49.43121,-25.0652],[-49.43177,-25.0649],[-49.43253,-25.06397],[-49.43315,-25.06301],[-49.43321,-25.06284],[-49.43323,-25.06189],[-49.43337,-25.06138],[-49.43378,-25.06059],[-49.43414,-25.05958],[-49.43464,-25.05882],[-49.43469,-25.05843],[-49.4348,-25.05765],[-49.43494,-25.05728],[-49.4352,-25.05677],[-49.43554,-25.05644],[-49.43798,-25.05531],[-49.43878,-25.05441],[-49.43983,-25.05407],[-49.44149,-25.05238],[-49.44302,-25.05098],[-49.44346,-25.04996],[-49.44606,-25.0489],[-49.447,-25.04829],[-49.44717,-25.04765],[-49.44889,-25.04638],[-49.44961,-25.0461],[-49.4506,-25.04544],[-49.4514,-25.04488],[-49.45218,-25.04374],[-49.45301,-25.0423],[-49.45372,-25.04019],[-49.45367,-25.03928],[-49.45397,-25.03864],[-49.45374,-25.03754],[-49.45385,-25.03645],[-49.45341,-25.03554],[-49.45307,-25.03537],[-49.45286,-25.03527],[-49.45243,-25.03397]]}},{"type":"Feature","properties":{"n":"","h":"unclassified"},"geometry":{"type":"LineString","coordinates":[[-49.42586,-24.9619],[-49.42638,-24.9619],[-49.42704,-24.96167],[-49.42811,-24.96071],[-49.4289,-24.96041],[-49.43028,-24.96016],[-49.43072,-24.96023],[-49.43106,-24.96037],[-49.4312,-24.96053],[-49.43111,-24.96098],[-49.4311,-24.96113],[-49.43121,-24.96115],[-49.43164,-24.96104],[-49.43214,-24.9611],[-49.43218,-24.96107],[-49.43222,-24.96079],[-49.43245,-24.96039],[-49.43293,-24.96004],[-49.4331,-24.95988],[-49.43327,-24.95955],[-49.43355,-24.95927],[-49.43368,-24.9592],[-49.43404,-24.95927],[-49.43524,-24.95897],[-49.43571,-24.95877],[-49.43617,-24.95857],[-49.4366,-24.95863],[-49.43759,-24.95897],[-49.43854,-24.95876],[-49.4391,-24.95888],[-49.4406,-24.9587],[-49.44119,-24.95869],[-49.44199,-24.95808],[-49.44333,-24.95709],[-49.44436,-24.95669],[-49.44529,-24.95637],[-49.44567,-24.95623],[-49.44608,-24.9563],[-49.44637,-24.95648],[-49.4465,-24.95671],[-49.44669,-24.95691],[-49.44702,-24.95726],[-49.44719,-24.95736],[-49.4476,-24.95725],[-49.44832,-24.95743],[-49.44904,-24.95754],[-49.44943,-24.95761],[-49.44952,-24.95716],[-49.44971,-24.95679],[-49.44984,-24.9564],[-49.44982,-24.95623],[-49.44976,-24.95585],[-49.44952,-24.95544],[-49.44963,-24.95503],[-49.44946,-24.95445],[-49.4495,-24.9542],[-49.44962,-24.9541],[-49.4507,-24.95333],[-49.45187,-24.95268],[-49.45221,-24.95235],[-49.45226,-24.95207],[-49.45226,-24.95177],[-49.45255,-24.95153],[-49.45318,-24.95113],[-49.45397,-24.95096],[-49.45471,-24.95042],[-49.45543,-24.94958],[-49.45681,-24.94854],[-49.4572,-24.94852],[-49.45779,-24.94825],[-49.45832,-24.94813],[-49.45864,-24.94813],[-49.45892,-24.94833],[-49.45915,-24.94834],[-49.45948,-24.94816],[-49.45958,-24.94798],[-49.45981,-24.9479],[-49.46049,-24.94789],[-49.46097,-24.94791],[-49.46128,-24.94804]]}},{"type":"Feature","properties":{"n":"","h":"unclassified"},"geometry":{"type":"LineString","coordinates":[[-49.4772,-24.98756],[-49.47786,-24.98721],[-49.47827,-24.98699],[-49.4786,-24.98697],[-49.47891,-24.98677],[-49.47957,-24.98649],[-49.47986,-24.98607],[-49.47998,-24.9856],[-49.47952,-24.98516],[-49.4793,-24.98481],[-49.47876,-24.98434],[-49.47859,-24.98422],[-49.47834,-24.98413],[-49.47815,-24.98411],[-49.47791,-24.98425],[-49.47753,-24.98452],[-49.47706,-24.98475],[-49.47672,-24.98484],[-49.47646,-24.98447],[-49.47616,-24.9842],[-49.47601,-24.98378],[-49.4759,-24.9835],[-49.47547,-24.98288],[-49.47474,-24.98172],[-49.47417,-24.98117],[-49.47364,-24.98078],[-49.4735,-24.98019],[-49.47345,-24.97988],[-49.47328,-24.97963],[-49.47277,-24.97951],[-49.47207,-24.97909],[-49.47194,-24.97863],[-49.47168,-24.97841],[-49.47156,-24.97823],[-49.47152,-24.97808],[-49.47181,-24.97744],[-49.47225,-24.97678],[-49.47271,-24.97626],[-49.47308,-24.97578],[-49.47355,-24.97573],[-49.47382,-24.97572],[-49.47413,-24.97584],[-49.47453,-24.97584],[-49.47509,-24.97576],[-49.47606,-24.97518],[-49.47695,-24.97436],[-49.47712,-24.97407],[-49.4773,-24.97353],[-49.47712,-24.97329],[-49.47669,-24.97278],[-49.47639,-24.97265],[-49.47625,-24.97198],[-49.47627,-24.97157],[-49.47625,-24.9713],[-49.47634,-24.97057],[-49.47638,-24.97026],[-49.47628,-24.97011],[-49.47503,-24.97006],[-49.47486,-24.96998],[-49.47482,-24.96976],[-49.47469,-24.96959],[-49.4746,-24.96953],[-49.4738,-24.96953],[-49.47358,-24.96931],[-49.47349,-24.96918],[-49.47334,-24.96912],[-49.47297,-24.96859],[-49.47271,-24.96842],[-49.47285,-24.96818],[-49.47273,-24.96802],[-49.47264,-24.96768],[-49.4722,-24.96726],[-49.47187,-24.96727],[-49.4711,-24.96737],[-49.47048,-24.96764],[-49.47033,-24.96746],[-49.47034,-24.96736],[-49.47068,-24.96692],[-49.47051,-24.96644],[-49.47056,-24.96627],[-49.47089,-24.9662],[-49.4709,-24.96606],[-49.47091,-24.9658],[-49.47073,-24.96554],[-49.47078,-24.96484],[-49.47081,-24.96457],[-49.4709,-24.96368],[-49.47115,-24.96328],[-49.47115,-24.96312],[-49.4714,-24.96266],[-49.47188,-24.96265],[-49.472,-24.96251],[-49.47207,-24.96232],[-49.47203,-24.96193],[-49.47217,-24.9614],[-49.47255,-24.96104],[-49.47282,-24.96102],[-49.47325,-24.96103],[-49.47334,-24.96094],[-49.47353,-24.96059],[-49.4739,-24.96028],[-49.4743,-24.95967],[-49.47469,-24.95935],[-49.47521,-24.95893],[-49.4753,-24.95865],[-49.47544,-24.95859],[-49.47564,-24.95778],[-49.47589,-24.9573],[-49.47607,-24.95688],[-49.47588,-24.9566],[-49.47551,-24.95628],[-49.47474,-24.9561],[-49.47447,-24.95589],[-49.47377,-24.95574],[-49.47349,-24.95545],[-49.47302,-24.95528],[-49.47252,-24.95528],[-49.4722,-24.9552],[-49.47168,-24.95448],[-49.47133,-24.95447],[-49.47122,-24.95424],[-49.47075,-24.95431],[-49.47038,-24.95416],[-49.47013,-24.9537],[-49.47007,-24.95315],[-49.46939,-24.95237],[-49.4689,-24.95241],[-49.46737,-24.95214],[-49.46695,-24.95192],[-49.4665,-24.95192],[-49.46588,-24.95172],[-49.46513,-24.95148],[-49.46469,-24.9512],[-49.46394,-24.95004],[-49.46377,-24.94972],[-49.46352,-24.94959],[-49.46296,-24.94967],[-49.46263,-24.94952],[-49.46156,-24.94973],[-49.46135,-24.94949],[-49.46111,-24.94888],[-49.46106,-24.94853],[-49.46142,-24.9483],[-49.46128,-24.94804]]}},{"type":"Feature","properties":{"n":"","h":"tertiary"},"geometry":{"type":"LineString","coordinates":[[-49.32488,-25.20117],[-49.32556,-25.2011]]}},{"type":"Feature","properties":{"n":"","h":"tertiary"},"geometry":{"type":"LineString","coordinates":[[-49.32556,-25.2011],[-49.32586,-25.20101],[-49.32595,-25.20093],[-49.32608,-25.20084]]}},{"type":"Feature","properties":{"n":"Avenida Industrial","h":"primary"},"geometry":{"type":"LineString","coordinates":[[-49.32659,-25.2014],[-49.32662,-25.20158],[-49.32684,-25.20207],[-49.32709,-25.20256],[-49.3273,-25.20281],[-49.32758,-25.20303],[-49.32816,-25.20338],[-49.32826,-25.20343],[-49.32837,-25.20353],[-49.32845,-25.20366],[-49.32851,-25.20378],[-49.32852,-25.20386]]}},{"type":"Feature","properties":{"n":"Avenida Industrial","h":"primary"},"geometry":{"type":"LineString","coordinates":[[-49.3261,-25.19982],[-49.32621,-25.19998],[-49.3263,-25.20015],[-49.32643,-25.2005],[-49.32646,-25.20078]]}},{"type":"Feature","properties":{"n":"","h":"residential"},"geometry":{"type":"LineString","coordinates":[[-49.31459,-25.19941],[-49.31417,-25.19969],[-49.31377,-25.19995]]}},{"type":"Feature","properties":{"n":"Rua dos Ferroviários","h":"residential"},"geometry":{"type":"LineString","coordinates":[[-49.31498,-25.2004],[-49.31502,-25.20029],[-49.31508,-25.20015],[-49.31513,-25.19997],[-49.31516,-25.19975],[-49.31517,-25.19957],[-49.31519,-25.19945],[-49.31522,-25.19936],[-49.31537,-25.19911]]}},{"type":"Feature","properties":{"n":"Rua dos Ferroviários","h":"residential"},"geometry":{"type":"LineString","coordinates":[[-49.31537,-25.19911],[-49.3154,-25.19905],[-49.31541,-25.199],[-49.31541,-25.19896],[-49.3154,-25.19893],[-49.31537,-25.1989],[-49.31533,-25.19888],[-49.31527,-25.19886],[-49.31515,-25.19882]]}},{"type":"Feature","properties":{"n":"Rodovia dos Minérios","h":"primary"},"geometry":{"type":"LineString","coordinates":[[-49.30342,-25.21891],[-49.30345,-25.21873]]}},{"type":"Feature","properties":{"n":"Rodovia dos Minérios","h":"primary"},"geometry":{"type":"LineString","coordinates":[[-49.30339,-25.21918],[-49.30342,-25.21891]]}},{"type":"Feature","properties":{"n":"Rodovia dos Minérios","h":"primary"},"geometry":{"type":"LineString","coordinates":[[-49.30336,-25.21941],[-49.30339,-25.21918]]}},{"type":"Feature","properties":{"n":"Rodovia dos Minérios","h":"primary"},"geometry":{"type":"LineString","coordinates":[[-49.30332,-25.21966],[-49.30336,-25.21941]]}},{"type":"Feature","properties":{"n":"Rodovia dos Minérios","h":"primary"},"geometry":{"type":"LineString","coordinates":[[-49.30324,-25.22023],[-49.30332,-25.21966]]}},{"type":"Feature","properties":{"n":"Avenida Agrimensor Gildo Pinheiro da Luz","h":"primary"},"geometry":{"type":"LineString","coordinates":[[-49.30339,-25.21918],[-49.30357,-25.21921],[-49.30374,-25.21922],[-49.30385,-25.2192],[-49.30391,-25.21917]]}},{"type":"Feature","properties":{"n":"Rua Manoel Muller de Siqueira","h":"tertiary"},"geometry":{"type":"LineString","coordinates":[[-49.31929,-25.17286],[-49.31932,-25.17274],[-49.31935,-25.17259]]}},{"type":"Feature","properties":{"n":"","h":"residential"},"geometry":{"type":"LineString","coordinates":[[-49.31967,-25.17401],[-49.31985,-25.17433]]}},{"type":"Feature","properties":{"n":"Rua Generoso Marques","h":"tertiary"},"geometry":{"type":"LineString","coordinates":[[-49.31023,-25.19108],[-49.30986,-25.19116],[-49.3096,-25.19122],[-49.30944,-25.1913],[-49.30932,-25.1914],[-49.30912,-25.19158],[-49.30894,-25.1917],[-49.30886,-25.19172],[-49.30851,-25.19169],[-49.30824,-25.19164],[-49.30793,-25.19157]]}},{"type":"Feature","properties":{"n":"Avenida Brasil","h":"tertiary"},"geometry":{"type":"LineString","coordinates":[[-49.29798,-25.18613],[-49.2975,-25.1858],[-49.2973,-25.18572],[-49.29711,-25.18566],[-49.29695,-25.18562],[-49.29671,-25.18558],[-49.29662,-25.18554],[-49.29651,-25.1855],[-49.29628,-25.18536]]}},{"type":"Feature","properties":{"n":"Rua das Andorinhas","h":"tertiary"},"geometry":{"type":"LineString","coordinates":[[-49.31313,-25.1765],[-49.31294,-25.1764],[-49.31275,-25.17632],[-49.31245,-25.17614],[-49.31216,-25.17599],[-49.31199,-25.17587],[-49.31182,-25.17579],[-49.31157,-25.17572],[-49.31146,-25.17565],[-49.31137,-25.17559]]}},{"type":"Feature","properties":{"n":"Rua Flamingo","h":"residential"},"geometry":{"type":"LineString","coordinates":[[-49.30425,-25.1847],[-49.30333,-25.18341]]}},{"type":"Feature","properties":{"n":"Rua Padre Antônio Vieira","h":"residential"},"geometry":{"type":"LineString","coordinates":[[-49.3148,-25.17624],[-49.31505,-25.17681],[-49.31534,-25.17746]]}},{"type":"Feature","properties":{"n":"Rua Evangelizador Augusto E Santos","h":"residential"},"geometry":{"type":"LineString","coordinates":[[-49.31676,-25.1788],[-49.31694,-25.17893],[-49.31735,-25.1792],[-49.31745,-25.17924]]}},{"type":"Feature","properties":{"n":"Rua Belmiro Gouveia","h":"tertiary"},"geometry":{"type":"LineString","coordinates":[[-49.32456,-25.20385],[-49.32466,-25.20361],[-49.3247,-25.20342],[-49.3247,-25.20318],[-49.32468,-25.20293],[-49.32458,-25.20267],[-49.32445,-25.20242],[-49.32435,-25.20221],[-49.32424,-25.20201],[-49.32423,-25.20193],[-49.32422,-25.20182],[-49.32423,-25.20166],[-49.32423,-25.20153],[-49.32424,-25.20142],[-49.32429,-25.20131]]}},{"type":"Feature","properties":{"n":"","h":"tertiary"},"geometry":{"type":"LineString","coordinates":[[-49.32429,-25.20131],[-49.32427,-25.20129],[-49.32425,-25.20125],[-49.32424,-25.20121],[-49.32424,-25.20116],[-49.32426,-25.20112],[-49.32429,-25.20108],[-49.32433,-25.20106],[-49.32438,-25.20104],[-49.32443,-25.20104],[-49.32448,-25.20105],[-49.32452,-25.20108]]}},{"type":"Feature","properties":{"n":"Rua Guanabara","h":"residential"},"geometry":{"type":"LineString","coordinates":[[-49.3242,-25.20077],[-49.32416,-25.20062],[-49.32413,-25.20051],[-49.32411,-25.20035],[-49.32414,-25.20021],[-49.32421,-25.20012],[-49.32432,-25.20005],[-49.32452,-25.20002],[-49.32464,-25.19996],[-49.3247,-25.1999],[-49.32472,-25.19983],[-49.32476,-25.19969],[-49.32483,-25.19956],[-49.32522,-25.19907],[-49.3253,-25.19897],[-49.32537,-25.19889]]}},{"type":"Feature","properties":{"n":"","h":"residential"},"geometry":{"type":"LineString","coordinates":[[-49.36777,-25.00371],[-49.36815,-25.00397],[-49.36865,-25.00408],[-49.36943,-25.00443],[-49.36993,-25.00468],[-49.3708,-25.00546],[-49.37103,-25.00588],[-49.37122,-25.006],[-49.37141,-25.00599],[-49.37139,-25.00584],[-49.37114,-25.00531],[-49.37111,-25.00512],[-49.37068,-25.00436],[-49.37034,-25.00397],[-49.36991,-25.00365],[-49.3699,-25.0033],[-49.36998,-25.003]]}},{"type":"Feature","properties":{"n":"","h":"residential"},"geometry":{"type":"LineString","coordinates":[[-49.36237,-24.9951],[-49.36222,-24.99503],[-49.36206,-24.99491],[-49.36183,-24.99486],[-49.36163,-24.99465],[-49.36133,-24.99462],[-49.36076,-24.99434],[-49.36058,-24.99427],[-49.36039,-24.99417],[-49.36008,-24.99413],[-49.35974,-24.99397],[-49.35963,-24.99402]]}},{"type":"Feature","properties":{"n":"","h":"residential"},"geometry":{"type":"LineString","coordinates":[[-49.35963,-24.99402],[-49.36022,-24.99466],[-49.36063,-24.99502],[-49.36101,-24.99525],[-49.36115,-24.99546],[-49.36113,-24.99566],[-49.36116,-24.99582],[-49.36149,-24.99594],[-49.36183,-24.9963],[-49.3621,-24.99643],[-49.36264,-24.9965],[-49.36279,-24.99657],[-49.3631,-24.99697],[-49.36328,-24.99706],[-49.36413,-24.99713],[-49.36469,-24.99722],[-49.36494,-24.99733],[-49.36501,-24.99767],[-49.36501,-24.99817],[-49.36499,-24.99861],[-49.36498,-24.99894],[-49.36533,-24.99974],[-49.36563,-25.00025],[-49.366,-25.00061],[-49.36642,-25.00076],[-49.36706,-25.00093],[-49.36767,-25.0012],[-49.36803,-25.00137],[-49.36829,-25.00141],[-49.36889,-25.00192],[-49.36935,-25.00239],[-49.36964,-25.00272],[-49.36998,-25.003],[-49.37042,-25.00335],[-49.37091,-25.00382],[-49.37139,-25.00424],[-49.37167,-25.0047],[-49.37189,-25.00485],[-49.3723,-25.00511],[-49.37258,-25.00536],[-49.37282,-25.00581],[-49.37336,-25.0066],[-49.37366,-25.00689],[-49.37398,-25.00711],[-49.37412,-25.00734],[-49.37441,-25.00805],[-49.37461,-25.00832],[-49.3764,-25.01011],[-49.37641,-25.0108],[-49.37703,-25.01173],[-49.37717,-25.01214],[-49.37714,-25.01257],[-49.37702,-25.01298],[-49.37709,-25.01339],[-49.37726,-25.01381],[-49.37763,-25.01437],[-49.37788,-25.01493],[-49.37795,-25.01535],[-49.37799,-25.01611],[-49.3782,-25.01653],[-49.3786,-25.01695],[-49.37929,-25.01751],[-49.38027,-25.01831],[-49.38152,-25.0192],[-49.38253,-25.01969],[-49.3832,-25.02017],[-49.38336,-25.02038],[-49.38329,-25.02081],[-49.38324,-25.02125],[-49.38308,-25.02162],[-49.38268,-25.02226],[-49.3827,-25.0232],[-49.38291,-25.02365],[-49.38327,-25.02405],[-49.38333,-25.02464],[-49.38336,-25.02613],[-49.38351,-25.02653],[-49.38377,-25.02682],[-49.38409,-25.02747],[-49.38461,-25.02799],[-49.38479,-25.02829],[-49.38488,-25.02884],[-49.38493,-25.02933],[-49.38452,-25.03141],[-49.3849,-25.03335],[-49.38522,-25.03389],[-49.38503,-25.03461],[-49.38528,-25.03533],[-49.38504,-25.0372],[-49.38543,-25.03828],[-49.38553,-25.03927],[-49.38519,-25.04054],[-49.38424,-25.0415],[-49.38398,-25.04224],[-49.38324,-25.0424],[-49.38252,-25.04298],[-49.38061,-25.04348],[-49.37989,-25.04346],[-49.37942,-25.04365],[-49.37949,-25.0442],[-49.37913,-25.0448],[-49.37879,-25.04615],[-49.37825,-25.04719],[-49.37863,-25.04821],[-49.37865,-25.04916],[-49.37811,-25.04986],[-49.37854,-25.05078],[-49.37792,-25.05225],[-49.37778,-25.0532],[-49.37757,-25.05321],[-49.37695,-25.05287],[-49.37657,-25.05208],[-49.37641,-25.05212],[-49.37609,-25.05406],[-49.37581,-25.05426],[-49.37443,-25.05452],[-49.37396,-25.05477],[-49.37324,-25.05611],[-49.3736,-25.05696],[-49.37325,-25.05785],[-49.37279,-25.05835],[-49.37282,-25.0593]]}},{"type":"Feature","properties":{"n":"","h":"unclassified"},"geometry":{"type":"LineString","coordinates":[[-49.42321,-25.00652],[-49.42402,-25.00618],[-49.42445,-25.00605],[-49.42525,-25.00579],[-49.42584,-25.00572],[-49.42634,-25.00592],[-49.42699,-25.00655],[-49.42711,-25.00714],[-49.42722,-25.00735],[-49.42748,-25.00748],[-49.42815,-25.00764],[-49.42866,-25.00821],[-49.42973,-25.00909],[-49.43019,-25.00974],[-49.4303,-25.01007],[-49.43143,-25.0111],[-49.4308,-25.01173],[-49.43074,-25.0122],[-49.43073,-25.01282],[-49.43052,-25.01341],[-49.43061,-25.01405],[-49.42995,-25.01728],[-49.42977,-25.01904],[-49.42988,-25.01943],[-49.4307,-25.02075],[-49.4315,-25.02177],[-49.43199,-25.02185],[-49.4327,-25.02271],[-49.43315,-25.02292],[-49.43355,-25.02304],[-49.43399,-25.02311],[-49.43434,-25.0233],[-49.43486,-25.02322],[-49.43505,-25.02329],[-49.43517,-25.02351],[-49.43514,-25.02379],[-49.43504,-25.02427],[-49.43522,-25.02511],[-49.436,-25.0257],[-49.43694,-25.0267]]}},{"type":"Feature","properties":{"n":"","h":"unclassified"},"geometry":{"type":"LineString","coordinates":[[-49.47364,-24.98078],[-49.47298,-24.98129],[-49.47279,-24.98154],[-49.47276,-24.98207],[-49.47252,-24.98247],[-49.47225,-24.98276],[-49.47189,-24.98292],[-49.47116,-24.98309],[-49.47039,-24.98309],[-49.46966,-24.98243],[-49.46942,-24.98234],[-49.46879,-24.98225],[-49.46785,-24.98156],[-49.4675,-24.98157],[-49.46724,-24.98162],[-49.46692,-24.98188],[-49.46676,-24.98212],[-49.46585,-24.98264],[-49.46434,-24.9833],[-49.4632,-24.98394],[-49.46265,-24.98445],[-49.46233,-24.985],[-49.46229,-24.98508],[-49.46188,-24.98551],[-49.46086,-24.98642],[-49.4591,-24.98738],[-49.45861,-24.98756],[-49.45811,-24.98788],[-49.45772,-24.98825],[-49.45749,-24.98842],[-49.45633,-24.98855],[-49.45576,-24.98885],[-49.4545,-24.98975],[-49.45334,-24.99089],[-49.45218,-24.99156],[-49.45146,-24.99189],[-49.4511,-24.99215],[-49.45089,-24.99221],[-49.45053,-24.99263],[-49.44994,-24.99344],[-49.44913,-24.99391],[-49.44895,-24.99413],[-49.44875,-24.99421],[-49.44854,-24.99425],[-49.44843,-24.99425],[-49.4483,-24.99394],[-49.44812,-24.99378],[-49.44794,-24.99372],[-49.44705,-24.99369],[-49.44639,-24.99351],[-49.44563,-24.99344],[-49.44369,-24.99372],[-49.44304,-24.99383],[-49.44286,-24.99399],[-49.44275,-24.99408],[-49.44216,-24.99419],[-49.44177,-24.99423],[-49.44051,-24.99468],[-49.44029,-24.99484],[-49.4402,-24.99503],[-49.4401,-24.99519],[-49.43978,-24.9953],[-49.43952,-24.99544],[-49.43941,-24.9953],[-49.43981,-24.9948],[-49.43993,-24.99458],[-49.43982,-24.99432],[-49.43991,-24.99422],[-49.44038,-24.99417],[-49.44062,-24.9941],[-49.4413,-24.99351],[-49.44129,-24.99336],[-49.44136,-24.99293],[-49.44147,-24.99269],[-49.44142,-24.99235],[-49.44075,-24.9919],[-49.43973,-24.99127],[-49.43944,-24.99114],[-49.43915,-24.99114],[-49.43895,-24.99138],[-49.43872,-24.99159],[-49.43827,-24.9917],[-49.43799,-24.99163],[-49.43783,-24.99145],[-49.43757,-24.99131],[-49.43714,-24.99108],[-49.43612,-24.99111],[-49.43569,-24.9907],[-49.43556,-24.99063],[-49.43439,-24.99002],[-49.43341,-24.98966],[-49.43285,-24.98955],[-49.43251,-24.98962],[-49.4321,-24.98993],[-49.43158,-24.99021],[-49.43125,-24.99046],[-49.42956,-24.99101],[-49.42876,-24.99113],[-49.42764,-24.9913]]}},{"type":"Feature","properties":{"n":"","h":"unclassified"},"geometry":{"type":"LineString","coordinates":[[-49.34197,-25.19782],[-49.3421,-25.19781],[-49.34235,-25.19781],[-49.34249,-25.19781],[-49.34262,-25.19778],[-49.34282,-25.1976],[-49.34302,-25.19746],[-49.34315,-25.19733],[-49.34335,-25.19723],[-49.34357,-25.19722],[-49.34381,-25.19719],[-49.34401,-25.19714],[-49.34419,-25.19714],[-49.34434,-25.19716],[-49.34456,-25.19726],[-49.34493,-25.19752],[-49.34509,-25.19772],[-49.34513,-25.19783],[-49.34511,-25.1979],[-49.34504,-25.19795],[-49.34493,-25.198],[-49.34486,-25.19807],[-49.34484,-25.19816],[-49.34484,-25.19835],[-49.34482,-25.19849],[-49.34481,-25.19865]]}},{"type":"Feature","properties":{"n":"","h":"secondary"},"geometry":{"type":"LineString","coordinates":[[-49.32078,-25.17193],[-49.32113,-25.17172]]}},{"type":"Feature","properties":{"n":"Rodovia Gertrudes Manguer da Rosa","h":"secondary"},"geometry":{"type":"LineString","coordinates":[[-49.32147,-25.17139],[-49.32143,-25.17159],[-49.32136,-25.17177]]}},{"type":"Feature","properties":{"n":"Rodovia Gertrudes Manguer da Rosa","h":"secondary"},"geometry":{"type":"LineString","coordinates":[[-49.32117,-25.1717],[-49.3213,-25.17154],[-49.32136,-25.1715],[-49.32147,-25.17139]]}},{"type":"Feature","properties":{"n":"","h":"secondary"},"geometry":{"type":"LineString","coordinates":[[-49.32131,-25.17227],[-49.32123,-25.17212],[-49.32118,-25.17205],[-49.32112,-25.17193]]}},{"type":"Feature","properties":{"n":"","h":"secondary"},"geometry":{"type":"LineString","coordinates":[[-49.32134,-25.17191],[-49.32131,-25.17227]]}},{"type":"Feature","properties":{"n":"","h":"residential"},"geometry":{"type":"LineString","coordinates":[[-49.31438,-25.17223],[-49.3142,-25.17252],[-49.31416,-25.17264],[-49.31413,-25.17276],[-49.31408,-25.17293],[-49.31409,-25.17304],[-49.314,-25.17314],[-49.31392,-25.17325],[-49.31381,-25.1734],[-49.31375,-25.17351],[-49.31362,-25.17366]]}},{"type":"Feature","properties":{"n":"","h":"residential"},"geometry":{"type":"LineString","coordinates":[[-49.30982,-25.16537],[-49.31,-25.1656],[-49.31011,-25.16565],[-49.31022,-25.16565],[-49.31056,-25.16551],[-49.31061,-25.1655],[-49.31065,-25.16551],[-49.31069,-25.16556],[-49.31069,-25.1656],[-49.31068,-25.16564],[-49.31049,-25.16576],[-49.31047,-25.16578],[-49.31046,-25.16582]]}},{"type":"Feature","properties":{"n":"Rua Antônio de Freitas","h":"residential"},"geometry":{"type":"LineString","coordinates":[[-49.31188,-25.18045],[-49.31173,-25.1809]]}},{"type":"Feature","properties":{"n":"","h":"residential"},"geometry":{"type":"LineString","coordinates":[[-49.31244,-25.17676],[-49.31275,-25.17632]]}},{"type":"Feature","properties":{"n":"","h":"residential"},"geometry":{"type":"LineString","coordinates":[[-49.31181,-25.17642],[-49.31205,-25.17618],[-49.31216,-25.17599]]}},{"type":"Feature","properties":{"n":"","h":"unclassified"},"geometry":{"type":"LineString","coordinates":[[-49.31764,-25.15828],[-49.31764,-25.15933],[-49.31765,-25.15942],[-49.31771,-25.15956],[-49.31777,-25.15961],[-49.31786,-25.15963],[-49.31809,-25.15961],[-49.31818,-25.15962],[-49.31833,-25.15968],[-49.31837,-25.15971],[-49.3184,-25.15976],[-49.31853,-25.16023],[-49.31853,-25.1603],[-49.31848,-25.16047],[-49.31847,-25.16053],[-49.31847,-25.16081],[-49.31842,-25.16112],[-49.3184,-25.16119],[-49.31814,-25.16166],[-49.31813,-25.1617],[-49.31814,-25.16175],[-49.31817,-25.16178],[-49.31841,-25.16189],[-49.31848,-25.16194],[-49.31874,-25.16224],[-49.31877,-25.1623],[-49.31902,-25.16301],[-49.31907,-25.16307],[-49.32002,-25.16363],[-49.32007,-25.16363],[-49.32023,-25.16357],[-49.32027,-25.16357],[-49.32054,-25.16365],[-49.32062,-25.16367],[-49.32092,-25.16361],[-49.32098,-25.1636],[-49.32122,-25.16363]]}},{"type":"Feature","properties":{"n":"Rua Professora Aline Miranda Porfírio","h":"residential"},"geometry":{"type":"LineString","coordinates":[[-49.31656,-25.17405],[-49.3166,-25.1739],[-49.31664,-25.17372],[-49.3167,-25.17347]]}},{"type":"Feature","properties":{"n":"","h":"residential"},"geometry":{"type":"LineString","coordinates":[[-49.30855,-25.16886],[-49.30852,-25.1687],[-49.3085,-25.16861],[-49.3084,-25.16837]]}},{"type":"Feature","properties":{"n":"","h":"residential"},"geometry":{"type":"LineString","coordinates":[[-49.31704,-25.17293],[-49.31741,-25.17278],[-49.31742,-25.17276],[-49.31741,-25.17273],[-49.31738,-25.17271],[-49.31713,-25.17267],[-49.31709,-25.17267],[-49.31672,-25.17267],[-49.31668,-25.17266],[-49.31616,-25.17231]]}},{"type":"Feature","properties":{"n":"","h":"residential"},"geometry":{"type":"LineString","coordinates":[[-49.31409,-25.17304],[-49.31427,-25.17311],[-49.31432,-25.17311],[-49.31435,-25.17309],[-49.31457,-25.17284],[-49.31483,-25.17246]]}},{"type":"Feature","properties":{"n":"","h":"residential"},"geometry":{"type":"LineString","coordinates":[[-49.32157,-25.17448],[-49.32086,-25.17421],[-49.32078,-25.1742],[-49.32063,-25.17421],[-49.32055,-25.17424],[-49.32038,-25.1744]]}},{"type":"Feature","properties":{"n":"","h":"tertiary"},"geometry":{"type":"LineString","coordinates":[[-49.32452,-25.20108],[-49.32456,-25.20112],[-49.32458,-25.20116],[-49.32458,-25.2012],[-49.32457,-25.20125],[-49.32454,-25.20129],[-49.32451,-25.20132]]}},{"type":"Feature","properties":{"n":"Rua Manoel Muller de Siqueira","h":"residential"},"geometry":{"type":"LineString","coordinates":[[-49.30929,-25.16888],[-49.30909,-25.1689],[-49.30887,-25.16889],[-49.30865,-25.16886],[-49.30855,-25.16886],[-49.30842,-25.16893],[-49.30837,-25.16898],[-49.30833,-25.16908],[-49.30823,-25.16937],[-49.30818,-25.16951],[-49.30813,-25.16962],[-49.30807,-25.16975],[-49.30752,-25.17058],[-49.30729,-25.17095],[-49.30718,-25.1712],[-49.30716,-25.1714],[-49.30719,-25.17152],[-49.30725,-25.17163],[-49.30732,-25.17168],[-49.30741,-25.17174],[-49.30752,-25.17176],[-49.30766,-25.17173],[-49.30779,-25.1717],[-49.30788,-25.17169],[-49.30797,-25.17172],[-49.30802,-25.17174],[-49.30825,-25.17184]]}},{"type":"Feature","properties":{"n":"Avenida Industrial","h":"primary"},"geometry":{"type":"LineString","coordinates":[[-49.32648,-25.20084],[-49.32659,-25.2014]]}},{"type":"Feature","properties":{"n":"","h":"unclassified"},"geometry":{"type":"LineString","coordinates":[[-49.37141,-25.1892],[-49.3715,-25.18917],[-49.37156,-25.18919],[-49.37171,-25.18922],[-49.37183,-25.18924],[-49.37199,-25.18926],[-49.37213,-25.18927],[-49.37225,-25.18929],[-49.37232,-25.18931],[-49.37251,-25.18932],[-49.37264,-25.18932],[-49.37283,-25.18932],[-49.37297,-25.18927],[-49.37306,-25.1892],[-49.37315,-25.18912],[-49.37323,-25.18909],[-49.37367,-25.18902],[-49.37378,-25.18897],[-49.37385,-25.18888],[-49.37388,-25.18877],[-49.37369,-25.18817],[-49.37368,-25.18809],[-49.37368,-25.18805],[-49.37369,-25.188],[-49.37371,-25.18798],[-49.37376,-25.18793],[-49.37397,-25.18782],[-49.37414,-25.18777],[-49.37427,-25.18778],[-49.37442,-25.18783]]}},{"type":"Feature","properties":{"n":"Rua José Bonifácio","h":"residential"},"geometry":{"type":"LineString","coordinates":[[-49.31305,-25.18346],[-49.31306,-25.18335]]}},{"type":"Feature","properties":{"n":"","h":"unclassified"},"geometry":{"type":"LineString","coordinates":[[-49.36989,-25.18574],[-49.36972,-25.18593],[-49.36951,-25.18616],[-49.3694,-25.18627],[-49.36926,-25.18627],[-49.36885,-25.18626],[-49.36872,-25.18628],[-49.36863,-25.18632],[-49.3686,-25.18636],[-49.36861,-25.18644]]}},{"type":"Feature","properties":{"n":"","h":"unclassified"},"geometry":{"type":"LineString","coordinates":[[-49.37635,-25.18887],[-49.37622,-25.1891],[-49.37609,-25.18936],[-49.37594,-25.18951],[-49.37568,-25.18959],[-49.37539,-25.18957],[-49.37518,-25.18944],[-49.37502,-25.1893],[-49.37496,-25.18917],[-49.37495,-25.18903],[-49.37496,-25.18891],[-49.37506,-25.1888],[-49.37514,-25.18871],[-49.37517,-25.18864],[-49.37518,-25.18852],[-49.37519,-25.18843],[-49.37517,-25.18833],[-49.37508,-25.1882],[-49.37487,-25.18805],[-49.37466,-25.18794],[-49.37442,-25.18783]]}},{"type":"Feature","properties":{"n":"","h":"unclassified"},"geometry":{"type":"LineString","coordinates":[[-49.39855,-25.16484],[-49.39877,-25.16481],[-49.39899,-25.16479],[-49.39908,-25.16477],[-49.39923,-25.16464],[-49.39948,-25.16437],[-49.39981,-25.16412],[-49.40003,-25.16404],[-49.40028,-25.16397],[-49.4004,-25.16383]]}},{"type":"Feature","properties":{"n":"","h":"unclassified"},"geometry":{"type":"LineString","coordinates":[[-49.39881,-25.16679],[-49.39891,-25.16683],[-49.39905,-25.16694],[-49.39922,-25.16706],[-49.39938,-25.16714],[-49.39953,-25.16716],[-49.39966,-25.16714],[-49.3998,-25.16706],[-49.40002,-25.16692],[-49.4003,-25.16686],[-49.40043,-25.16688],[-49.40052,-25.16694],[-49.40066,-25.16724],[-49.40082,-25.16747],[-49.40087,-25.16767]]}},{"type":"Feature","properties":{"n":"","h":"unclassified"},"geometry":{"type":"LineString","coordinates":[[-49.3556,-25.1898],[-49.35557,-25.18972],[-49.35554,-25.1897],[-49.35547,-25.18969],[-49.35517,-25.18977],[-49.35494,-25.18982],[-49.35466,-25.18978],[-49.35415,-25.18956],[-49.35379,-25.18944],[-49.35351,-25.18938],[-49.35336,-25.18941],[-49.35326,-25.18945],[-49.35305,-25.18953],[-49.3529,-25.18953],[-49.35265,-25.18942],[-49.3523,-25.18936],[-49.35196,-25.18939],[-49.35175,-25.18939]]}},{"type":"Feature","properties":{"n":"","h":"unclassified"},"geometry":{"type":"LineString","coordinates":[[-49.3662,-25.18373],[-49.36612,-25.18367],[-49.366,-25.18363]]}},{"type":"Feature","properties":{"n":"","h":"unclassified"},"geometry":{"type":"LineString","coordinates":[[-49.37276,-25.17189],[-49.3725,-25.17225],[-49.37246,-25.17241],[-49.37246,-25.1725],[-49.37245,-25.17256],[-49.37241,-25.1726],[-49.37235,-25.17261],[-49.37229,-25.17256],[-49.37216,-25.17246],[-49.37194,-25.17235],[-49.37175,-25.17231],[-49.37152,-25.17233],[-49.3712,-25.17243],[-49.37092,-25.17245]]}},{"type":"Feature","properties":{"n":"","h":"unclassified"},"geometry":{"type":"LineString","coordinates":[[-49.39908,-25.16477],[-49.39915,-25.16484],[-49.39917,-25.16507],[-49.39919,-25.16544],[-49.3992,-25.16553],[-49.39925,-25.16561],[-49.39941,-25.16568],[-49.39959,-25.16568],[-49.39978,-25.16563],[-49.39999,-25.16555],[-49.4003,-25.16544],[-49.40054,-25.16538],[-49.40079,-25.16533],[-49.40089,-25.16533],[-49.401,-25.16536],[-49.40117,-25.16544],[-49.40124,-25.16555],[-49.40135,-25.1657],[-49.4016,-25.16583],[-49.40172,-25.16592],[-49.4018,-25.16605],[-49.40189,-25.16617],[-49.40193,-25.16625],[-49.40191,-25.16638],[-49.40187,-25.1666]]}},{"type":"Feature","properties":{"n":"","h":"unclassified"},"geometry":{"type":"LineString","coordinates":[[-49.3694,-25.18627],[-49.36975,-25.18631],[-49.37,-25.18635],[-49.3701,-25.1864]]}},{"type":"Feature","properties":{"n":"","h":"unclassified"},"geometry":{"type":"LineString","coordinates":[[-49.1591,-25.17927],[-49.15937,-25.17931],[-49.16023,-25.1795],[-49.16078,-25.1796],[-49.16137,-25.17966],[-49.16172,-25.17967],[-49.16179,-25.17969],[-49.16184,-25.17977],[-49.16207,-25.18022],[-49.16218,-25.18049],[-49.16216,-25.18056],[-49.16161,-25.18139],[-49.16149,-25.1815],[-49.16143,-25.1815],[-49.16134,-25.18148],[-49.15979,-25.18088],[-49.15972,-25.18087],[-49.15966,-25.18089],[-49.15926,-25.18122],[-49.15896,-25.18137],[-49.15825,-25.18211]]}},{"type":"Feature","properties":{"n":"","h":"unclassified"},"geometry":{"type":"LineString","coordinates":[[-49.15745,-25.1814],[-49.15746,-25.18146],[-49.15742,-25.18154],[-49.15707,-25.18179],[-49.15704,-25.18186],[-49.15701,-25.18195],[-49.15699,-25.18203],[-49.15702,-25.18209],[-49.15708,-25.18212],[-49.15715,-25.18213],[-49.15744,-25.18207],[-49.15769,-25.18198],[-49.15788,-25.18197],[-49.15799,-25.18198],[-49.15825,-25.18211],[-49.15838,-25.18217],[-49.15872,-25.18236],[-49.15899,-25.18252],[-49.15923,-25.18261],[-49.16017,-25.18311],[-49.16045,-25.18326],[-49.16058,-25.18338],[-49.16084,-25.18366],[-49.16155,-25.18431],[-49.16254,-25.18528],[-49.16265,-25.18537],[-49.16269,-25.1854],[-49.16272,-25.18541],[-49.16276,-25.18539],[-49.1634,-25.18476],[-49.16479,-25.18398],[-49.16486,-25.18396],[-49.16488,-25.18396]]}},{"type":"Feature","properties":{"n":"","h":"unclassified"},"geometry":{"type":"LineString","coordinates":[[-49.16064,-25.1769],[-49.16083,-25.17686],[-49.16159,-25.17691],[-49.16198,-25.17696],[-49.16237,-25.17709],[-49.16318,-25.17741],[-49.16342,-25.17758],[-49.16348,-25.17773],[-49.16357,-25.1778],[-49.16368,-25.17783],[-49.16394,-25.17788],[-49.16405,-25.17792],[-49.1641,-25.17796],[-49.16419,-25.17844],[-49.1642,-25.1785],[-49.16427,-25.17856],[-49.16455,-25.17865],[-49.1652,-25.17883],[-49.16527,-25.17886],[-49.1653,-25.17893],[-49.16535,-25.17918],[-49.16534,-25.17953],[-49.16521,-25.17987],[-49.16525,-25.18061],[-49.16512,-25.18105],[-49.16512,-25.18125],[-49.16518,-25.18132],[-49.16536,-25.18143],[-49.16584,-25.18166],[-49.16673,-25.1819]]}},{"type":"Feature","properties":{"n":"","h":"unclassified"},"geometry":{"type":"LineString","coordinates":[[-49.1616,-25.18719],[-49.1616,-25.18687],[-49.16162,-25.18664],[-49.16166,-25.18645],[-49.16176,-25.18628],[-49.16196,-25.18609],[-49.16207,-25.18596],[-49.16215,-25.18583],[-49.16227,-25.18574],[-49.16243,-25.18565],[-49.16259,-25.18555],[-49.16272,-25.18541]]}},{"type":"Feature","properties":{"n":"Avenida Ermirio de Moraes","h":"primary"},"geometry":{"type":"LineString","coordinates":[[-49.32041,-25.19021],[-49.32025,-25.19043],[-49.32009,-25.19061],[-49.31987,-25.19077],[-49.3197,-25.19092]]}},{"type":"Feature","properties":{"n":"Avenida Ermirio de Moraes","h":"primary"},"geometry":{"type":"LineString","coordinates":[[-49.32314,-25.19053],[-49.32304,-25.19043],[-49.32289,-25.1903],[-49.3227,-25.19012],[-49.32251,-25.19001],[-49.32246,-25.18999],[-49.32225,-25.1899],[-49.32186,-25.18981]]}},{"type":"Feature","properties":{"n":"","h":"unclassified"},"geometry":{"type":"LineString","coordinates":[[-49.28723,-25.20474],[-49.28786,-25.20457],[-49.28791,-25.20454],[-49.28791,-25.20449],[-49.2878,-25.20412],[-49.28782,-25.20406],[-49.28787,-25.20402],[-49.28799,-25.20397],[-49.28803,-25.20392],[-49.28804,-25.20383],[-49.28801,-25.20358]]}},{"type":"Feature","properties":{"n":"","h":"unclassified"},"geometry":{"type":"LineString","coordinates":[[-49.29519,-25.20082],[-49.29501,-25.2009],[-49.29493,-25.20091],[-49.29485,-25.20089],[-49.29467,-25.20066],[-49.29461,-25.20062],[-49.29453,-25.20059],[-49.29438,-25.20051],[-49.29429,-25.20042]]}},{"type":"Feature","properties":{"n":"","h":"unclassified"},"geometry":{"type":"LineString","coordinates":[[-49.29229,-25.1983],[-49.29223,-25.1984],[-49.29214,-25.19846],[-49.29196,-25.19855],[-49.29195,-25.1986],[-49.29195,-25.19863],[-49.29198,-25.19866],[-49.29217,-25.19877],[-49.29231,-25.19887],[-49.29245,-25.19903],[-49.29255,-25.19916],[-49.29293,-25.1994],[-49.29301,-25.19942],[-49.29314,-25.19941],[-49.29353,-25.19919],[-49.29363,-25.19917],[-49.29374,-25.19919],[-49.29383,-25.19924],[-49.29409,-25.19954],[-49.29438,-25.19991],[-49.29466,-25.20016],[-49.29485,-25.20046],[-49.29512,-25.20076],[-49.29519,-25.20082],[-49.29547,-25.20109],[-49.29578,-25.20145],[-49.29595,-25.20158]]}},{"type":"Feature","properties":{"n":"","h":"residential"},"geometry":{"type":"LineString","coordinates":[[-49.28569,-25.20433],[-49.28567,-25.20442],[-49.28567,-25.20451],[-49.28591,-25.20489]]}},{"type":"Feature","properties":{"n":"","h":"residential"},"geometry":{"type":"LineString","coordinates":[[-49.28634,-25.2041],[-49.28604,-25.20377],[-49.28593,-25.20369],[-49.28575,-25.20364]]}},{"type":"Feature","properties":{"n":"","h":"unclassified"},"geometry":{"type":"LineString","coordinates":[[-49.28655,-25.21006],[-49.28627,-25.21014],[-49.28603,-25.21022],[-49.28591,-25.21023],[-49.28574,-25.21018],[-49.28546,-25.21006],[-49.28518,-25.20993]]}},{"type":"Feature","properties":{"n":"","h":"unclassified"},"geometry":{"type":"LineString","coordinates":[[-49.2876,-25.21382],[-49.28696,-25.21385],[-49.28682,-25.21388],[-49.28676,-25.21387],[-49.28672,-25.21385],[-49.28664,-25.21376],[-49.28651,-25.21353],[-49.2865,-25.21343],[-49.2865,-25.21328]]}},{"type":"Feature","properties":{"n":"","h":"residential"},"geometry":{"type":"LineString","coordinates":[[-49.30275,-25.21577],[-49.30259,-25.21568]]}},{"type":"Feature","properties":{"n":"","h":"residential"},"geometry":{"type":"LineString","coordinates":[[-49.30132,-25.19569],[-49.30101,-25.1949]]}},{"type":"Feature","properties":{"n":"","h":"unclassified"},"geometry":{"type":"LineString","coordinates":[[-49.30184,-25.18014],[-49.30151,-25.17988],[-49.3014,-25.17983],[-49.3013,-25.17983],[-49.30028,-25.17997],[-49.30013,-25.17994],[-49.30004,-25.17989],[-49.29984,-25.17966],[-49.29977,-25.17962],[-49.29968,-25.17959],[-49.29877,-25.17957],[-49.29864,-25.17959],[-49.29847,-25.17965],[-49.29808,-25.17998],[-49.29798,-25.18014],[-49.29793,-25.18049],[-49.29793,-25.18072],[-49.29786,-25.18106],[-49.29778,-25.18146],[-49.29776,-25.18156],[-49.29772,-25.18165],[-49.29747,-25.18201],[-49.29742,-25.18212],[-49.29729,-25.18243],[-49.29724,-25.18252],[-49.29718,-25.18257],[-49.29675,-25.18281],[-49.29667,-25.18289],[-49.29661,-25.18306],[-49.29654,-25.1833],[-49.2964,-25.18353],[-49.2963,-25.18372],[-49.29603,-25.18469],[-49.29599,-25.18481],[-49.29593,-25.18496]]}},{"type":"Feature","properties":{"n":"","h":"unclassified"},"geometry":{"type":"LineString","coordinates":[[-49.29727,-25.18593],[-49.29722,-25.18585],[-49.29718,-25.18581],[-49.29709,-25.18578],[-49.29664,-25.18571],[-49.29661,-25.18569],[-49.29659,-25.18566],[-49.29659,-25.18563],[-49.29662,-25.18554]]}},{"type":"Feature","properties":{"n":"","h":"unclassified"},"geometry":{"type":"LineString","coordinates":[[-49.29734,-25.18701],[-49.29717,-25.18677],[-49.29716,-25.18672],[-49.2972,-25.1866],[-49.29727,-25.18631],[-49.29727,-25.18593],[-49.29725,-25.18582],[-49.29722,-25.18577],[-49.29717,-25.18574],[-49.29695,-25.18562]]}},{"type":"Feature","properties":{"n":"","h":"unclassified"},"geometry":{"type":"LineString","coordinates":[[-49.29773,-25.19211],[-49.29766,-25.1915],[-49.29767,-25.19144],[-49.29768,-25.19134],[-49.29769,-25.19116],[-49.29765,-25.19102],[-49.29757,-25.19087],[-49.29753,-25.19075],[-49.29749,-25.19051],[-49.2975,-25.19043],[-49.29753,-25.19035],[-49.29759,-25.19022],[-49.2976,-25.19011],[-49.2976,-25.18998],[-49.29751,-25.18967]]}},{"type":"Feature","properties":{"n":"Rua Dulcília de Cristo Rocha","h":"residential"},"geometry":{"type":"LineString","coordinates":[[-49.30433,-25.19177],[-49.30394,-25.19222],[-49.30363,-25.19248],[-49.30355,-25.19259],[-49.30345,-25.19276]]}},{"type":"Feature","properties":{"n":"","h":"residential"},"geometry":{"type":"LineString","coordinates":[[-49.30225,-25.18989],[-49.30213,-25.18998],[-49.30205,-25.19001],[-49.30198,-25.19001],[-49.30193,-25.18998],[-49.30189,-25.18993],[-49.30176,-25.18955]]}},{"type":"Feature","properties":{"n":"","h":"unclassified"},"geometry":{"type":"LineString","coordinates":[[-49.28702,-25.1899],[-49.28733,-25.18994],[-49.28756,-25.18995],[-49.2877,-25.18998],[-49.28793,-25.19011],[-49.28803,-25.19016],[-49.28812,-25.19025],[-49.28812,-25.19039],[-49.28817,-25.19044],[-49.28827,-25.19048],[-49.2889,-25.19043],[-49.28899,-25.19045],[-49.28904,-25.19047],[-49.28908,-25.19057],[-49.28905,-25.19108],[-49.28906,-25.19118],[-49.28911,-25.1913],[-49.28923,-25.19144],[-49.28952,-25.1917],[-49.28962,-25.1918],[-49.28982,-25.19216],[-49.29,-25.19252],[-49.2901,-25.19268],[-49.29018,-25.19273],[-49.29025,-25.19273],[-49.2905,-25.1926],[-49.29062,-25.19256],[-49.29073,-25.19256],[-49.29083,-25.19261],[-49.29103,-25.19283],[-49.29111,-25.19288],[-49.29121,-25.1929],[-49.29155,-25.19295],[-49.29163,-25.19298],[-49.29168,-25.19305],[-49.29181,-25.19338],[-49.29189,-25.19344],[-49.29199,-25.19348],[-49.29207,-25.19356],[-49.29227,-25.19393],[-49.29233,-25.19398],[-49.29242,-25.19402],[-49.2927,-25.19399],[-49.29299,-25.19407],[-49.29337,-25.1943],[-49.29348,-25.1943],[-49.29358,-25.19427],[-49.29364,-25.19417],[-49.29373,-25.19374],[-49.29386,-25.19352],[-49.29397,-25.19339],[-49.29408,-25.19336],[-49.29427,-25.19341],[-49.29473,-25.19391],[-49.29484,-25.19398],[-49.29498,-25.19402],[-49.2952,-25.19401],[-49.29583,-25.19378],[-49.29593,-25.19374],[-49.29599,-25.19368],[-49.29615,-25.19335],[-49.2962,-25.19331]]}},{"type":"Feature","properties":{"n":"","h":"unclassified"},"geometry":{"type":"LineString","coordinates":[[-49.29628,-25.18536],[-49.29591,-25.18543],[-49.29575,-25.18543],[-49.29541,-25.18538],[-49.29525,-25.18534],[-49.29497,-25.18521],[-49.2948,-25.18519],[-49.29465,-25.18524],[-49.29423,-25.18564],[-49.29393,-25.18598],[-49.29381,-25.18619],[-49.29371,-25.18645],[-49.2935,-25.18675],[-49.2932,-25.18692],[-49.29278,-25.18708],[-49.29261,-25.18717],[-49.29247,-25.18735],[-49.29227,-25.18761],[-49.29213,-25.18763],[-49.29188,-25.18761],[-49.29171,-25.18754],[-49.29138,-25.18733],[-49.29113,-25.18725],[-49.29083,-25.18725],[-49.29063,-25.18732],[-49.29045,-25.18749],[-49.29035,-25.1877],[-49.29025,-25.1879],[-49.2901,-25.18805],[-49.29,-25.18816],[-49.28993,-25.18832],[-49.28991,-25.18858],[-49.28984,-25.18877],[-49.28966,-25.18891],[-49.28912,-25.18921],[-49.28885,-25.1894],[-49.2885,-25.18972],[-49.28829,-25.18982],[-49.28802,-25.18983],[-49.28742,-25.18981],[-49.28702,-25.1899],[-49.28603,-25.1902],[-49.28585,-25.19029],[-49.28521,-25.19082],[-49.28502,-25.19089],[-49.28468,-25.19093],[-49.2841,-25.19093],[-49.2838,-25.19099],[-49.28182,-25.19198],[-49.28144,-25.19235],[-49.28086,-25.1927],[-49.28037,-25.193],[-49.27998,-25.19328],[-49.27967,-25.1934],[-49.27947,-25.19348],[-49.27927,-25.19354],[-49.279,-25.19357],[-49.2779,-25.19349],[-49.27775,-25.19346],[-49.27762,-25.19333],[-49.2775,-25.19319],[-49.27738,-25.19311],[-49.27697,-25.1929],[-49.27686,-25.19285],[-49.27661,-25.19281],[-49.27641,-25.19282],[-49.27612,-25.19287],[-49.27603,-25.19288],[-49.27577,-25.19289],[-49.27566,-25.19291],[-49.2756,-25.19295],[-49.27558,-25.19302],[-49.27558,-25.19307],[-49.2756,-25.19311],[-49.2757,-25.19312],[-49.27582,-25.1931],[-49.27599,-25.19302],[-49.27609,-25.19299],[-49.27619,-25.19297],[-49.27632,-25.19297],[-49.27645,-25.193],[-49.27655,-25.19305],[-49.2766,-25.19314],[-49.27662,-25.19324],[-49.2766,-25.19335],[-49.27653,-25.19347],[-49.27643,-25.19363],[-49.27631,-25.19378],[-49.27607,-25.19392],[-49.27595,-25.19396],[-49.27572,-25.19398],[-49.27548,-25.194],[-49.27536,-25.19403],[-49.27515,-25.19413],[-49.27482,-25.19438],[-49.27468,-25.19444],[-49.27455,-25.19446],[-49.27445,-25.19443],[-49.27428,-25.19429],[-49.27418,-25.19423],[-49.27407,-25.19421],[-49.27397,-25.19423],[-49.27371,-25.19429],[-49.27359,-25.19429],[-49.2735,-25.19426],[-49.27338,-25.19415],[-49.2733,-25.1941],[-49.27317,-25.19405],[-49.27298,-25.19404],[-49.27285,-25.19409],[-49.27206,-25.19439],[-49.27192,-25.1944],[-49.27179,-25.1944],[-49.27159,-25.19432],[-49.27145,-25.19425],[-49.27137,-25.19414],[-49.27125,-25.19395],[-49.27119,-25.19388],[-49.27113,-25.19382],[-49.27055,-25.19358]]}},{"type":"Feature","properties":{"n":"","h":"unclassified"},"geometry":{"type":"LineString","coordinates":[[-49.29025,-25.19273],[-49.28958,-25.19298],[-49.28939,-25.19303],[-49.28919,-25.19305],[-49.28889,-25.19305]]}},{"type":"Feature","properties":{"n":"","h":"unclassified"},"geometry":{"type":"LineString","coordinates":[[-49.29242,-25.19402],[-49.29222,-25.19417],[-49.29214,-25.1943],[-49.2921,-25.1945],[-49.29208,-25.19461],[-49.292,-25.19474],[-49.29187,-25.19487],[-49.29172,-25.19491],[-49.29162,-25.1949],[-49.29156,-25.19484],[-49.29155,-25.19478],[-49.29154,-25.19474],[-49.29163,-25.19421]]}},{"type":"Feature","properties":{"n":"","h":"unclassified"},"geometry":{"type":"LineString","coordinates":[[-49.28864,-25.19971],[-49.28854,-25.19971],[-49.28847,-25.19972],[-49.28827,-25.19982],[-49.28818,-25.19986],[-49.28811,-25.19986],[-49.28773,-25.19977],[-49.28766,-25.19976],[-49.28762,-25.19973],[-49.28744,-25.19957],[-49.28739,-25.19954],[-49.28731,-25.19954],[-49.2872,-25.19955],[-49.28714,-25.19954],[-49.28707,-25.19951],[-49.28682,-25.19939],[-49.28667,-25.19929],[-49.28639,-25.19904],[-49.28632,-25.19896],[-49.2858,-25.19806],[-49.28566,-25.19784],[-49.28553,-25.19771],[-49.28497,-25.19717],[-49.2848,-25.19705],[-49.28464,-25.19697],[-49.28454,-25.19691],[-49.28449,-25.19685],[-49.28428,-25.19637],[-49.28418,-25.19622],[-49.28408,-25.19616],[-49.284,-25.19615],[-49.28336,-25.19635],[-49.28318,-25.19645],[-49.28277,-25.19676]]}},{"type":"Feature","properties":{"n":"","h":"unclassified"},"geometry":{"type":"LineString","coordinates":[[-49.29374,-25.19206],[-49.2936,-25.19205],[-49.29306,-25.19193],[-49.29281,-25.19188],[-49.29244,-25.19187],[-49.29237,-25.19188],[-49.29234,-25.1919],[-49.29232,-25.19196],[-49.29233,-25.19221],[-49.29232,-25.1923],[-49.29228,-25.19238],[-49.29223,-25.19243],[-49.29214,-25.19249]]}},{"type":"Feature","properties":{"n":"","h":"unclassified"},"geometry":{"type":"LineString","coordinates":[[-49.29163,-25.19298],[-49.29184,-25.19292],[-49.29192,-25.19287],[-49.29202,-25.19279],[-49.29211,-25.1926],[-49.29214,-25.19249],[-49.29207,-25.19229],[-49.29194,-25.19208],[-49.29171,-25.19187],[-49.2916,-25.19178],[-49.29147,-25.19174],[-49.29117,-25.19177],[-49.29072,-25.19189],[-49.29061,-25.19192],[-49.29051,-25.1919],[-49.29023,-25.19173],[-49.29003,-25.19157],[-49.28991,-25.19145]]}},{"type":"Feature","properties":{"n":"","h":"residential"},"geometry":{"type":"LineString","coordinates":[[-49.30408,-25.20276],[-49.30402,-25.20281],[-49.30393,-25.20292],[-49.30357,-25.20347]]}},{"type":"Feature","properties":{"n":"","h":"unclassified"},"geometry":{"type":"LineString","coordinates":[[-49.3044,-25.21708],[-49.30445,-25.21688],[-49.30446,-25.21683],[-49.30444,-25.21678],[-49.30439,-25.21672],[-49.30426,-25.21664],[-49.30402,-25.21649],[-49.30389,-25.2164],[-49.30379,-25.21632],[-49.3036,-25.21618]]}},{"type":"Feature","properties":{"n":"","h":"unclassified"},"geometry":{"type":"LineString","coordinates":[[-49.30428,-25.21554],[-49.3043,-25.2156],[-49.3043,-25.21564],[-49.30427,-25.21573],[-49.30425,-25.21577],[-49.30424,-25.21581],[-49.30424,-25.21584],[-49.30426,-25.21588],[-49.30431,-25.21594],[-49.30441,-25.21603],[-49.30466,-25.21633],[-49.3048,-25.21647],[-49.30499,-25.21664],[-49.30515,-25.21672],[-49.30526,-25.21683]]}},{"type":"Feature","properties":{"n":"","h":"tertiary"},"geometry":{"type":"LineString","coordinates":[[-49.30753,-25.19157],[-49.30754,-25.19153],[-49.30755,-25.19152],[-49.30758,-25.1915],[-49.30762,-25.19149],[-49.30766,-25.1915]]}},{"type":"Feature","properties":{"n":"","h":"tertiary"},"geometry":{"type":"LineString","coordinates":[[-49.30766,-25.1915],[-49.30767,-25.19151],[-49.30768,-25.19154],[-49.30769,-25.19157],[-49.30768,-25.19159],[-49.30767,-25.19161],[-49.30764,-25.19163],[-49.3076,-25.19163],[-49.30756,-25.19162],[-49.30755,-25.19161],[-49.30754,-25.19159],[-49.30753,-25.19157]]}},{"type":"Feature","properties":{"n":"Avenida Brasil","h":"tertiary"},"geometry":{"type":"LineString","coordinates":[[-49.30079,-25.18796],[-49.30095,-25.18794],[-49.30117,-25.1879],[-49.30168,-25.18779],[-49.30201,-25.18777],[-49.30239,-25.18775],[-49.30288,-25.18774],[-49.30315,-25.18777],[-49.3032,-25.1878],[-49.30332,-25.18789],[-49.30355,-25.18808],[-49.30366,-25.18814],[-49.30375,-25.18819],[-49.30406,-25.1883],[-49.30429,-25.18838],[-49.30439,-25.18842],[-49.30446,-25.18846],[-49.30459,-25.18855],[-49.30471,-25.18866],[-49.30487,-25.1888],[-49.30513,-25.18901],[-49.30552,-25.1893],[-49.30576,-25.18947],[-49.30595,-25.18958],[-49.30655,-25.18998],[-49.30672,-25.19009],[-49.30692,-25.19023],[-49.30702,-25.19033],[-49.30711,-25.19042],[-49.3074,-25.19091],[-49.30745,-25.19102],[-49.3076,-25.19135],[-49.30766,-25.1915]]}},{"type":"Feature","properties":{"n":"Avenida Brasil","h":"tertiary"},"geometry":{"type":"LineString","coordinates":[[-49.30079,-25.18796],[-49.30063,-25.18789],[-49.30056,-25.18785],[-49.30047,-25.18777],[-49.3004,-25.18771],[-49.30032,-25.18758],[-49.30027,-25.18742],[-49.30023,-25.18733],[-49.30005,-25.18683],[-49.29999,-25.18669],[-49.29989,-25.18655],[-49.29976,-25.18641],[-49.29959,-25.18628],[-49.2994,-25.18621],[-49.29926,-25.18616],[-49.29905,-25.18613],[-49.2989,-25.18614],[-49.29867,-25.1862],[-49.29855,-25.18625]]}},{"type":"Feature","properties":{"n":"","h":"residential"},"geometry":{"type":"LineString","coordinates":[[-49.30315,-25.18777],[-49.30314,-25.18781]]}},{"type":"Feature","properties":{"n":"Rua Generoso Marques","h":"tertiary"},"geometry":{"type":"LineString","coordinates":[[-49.30767,-25.19151],[-49.30793,-25.19157]]}},{"type":"Feature","properties":{"n":"Rua Prefeito Octávio Furquim","h":"tertiary"},"geometry":{"type":"LineString","coordinates":[[-49.30759,-25.19182],[-49.30756,-25.19162]]}},{"type":"Feature","properties":{"n":"Rua Generoso Marques","h":"tertiary"},"geometry":{"type":"LineString","coordinates":[[-49.30731,-25.19161],[-49.30754,-25.19153]]}},{"type":"Feature","properties":{"n":"Rua Generoso Marques","h":"tertiary"},"geometry":{"type":"LineString","coordinates":[[-49.30755,-25.19161],[-49.30731,-25.19161]]}},{"type":"Feature","properties":{"n":"Rua Prefeito Octávio Furquim","h":"tertiary"},"geometry":{"type":"LineString","coordinates":[[-49.30767,-25.19161],[-49.30759,-25.19182]]}},{"type":"Feature","properties":{"n":"Rua Generoso Marques","h":"tertiary"},"geometry":{"type":"LineString","coordinates":[[-49.30793,-25.19157],[-49.30768,-25.19159]]}},{"type":"Feature","properties":{"n":"","h":"unclassified"},"geometry":{"type":"LineString","coordinates":[[-49.09227,-25.09582],[-49.0929,-25.0958],[-49.0933,-25.09587],[-49.09358,-25.096],[-49.09387,-25.09615],[-49.0942,-25.09614],[-49.09436,-25.09599],[-49.09445,-25.09573],[-49.0946,-25.09566],[-49.09477,-25.09567],[-49.09517,-25.09578],[-49.09553,-25.09591],[-49.09599,-25.09612]]}},{"type":"Feature","properties":{"n":"","h":"unclassified"},"geometry":{"type":"LineString","coordinates":[[-49.51764,-24.91301],[-49.51764,-24.91331],[-49.51764,-24.91348],[-49.51771,-24.91366],[-49.51781,-24.91383],[-49.5179,-24.91389],[-49.51809,-24.91393],[-49.51829,-24.91393],[-49.51849,-24.91388],[-49.51865,-24.91386],[-49.51887,-24.9139],[-49.51918,-24.91407],[-49.51958,-24.91425],[-49.51983,-24.91442],[-49.51996,-24.91456],[-49.52007,-24.91482],[-49.52014,-24.91496],[-49.5203,-24.91506],[-49.5207,-24.91521],[-49.52099,-24.91525],[-49.52111,-24.91531],[-49.52116,-24.91538],[-49.5213,-24.91559],[-49.52143,-24.91573],[-49.52165,-24.91588],[-49.5218,-24.91596],[-49.52194,-24.91599],[-49.5221,-24.91599],[-49.52229,-24.91598],[-49.52251,-24.91601],[-49.52277,-24.91604],[-49.52296,-24.91607],[-49.52307,-24.91607],[-49.52318,-24.91606],[-49.52336,-24.91605],[-49.52355,-24.91606],[-49.52373,-24.91605],[-49.52396,-24.91598],[-49.52419,-24.91587],[-49.52434,-24.91583],[-49.52463,-24.91579],[-49.52487,-24.91577],[-49.52499,-24.91577],[-49.52516,-24.91576],[-49.52527,-24.91573],[-49.52542,-24.91566],[-49.52564,-24.9156],[-49.52577,-24.91557],[-49.52583,-24.91554],[-49.52592,-24.91546],[-49.52598,-24.91533],[-49.52599,-24.91512],[-49.52602,-24.91502],[-49.52611,-24.91487],[-49.52621,-24.91473],[-49.52634,-24.9146],[-49.52657,-24.91448],[-49.52676,-24.91444],[-49.52687,-24.91442],[-49.52691,-24.91439],[-49.52695,-24.91433],[-49.52706,-24.91425],[-49.52741,-24.91406],[-49.52772,-24.91391],[-49.5281,-24.91373],[-49.52845,-24.9137],[-49.52877,-24.91371],[-49.52893,-24.91372],[-49.52907,-24.91371],[-49.52915,-24.91367],[-49.52928,-24.91353],[-49.52937,-24.91344],[-49.52951,-24.91337],[-49.52989,-24.91326],[-49.53,-24.91321],[-49.5301,-24.91319],[-49.53028,-24.91319],[-49.53035,-24.91317],[-49.53043,-24.91309],[-49.53061,-24.91291],[-49.53077,-24.91279],[-49.53092,-24.91272],[-49.53115,-24.91259]]}},{"type":"Feature","properties":{"n":"","h":"unclassified"},"geometry":{"type":"LineString","coordinates":[[-49.53253,-24.93761],[-49.53269,-24.93798],[-49.53279,-24.93815],[-49.5329,-24.93827],[-49.53333,-24.93867],[-49.53348,-24.93885],[-49.53356,-24.93896],[-49.53363,-24.93905],[-49.53378,-24.93912],[-49.53394,-24.93923],[-49.53406,-24.93934],[-49.53418,-24.9395],[-49.5343,-24.9396],[-49.53434,-24.93965],[-49.53444,-24.93987],[-49.53457,-24.94008],[-49.53461,-24.94019],[-49.53461,-24.94033],[-49.53467,-24.94052],[-49.53474,-24.94066],[-49.53481,-24.94081],[-49.53487,-24.94103],[-49.53489,-24.94123],[-49.53492,-24.94131],[-49.53496,-24.94133],[-49.53502,-24.94134],[-49.53526,-24.94133],[-49.53534,-24.94134],[-49.5354,-24.94136],[-49.53544,-24.94142],[-49.53543,-24.94149],[-49.53538,-24.94155],[-49.535,-24.94178],[-49.53471,-24.94192],[-49.53451,-24.94208],[-49.53397,-24.94245]]}},{"type":"Feature","properties":{"n":"","h":"unclassified"},"geometry":{"type":"LineString","coordinates":[[-49.54504,-24.93487],[-49.54573,-24.93464],[-49.54585,-24.93454],[-49.54596,-24.93441],[-49.54597,-24.93432],[-49.54593,-24.93422],[-49.54575,-24.93404],[-49.54546,-24.93366],[-49.54524,-24.93338],[-49.54503,-24.93314],[-49.54491,-24.93291],[-49.54481,-24.93275],[-49.54475,-24.9326],[-49.54465,-24.93221],[-49.54461,-24.93208],[-49.54441,-24.93174],[-49.54414,-24.93135],[-49.54398,-24.93119],[-49.54363,-24.93102],[-49.54319,-24.93091],[-49.54313,-24.93088],[-49.54311,-24.93084],[-49.54312,-24.93046],[-49.54316,-24.93021],[-49.54323,-24.9301],[-49.54332,-24.92999],[-49.54346,-24.92983],[-49.5435,-24.92963],[-49.54349,-24.92949],[-49.5434,-24.92936],[-49.54321,-24.92918],[-49.54311,-24.92914],[-49.54288,-24.92911],[-49.54276,-24.92908],[-49.5427,-24.92904],[-49.54268,-24.92896],[-49.54271,-24.92887],[-49.54279,-24.92877],[-49.5428,-24.92867],[-49.54275,-24.9285],[-49.54263,-24.92836],[-49.54239,-24.92814],[-49.54229,-24.92807],[-49.54219,-24.92792],[-49.54212,-24.92775],[-49.54206,-24.92752],[-49.54203,-24.92723],[-49.542,-24.92715],[-49.54192,-24.92703],[-49.54185,-24.92688],[-49.54163,-24.92648],[-49.54125,-24.92604],[-49.54103,-24.92568],[-49.54091,-24.92538],[-49.5408,-24.92522],[-49.54032,-24.92477],[-49.54015,-24.92464],[-49.53982,-24.92455],[-49.53952,-24.92449],[-49.53931,-24.92438],[-49.53903,-24.9241],[-49.5388,-24.92385],[-49.53862,-24.92358],[-49.5385,-24.92345],[-49.53835,-24.9233],[-49.53814,-24.92301]]}},{"type":"Feature","properties":{"n":"Rua Manoel Bandeira","h":"residential"},"geometry":{"type":"LineString","coordinates":[[-49.31549,-25.18158],[-49.31553,-25.18164],[-49.31564,-25.18161],[-49.31588,-25.18155],[-49.31597,-25.18158],[-49.31603,-25.18162],[-49.31616,-25.18182],[-49.31638,-25.18259],[-49.31651,-25.18292],[-49.31651,-25.18305],[-49.31646,-25.18325],[-49.31635,-25.18349]]}},{"type":"Feature","properties":{"n":"Rua Coronel Carlos Pioli","h":"secondary"},"geometry":{"type":"LineString","coordinates":[[-49.31293,-25.19219],[-49.31291,-25.1923]]}},{"type":"Feature","properties":{"n":"Rua Coronel Carlos Pioli","h":"secondary"},"geometry":{"type":"LineString","coordinates":[[-49.31286,-25.19226],[-49.31293,-25.19219]]}},{"type":"Feature","properties":{"n":"","h":"residential"},"geometry":{"type":"LineString","coordinates":[[-49.31553,-25.18164],[-49.31542,-25.18168],[-49.31528,-25.18174],[-49.31463,-25.18196],[-49.31429,-25.18205]]}},{"type":"Feature","properties":{"n":"","h":"residential"},"geometry":{"type":"LineString","coordinates":[[-49.31631,-25.19568],[-49.31596,-25.19509],[-49.31635,-25.19485],[-49.31636,-25.19476],[-49.3163,-25.19467],[-49.31587,-25.19417]]}},{"type":"Feature","properties":{"n":"","h":"residential"},"geometry":{"type":"LineString","coordinates":[[-49.30612,-25.18863],[-49.30595,-25.18834],[-49.30594,-25.18829],[-49.30595,-25.18825],[-49.30601,-25.18813],[-49.30615,-25.18801]]}},{"type":"Feature","properties":{"n":"","h":"residential"},"geometry":{"type":"LineString","coordinates":[[-49.31138,-25.18446],[-49.31151,-25.18408]]}},{"type":"Feature","properties":{"n":"","h":"residential"},"geometry":{"type":"LineString","coordinates":[[-49.31185,-25.183],[-49.31166,-25.18322],[-49.31157,-25.18327],[-49.31146,-25.18334],[-49.31138,-25.18334],[-49.31125,-25.18331],[-49.31122,-25.18331],[-49.3112,-25.18332],[-49.31117,-25.18337],[-49.31095,-25.18394]]}},{"type":"Feature","properties":{"n":"","h":"residential"},"geometry":{"type":"LineString","coordinates":[[-49.32211,-25.19234],[-49.32156,-25.19207],[-49.32153,-25.192]]}},{"type":"Feature","properties":{"n":"","h":"residential"},"geometry":{"type":"LineString","coordinates":[[-49.32099,-25.18679],[-49.32133,-25.18651],[-49.32141,-25.1865],[-49.3215,-25.18651],[-49.32195,-25.1867],[-49.3227,-25.18692],[-49.32278,-25.18696],[-49.32285,-25.18704],[-49.3229,-25.18706],[-49.32294,-25.18703],[-49.32298,-25.18698],[-49.32312,-25.18668]]}},{"type":"Feature","properties":{"n":"","h":"residential"},"geometry":{"type":"LineString","coordinates":[[-49.31819,-25.18566],[-49.31861,-25.18618]]}},{"type":"Feature","properties":{"n":"","h":"residential"},"geometry":{"type":"LineString","coordinates":[[-49.31096,-25.18691],[-49.31065,-25.18707],[-49.31024,-25.18726],[-49.31008,-25.18739]]}},{"type":"Feature","properties":{"n":"","h":"unclassified"},"geometry":{"type":"LineString","coordinates":[[-49.32161,-25.19695],[-49.32179,-25.19676]]}},{"type":"Feature","properties":{"n":"Rua Padre Ribeiro","h":"secondary"},"geometry":{"type":"LineString","coordinates":[[-49.31985,-25.18483],[-49.31988,-25.18477],[-49.3199,-25.18472]]}},{"type":"Feature","properties":{"n":"Rua Eduardo Alves Ribeiro","h":"residential"},"geometry":{"type":"LineString","coordinates":[[-49.3127,-25.18769],[-49.3125,-25.18773],[-49.3123,-25.18774],[-49.31217,-25.18771],[-49.31205,-25.18763],[-49.31189,-25.18748],[-49.31168,-25.18729],[-49.31145,-25.18716],[-49.31126,-25.18711]]}},{"type":"Feature","properties":{"n":"Rua 7 de Setembro","h":"tertiary"},"geometry":{"type":"LineString","coordinates":[[-49.31275,-25.18544],[-49.31252,-25.18544]]}},{"type":"Feature","properties":{"n":"Rua 7 de Setembro","h":"tertiary"},"geometry":{"type":"LineString","coordinates":[[-49.31249,-25.18533],[-49.31275,-25.18544]]}},{"type":"Feature","properties":{"n":"Rua 7 de Setembro","h":"tertiary"},"geometry":{"type":"LineString","coordinates":[[-49.31275,-25.18544],[-49.31298,-25.18553],[-49.31336,-25.18568]]}},{"type":"Feature","properties":{"n":"","h":"residential"},"geometry":{"type":"LineString","coordinates":[[-49.30795,-25.19577],[-49.30833,-25.19602]]}},{"type":"Feature","properties":{"n":"","h":"unclassified"},"geometry":{"type":"LineString","coordinates":[[-49.28342,-25.13565],[-49.28342,-25.13585],[-49.28347,-25.13597],[-49.2835,-25.13608],[-49.28352,-25.13622],[-49.28351,-25.13642],[-49.28329,-25.13713],[-49.28322,-25.13723],[-49.28283,-25.13756],[-49.2827,-25.13773],[-49.28257,-25.13796],[-49.28246,-25.13805],[-49.28234,-25.13819],[-49.28206,-25.13847],[-49.28202,-25.13859],[-49.28194,-25.13871],[-49.28171,-25.13896],[-49.28146,-25.13927],[-49.28122,-25.13942],[-49.28066,-25.13946],[-49.28006,-25.13959],[-49.27978,-25.1397],[-49.27922,-25.13999],[-49.27909,-25.14001],[-49.27896,-25.13996],[-49.27879,-25.13986],[-49.27866,-25.13983],[-49.27847,-25.13984],[-49.27824,-25.13988],[-49.27807,-25.13989],[-49.27777,-25.13989],[-49.27763,-25.13993]]}},{"type":"Feature","properties":{"n":"","h":"tertiary"},"geometry":{"type":"LineString","coordinates":[[-49.40973,-25.10558],[-49.40963,-25.10563],[-49.40883,-25.10623],[-49.40816,-25.10691],[-49.40783,-25.10739],[-49.40751,-25.1077],[-49.40694,-25.10808],[-49.40637,-25.10836],[-49.40623,-25.10846],[-49.40611,-25.10863],[-49.40596,-25.10869],[-49.40582,-25.10871],[-49.40551,-25.1088],[-49.40519,-25.109],[-49.40501,-25.10917],[-49.40495,-25.1094],[-49.40492,-25.10962],[-49.40497,-25.1099],[-49.40491,-25.11006],[-49.40475,-25.1102],[-49.40462,-25.11033],[-49.40431,-25.11035],[-49.40389,-25.11024],[-49.40362,-25.11002],[-49.40344,-25.10987],[-49.40322,-25.10969],[-49.40295,-25.10928],[-49.40261,-25.10892],[-49.40249,-25.10868],[-49.40246,-25.1083],[-49.40255,-25.10803],[-49.40254,-25.10788],[-49.40251,-25.10779],[-49.40241,-25.10778],[-49.40223,-25.10793],[-49.40219,-25.10805],[-49.40211,-25.10827],[-49.40189,-25.10855],[-49.40102,-25.1092],[-49.40041,-25.1091],[-49.39991,-25.10868],[-49.3994,-25.10817],[-49.39935,-25.10755],[-49.39922,-25.10681],[-49.39866,-25.10651],[-49.3977,-25.106],[-49.39737,-25.10566],[-49.39751,-25.10522],[-49.39755,-25.10478],[-49.39715,-25.10411],[-49.39679,-25.1034],[-49.39707,-25.10306],[-49.3971,-25.10299],[-49.39707,-25.10293],[-49.39703,-25.10289],[-49.39696,-25.10287],[-49.39652,-25.10286],[-49.39598,-25.10234],[-49.3958,-25.1021],[-49.39582,-25.10178],[-49.39572,-25.10165],[-49.3957,-25.10134],[-49.3958,-25.10107],[-49.39582,-25.10087],[-49.39536,-25.10051],[-49.39477,-25.09987]]}},{"type":"Feature","properties":{"n":"","h":"unclassified"},"geometry":{"type":"LineString","coordinates":[[-49.26087,-25.12052],[-49.25987,-25.12044],[-49.25943,-25.12038],[-49.25921,-25.1204],[-49.25896,-25.12042],[-49.25882,-25.1204],[-49.25836,-25.12025],[-49.25774,-25.1201],[-49.25757,-25.12002],[-49.2574,-25.11984],[-49.2573,-25.11976],[-49.25706,-25.11968],[-49.25698,-25.11962],[-49.25692,-25.11953],[-49.25691,-25.11927],[-49.25692,-25.11917],[-49.25688,-25.11909],[-49.25657,-25.11879],[-49.2565,-25.11869],[-49.2564,-25.11848],[-49.25634,-25.11839],[-49.25562,-25.11783],[-49.25548,-25.11776],[-49.25537,-25.11774],[-49.25523,-25.11778],[-49.25508,-25.11791],[-49.25484,-25.1185],[-49.25476,-25.1186],[-49.25465,-25.11866],[-49.25444,-25.11869],[-49.25413,-25.11864],[-49.25404,-25.11862],[-49.25393,-25.11864],[-49.25369,-25.11877],[-49.25356,-25.11882],[-49.25339,-25.11884],[-49.25288,-25.11895],[-49.25266,-25.11896],[-49.25244,-25.11895],[-49.25218,-25.11888],[-49.25204,-25.11887],[-49.25187,-25.11894],[-49.25173,-25.11911],[-49.25161,-25.11926],[-49.25154,-25.11932],[-49.25136,-25.11937],[-49.25097,-25.11943],[-49.25075,-25.11949],[-49.25041,-25.11973],[-49.25015,-25.12005],[-49.25004,-25.12016],[-49.24928,-25.12055],[-49.24897,-25.12071],[-49.2487,-25.12093],[-49.24859,-25.12108],[-49.24851,-25.12128],[-49.24834,-25.12142],[-49.24789,-25.12164],[-49.24773,-25.12168],[-49.24752,-25.12168],[-49.24727,-25.12163],[-49.2471,-25.12166],[-49.24697,-25.12174],[-49.24654,-25.12209],[-49.24462,-25.12302],[-49.24452,-25.12305],[-49.24442,-25.12305],[-49.24291,-25.12299],[-49.24277,-25.123],[-49.24261,-25.12307],[-49.2425,-25.12325],[-49.24245,-25.1234],[-49.24242,-25.12397],[-49.2424,-25.12418],[-49.24234,-25.12423],[-49.24227,-25.12425],[-49.24208,-25.12421],[-49.24193,-25.12419],[-49.24178,-25.12421],[-49.24161,-25.12426],[-49.24108,-25.12424],[-49.24056,-25.12414],[-49.2403,-25.12404],[-49.24007,-25.124],[-49.23985,-25.12399],[-49.23973,-25.12405],[-49.23958,-25.12413],[-49.2395,-25.12413],[-49.23933,-25.12406],[-49.23903,-25.12391],[-49.239,-25.12383],[-49.23901,-25.12371],[-49.23917,-25.12327],[-49.23919,-25.12308],[-49.23915,-25.12292],[-49.23901,-25.12277],[-49.23884,-25.12273],[-49.23873,-25.12277],[-49.23864,-25.12285],[-49.23849,-25.12298],[-49.23836,-25.123],[-49.23819,-25.123],[-49.23807,-25.12305],[-49.23793,-25.12317],[-49.23784,-25.12331],[-49.23771,-25.12374],[-49.23755,-25.1238],[-49.2374,-25.12378],[-49.23711,-25.1237],[-49.23664,-25.12344],[-49.23654,-25.12333],[-49.23638,-25.12308],[-49.23625,-25.12303],[-49.23603,-25.12304],[-49.23581,-25.12313],[-49.23569,-25.12315],[-49.23555,-25.12311],[-49.23537,-25.123],[-49.23536,-25.12292],[-49.2354,-25.12279],[-49.23558,-25.12258],[-49.23561,-25.12244],[-49.23554,-25.12227],[-49.23546,-25.12216],[-49.23537,-25.12151],[-49.23528,-25.12143],[-49.23513,-25.12139],[-49.23499,-25.12142],[-49.2349,-25.12145],[-49.23485,-25.12152],[-49.23473,-25.12182],[-49.23461,-25.12192],[-49.23447,-25.12197],[-49.23425,-25.12194],[-49.23387,-25.12182],[-49.23366,-25.12168],[-49.23361,-25.12158],[-49.2337,-25.12133],[-49.23365,-25.12118],[-49.23344,-25.12107],[-49.23247,-25.12064],[-49.23236,-25.12046],[-49.23222,-25.12015],[-49.2321,-25.12002]]}},{"type":"Feature","properties":{"n":"","h":"unclassified"},"geometry":{"type":"LineString","coordinates":[[-49.27042,-25.1522],[-49.27067,-25.15253],[-49.27085,-25.1528],[-49.27098,-25.15305],[-49.27111,-25.15318],[-49.27148,-25.15353],[-49.27178,-25.15366],[-49.27195,-25.15383],[-49.27201,-25.15402],[-49.272,-25.15419],[-49.27196,-25.15445],[-49.27203,-25.15465],[-49.27236,-25.15511],[-49.27243,-25.15526],[-49.27246,-25.15545],[-49.2726,-25.15578],[-49.27262,-25.15588],[-49.2726,-25.156],[-49.27212,-25.15644],[-49.27194,-25.15648],[-49.27178,-25.15648],[-49.27124,-25.15643],[-49.27051,-25.15638],[-49.27031,-25.15632],[-49.27004,-25.1561],[-49.26984,-25.15601],[-49.26954,-25.15598],[-49.26941,-25.15601],[-49.26935,-25.15606],[-49.26879,-25.1565]]}},{"type":"Feature","properties":{"n":"","h":"unclassified"},"geometry":{"type":"LineString","coordinates":[[-49.24902,-25.13879],[-49.249,-25.13865],[-49.24891,-25.13849],[-49.24881,-25.13836],[-49.24876,-25.13819],[-49.24877,-25.13804],[-49.24918,-25.13715],[-49.24922,-25.13708],[-49.24934,-25.137],[-49.24973,-25.13674],[-49.24992,-25.13665],[-49.25001,-25.13653],[-49.2501,-25.13636],[-49.25019,-25.13624],[-49.25043,-25.13611],[-49.25048,-25.13594],[-49.2504,-25.13583],[-49.25035,-25.1357],[-49.25039,-25.13548],[-49.25041,-25.13525],[-49.25049,-25.13513],[-49.25064,-25.13499],[-49.25092,-25.13478],[-49.25104,-25.13469],[-49.25127,-25.13451],[-49.25133,-25.13437],[-49.25139,-25.1341],[-49.25137,-25.13392],[-49.25135,-25.13378],[-49.25138,-25.13365],[-49.25136,-25.13354],[-49.25135,-25.13343],[-49.25133,-25.13334],[-49.25135,-25.13325],[-49.25155,-25.13297],[-49.25163,-25.13287],[-49.25175,-25.13282],[-49.25187,-25.13281],[-49.25191,-25.13271],[-49.25193,-25.13239],[-49.25194,-25.13228],[-49.25202,-25.13218],[-49.25245,-25.13163],[-49.25251,-25.13153],[-49.25248,-25.13143],[-49.25239,-25.13137],[-49.25215,-25.13123],[-49.25208,-25.1311],[-49.25194,-25.13097],[-49.25183,-25.13086],[-49.25175,-25.13075],[-49.25174,-25.13055],[-49.25173,-25.13048],[-49.25165,-25.13039],[-49.25139,-25.13025],[-49.25135,-25.1302],[-49.25133,-25.13014],[-49.25133,-25.12979],[-49.25136,-25.1297],[-49.2516,-25.1294],[-49.2517,-25.12934],[-49.25176,-25.12924],[-49.25187,-25.12893],[-49.25192,-25.12886],[-49.25198,-25.12882],[-49.25214,-25.12882],[-49.25226,-25.12883],[-49.25239,-25.12889],[-49.25255,-25.12893],[-49.25269,-25.12891],[-49.25304,-25.12868],[-49.25335,-25.12839],[-49.25387,-25.128],[-49.25432,-25.12784],[-49.25449,-25.12778],[-49.25466,-25.12778],[-49.2548,-25.12775],[-49.2549,-25.1276],[-49.25499,-25.12738],[-49.25505,-25.12734],[-49.2552,-25.12729],[-49.25554,-25.12715],[-49.25571,-25.12697],[-49.25588,-25.12688],[-49.25613,-25.12677],[-49.2563,-25.12676],[-49.25646,-25.12674],[-49.25656,-25.12663],[-49.25684,-25.12614],[-49.257,-25.12595],[-49.2572,-25.12582],[-49.25775,-25.12566],[-49.25804,-25.12561],[-49.25813,-25.12555],[-49.25815,-25.12541],[-49.25817,-25.12532],[-49.2582,-25.12525],[-49.25901,-25.12484],[-49.25914,-25.12473],[-49.25934,-25.12453],[-49.2595,-25.12424],[-49.25975,-25.12388],[-49.25984,-25.12369],[-49.2599,-25.12359],[-49.25999,-25.12354],[-49.2602,-25.12346],[-49.26031,-25.12335],[-49.26049,-25.12305],[-49.26054,-25.12287],[-49.26057,-25.12264],[-49.26063,-25.12233],[-49.26069,-25.12185],[-49.26072,-25.1216],[-49.26066,-25.12143],[-49.26054,-25.12084],[-49.2606,-25.12071],[-49.2608,-25.12055],[-49.26087,-25.12052]]}},{"type":"Feature","properties":{"n":"","h":"unclassified"},"geometry":{"type":"LineString","coordinates":[[-49.4061,-25.09151],[-49.40663,-25.09108],[-49.40682,-25.0908],[-49.40702,-25.09038],[-49.40707,-25.09013],[-49.40705,-25.08985],[-49.40709,-25.08948],[-49.40718,-25.08937]]}},{"type":"Feature","properties":{"n":"","h":"unclassified"},"geometry":{"type":"LineString","coordinates":[[-49.40156,-25.09162],[-49.40194,-25.09171],[-49.40231,-25.09187],[-49.40251,-25.09193],[-49.40267,-25.09188],[-49.40287,-25.09169],[-49.40298,-25.09157],[-49.40309,-25.09152],[-49.40352,-25.09134],[-49.40368,-25.09136],[-49.40394,-25.09146],[-49.40412,-25.09157],[-49.40431,-25.09161],[-49.40475,-25.0916],[-49.40496,-25.09159],[-49.40506,-25.09155],[-49.40581,-25.09152],[-49.4061,-25.09151],[-49.40628,-25.09151]]}},{"type":"Feature","properties":{"n":"","h":"unclassified"},"geometry":{"type":"LineString","coordinates":[[-49.39921,-25.097],[-49.40065,-25.09593],[-49.40122,-25.09547],[-49.40181,-25.09524],[-49.40244,-25.09501],[-49.40266,-25.09491],[-49.40276,-25.09476],[-49.40282,-25.0945],[-49.40285,-25.09437]]}},{"type":"Feature","properties":{"n":"","h":"unclassified"},"geometry":{"type":"LineString","coordinates":[[-49.40273,-25.09424],[-49.40305,-25.09372],[-49.40368,-25.09287],[-49.40405,-25.09263],[-49.40453,-25.09252],[-49.40479,-25.09254],[-49.40509,-25.09241],[-49.40551,-25.09198],[-49.40628,-25.09151],[-49.40702,-25.09164],[-49.40749,-25.0914],[-49.40761,-25.09128],[-49.40786,-25.091],[-49.40798,-25.09065],[-49.40824,-25.09036],[-49.40849,-25.0898],[-49.40869,-25.08964],[-49.40905,-25.08938],[-49.40913,-25.08919],[-49.40912,-25.08883],[-49.40923,-25.0885],[-49.40932,-25.08825],[-49.40947,-25.08803],[-49.40993,-25.08799],[-49.41011,-25.08807],[-49.41028,-25.08806],[-49.41037,-25.08796],[-49.41047,-25.08772],[-49.41066,-25.08754],[-49.41099,-25.08714],[-49.4111,-25.08687],[-49.41118,-25.08648],[-49.41152,-25.0862],[-49.41216,-25.08586],[-49.41263,-25.08549],[-49.41284,-25.0853],[-49.4134,-25.08502],[-49.41379,-25.08495],[-49.41403,-25.08483],[-49.41435,-25.08452],[-49.41486,-25.08433],[-49.41499,-25.08382],[-49.4155,-25.08326],[-49.41626,-25.08274],[-49.41719,-25.08233],[-49.41761,-25.08197],[-49.41798,-25.08152],[-49.41828,-25.08099],[-49.41857,-25.08105],[-49.41887,-25.08098],[-49.4192,-25.08084],[-49.41973,-25.08059],[-49.42041,-25.08005],[-49.42141,-25.07941],[-49.42184,-25.07926],[-49.42222,-25.0791],[-49.42266,-25.07903],[-49.42291,-25.07905],[-49.42309,-25.07921],[-49.42328,-25.07933],[-49.42355,-25.07934],[-49.42384,-25.07927],[-49.42404,-25.07934],[-49.42478,-25.07936],[-49.42505,-25.07927],[-49.42525,-25.07911],[-49.42539,-25.07864],[-49.4254,-25.07798],[-49.42548,-25.07752],[-49.426,-25.07688],[-49.42662,-25.0762],[-49.42661,-25.07605],[-49.42639,-25.07577],[-49.42619,-25.07532],[-49.42648,-25.07504],[-49.42669,-25.07471],[-49.42702,-25.07421],[-49.42765,-25.07381],[-49.42832,-25.07349],[-49.42891,-25.07326],[-49.42914,-25.07336],[-49.42932,-25.0736],[-49.4298,-25.07404],[-49.4302,-25.07467],[-49.43034,-25.07474],[-49.4305,-25.07466],[-49.43182,-25.07405],[-49.43229,-25.07402],[-49.43271,-25.07382],[-49.43296,-25.07371],[-49.43329,-25.07371],[-49.43427,-25.0732],[-49.4353,-25.07238],[-49.4362,-25.07157],[-49.43688,-25.07083],[-49.4372,-25.07029],[-49.43754,-25.06988],[-49.43782,-25.06979],[-49.43857,-25.06977],[-49.43912,-25.06988],[-49.43982,-25.07005],[-49.44076,-25.06969],[-49.44173,-25.0693],[-49.44248,-25.06909],[-49.44288,-25.06915],[-49.44366,-25.06965],[-49.44387,-25.07001],[-49.44402,-25.07048],[-49.44425,-25.07068],[-49.44464,-25.07113],[-49.4449,-25.07154],[-49.44545,-25.07185],[-49.44611,-25.07239],[-49.44651,-25.07264],[-49.44699,-25.07284],[-49.44715,-25.07303],[-49.44742,-25.07334],[-49.44756,-25.0735],[-49.44773,-25.07355],[-49.44801,-25.07371],[-49.4481,-25.07417],[-49.44814,-25.07458],[-49.4485,-25.07543],[-49.4486,-25.07591],[-49.44821,-25.07652],[-49.44805,-25.07661],[-49.44741,-25.07671],[-49.44711,-25.0768],[-49.44679,-25.07677],[-49.44633,-25.07703],[-49.44594,-25.07727],[-49.44558,-25.0777],[-49.44507,-25.07803],[-49.44456,-25.07816],[-49.44382,-25.07857],[-49.44354,-25.07878],[-49.44335,-25.0791],[-49.44289,-25.07951],[-49.44263,-25.07992],[-49.44247,-25.08002],[-49.44229,-25.0801],[-49.44205,-25.08012],[-49.44189,-25.08002],[-49.44186,-25.07971],[-49.4419,-25.07946],[-49.44185,-25.07929],[-49.44175,-25.0791],[-49.44152,-25.07902],[-49.44135,-25.07894],[-49.44115,-25.07894],[-49.44076,-25.07917],[-49.44051,-25.0796],[-49.44029,-25.0798],[-49.44014,-25.07984],[-49.4399,-25.07978],[-49.43975,-25.07962],[-49.43949,-25.07931],[-49.43917,-25.07909],[-49.43892,-25.07873],[-49.43858,-25.07859],[-49.43809,-25.07856],[-49.43768,-25.07868],[-49.43759,-25.07902],[-49.4376,-25.07938],[-49.43748,-25.07972],[-49.43774,-25.08018],[-49.43819,-25.08066],[-49.43821,-25.08137],[-49.43808,-25.08188],[-49.43771,-25.08223],[-49.43759,-25.08247],[-49.43759,-25.08275],[-49.43765,-25.08311],[-49.43776,-25.08323],[-49.43808,-25.0834],[-49.43851,-25.08384],[-49.4386,-25.0847],[-49.43857,-25.08491],[-49.4384,-25.08516],[-49.43794,-25.08539],[-49.4376,-25.08556],[-49.43731,-25.08612],[-49.4372,-25.08639],[-49.43732,-25.08663],[-49.43776,-25.08714],[-49.4383,-25.0879],[-49.43853,-25.08819],[-49.43863,-25.08849],[-49.43866,-25.08861],[-49.43856,-25.08871],[-49.43821,-25.08871],[-49.43751,-25.08835],[-49.43706,-25.0882],[-49.43676,-25.08829],[-49.43664,-25.0884],[-49.43654,-25.08853],[-49.4365,-25.08889],[-49.43659,-25.08945],[-49.43657,-25.08966],[-49.43641,-25.08982],[-49.43553,-25.09027],[-49.43514,-25.09077],[-49.43472,-25.09104],[-49.43425,-25.09123],[-49.43341,-25.09158],[-49.43264,-25.09184],[-49.43216,-25.09191],[-49.4317,-25.09184],[-49.43116,-25.09167],[-49.43086,-25.09144],[-49.43064,-25.09139],[-49.4303,-25.09116],[-49.43012,-25.09119],[-49.42985,-25.09134],[-49.42942,-25.0915],[-49.42917,-25.09168],[-49.42907,-25.09187],[-49.42909,-25.09221],[-49.42934,-25.09281],[-49.42952,-25.09302],[-49.42989,-25.09317],[-49.4302,-25.0934],[-49.43046,-25.0936],[-49.43098,-25.09383],[-49.43131,-25.09395],[-49.43197,-25.094],[-49.4326,-25.09389],[-49.43279,-25.09395],[-49.43302,-25.0941],[-49.43304,-25.0942],[-49.43285,-25.09429],[-49.43284,-25.0944],[-49.43295,-25.09464],[-49.43336,-25.09518],[-49.43359,-25.09536],[-49.43375,-25.0956],[-49.43423,-25.09589],[-49.43494,-25.09636],[-49.43546,-25.09685],[-49.43591,-25.09712],[-49.4367,-25.09757],[-49.43743,-25.09814],[-49.43855,-25.099],[-49.43923,-25.09969],[-49.43961,-25.10002],[-49.43973,-25.10022],[-49.43992,-25.10049],[-49.44006,-25.10086],[-49.44028,-25.10132],[-49.44045,-25.10155],[-49.44055,-25.10174],[-49.44068,-25.10246],[-49.4408,-25.1026],[-49.44186,-25.10361],[-49.44221,-25.10388],[-49.44254,-25.10425],[-49.44286,-25.1048],[-49.44295,-25.10507],[-49.44314,-25.10528],[-49.44363,-25.10539],[-49.4441,-25.10534],[-49.44494,-25.10536],[-49.44541,-25.10534],[-49.4459,-25.1052],[-49.44622,-25.10514],[-49.44654,-25.10523],[-49.44697,-25.10578],[-49.44705,-25.10599],[-49.44716,-25.10626],[-49.44735,-25.10647],[-49.44757,-25.10667],[-49.44796,-25.10681],[-49.44832,-25.10691],[-49.44847,-25.10688],[-49.44878,-25.1067],[-49.44901,-25.10657],[-49.44943,-25.10656],[-49.44973,-25.10674],[-49.44988,-25.10715],[-49.45005,-25.10737],[-49.45031,-25.10762],[-49.45041,-25.1079],[-49.45054,-25.10835],[-49.45072,-25.10867],[-49.45105,-25.10915],[-49.45154,-25.10957]]}},{"type":"Feature","properties":{"n":"","h":"unclassified"},"geometry":{"type":"LineString","coordinates":[[-49.40273,-25.09424],[-49.40248,-25.09437],[-49.40153,-25.09455],[-49.40065,-25.09457]]}},{"type":"Feature","properties":{"n":"","h":"unclassified"},"geometry":{"type":"LineString","coordinates":[[-49.25731,-25.14884],[-49.25735,-25.149],[-49.25735,-25.14923],[-49.25723,-25.14951],[-49.25691,-25.14973],[-49.25682,-25.14982],[-49.25681,-25.14992],[-49.25683,-25.15001],[-49.25696,-25.1501],[-49.25704,-25.15025],[-49.25711,-25.15083],[-49.25711,-25.15105],[-49.257,-25.15126],[-49.2565,-25.15195],[-49.25642,-25.15213],[-49.25627,-25.15252],[-49.25617,-25.15264],[-49.25545,-25.1533],[-49.25511,-25.15351],[-49.25475,-25.15384],[-49.25446,-25.15395],[-49.25433,-25.15414],[-49.25403,-25.15463],[-49.25392,-25.15483],[-49.25381,-25.15504],[-49.25348,-25.15538],[-49.2534,-25.15546],[-49.25339,-25.15555],[-49.25337,-25.15582],[-49.2528,-25.15693],[-49.25274,-25.15713],[-49.2527,-25.15734],[-49.25258,-25.15743],[-49.25224,-25.15751],[-49.25207,-25.15757],[-49.25174,-25.15755],[-49.25167,-25.15757],[-49.25165,-25.15759],[-49.25164,-25.15765],[-49.2516,-25.15809],[-49.25147,-25.15845],[-49.25144,-25.15856],[-49.25148,-25.1587],[-49.25162,-25.15887],[-49.25167,-25.159],[-49.25161,-25.15916],[-49.2515,-25.15932],[-49.25149,-25.15941],[-49.25155,-25.15951],[-49.25164,-25.1596],[-49.2521,-25.15978],[-49.2523,-25.15989],[-49.25239,-25.16008],[-49.25237,-25.16029],[-49.25214,-25.16114],[-49.25214,-25.16125],[-49.25218,-25.16136],[-49.2523,-25.16158],[-49.25238,-25.16183],[-49.25244,-25.16207],[-49.25257,-25.1623],[-49.25261,-25.16243],[-49.25266,-25.16261],[-49.25265,-25.16298],[-49.25258,-25.1633],[-49.25249,-25.16349],[-49.25232,-25.16376],[-49.2523,-25.16387],[-49.25233,-25.16396],[-49.2524,-25.16405],[-49.25253,-25.16414],[-49.25278,-25.16423],[-49.25328,-25.1644],[-49.25348,-25.16452],[-49.2536,-25.16463],[-49.25368,-25.16474],[-49.25382,-25.16501],[-49.25388,-25.1651],[-49.25401,-25.1652],[-49.25412,-25.16528],[-49.25456,-25.16566],[-49.25471,-25.16578],[-49.25508,-25.16601],[-49.25529,-25.1662],[-49.25543,-25.16627],[-49.2557,-25.16635],[-49.25584,-25.16638],[-49.25598,-25.16639],[-49.25609,-25.16643],[-49.25621,-25.16651],[-49.25655,-25.16681],[-49.25687,-25.16714],[-49.25701,-25.16736],[-49.25715,-25.16767],[-49.25735,-25.16815],[-49.25741,-25.1684],[-49.25741,-25.16894],[-49.25739,-25.16902],[-49.25733,-25.16913],[-49.25716,-25.16941],[-49.25709,-25.16963],[-49.25707,-25.16995],[-49.2571,-25.1701],[-49.25718,-25.1703],[-49.25755,-25.17109]]}},{"type":"Feature","properties":{"n":"","h":"unclassified"},"geometry":{"type":"LineString","coordinates":[[-49.24031,-25.14238],[-49.24022,-25.14238],[-49.24014,-25.14238],[-49.24005,-25.14238],[-49.23976,-25.14237],[-49.2395,-25.14239],[-49.23923,-25.14243],[-49.2388,-25.14241],[-49.2379,-25.14233],[-49.23773,-25.14224],[-49.23748,-25.14208],[-49.23735,-25.14206],[-49.23716,-25.14203],[-49.23697,-25.14198],[-49.23691,-25.14192],[-49.23674,-25.14183],[-49.23655,-25.14177],[-49.23646,-25.14169],[-49.2364,-25.14162],[-49.23636,-25.14153],[-49.2362,-25.14125],[-49.23592,-25.14094],[-49.23527,-25.14046],[-49.23467,-25.14004],[-49.23396,-25.13965],[-49.23358,-25.13946],[-49.23307,-25.13915],[-49.2328,-25.13896],[-49.23264,-25.13887],[-49.23221,-25.13861],[-49.23217,-25.13854],[-49.23219,-25.13846],[-49.23223,-25.13827],[-49.23226,-25.13703],[-49.23224,-25.13692],[-49.2322,-25.13687],[-49.23207,-25.13674],[-49.2314,-25.13643],[-49.23121,-25.1364],[-49.23098,-25.13646],[-49.23069,-25.13659],[-49.23048,-25.13663],[-49.23037,-25.13658],[-49.23031,-25.13649],[-49.23025,-25.1362],[-49.23013,-25.13589]]}},{"type":"Feature","properties":{"n":"","h":"track"},"geometry":{"type":"LineString","coordinates":[[-49.22756,-25.15095],[-49.2274,-25.15121],[-49.22733,-25.15127],[-49.22723,-25.15128],[-49.22671,-25.15132],[-49.22642,-25.1513],[-49.22622,-25.15134],[-49.22594,-25.15147],[-49.22569,-25.15167],[-49.22531,-25.15183],[-49.22511,-25.15189],[-49.22498,-25.15198],[-49.22479,-25.15221],[-49.22476,-25.1523],[-49.22472,-25.15262],[-49.22475,-25.15269],[-49.2248,-25.15279],[-49.22478,-25.15286],[-49.22473,-25.15289],[-49.22392,-25.1532],[-49.22346,-25.15344],[-49.2234,-25.15351],[-49.22335,-25.15363],[-49.22333,-25.15375],[-49.22334,-25.15388],[-49.22327,-25.15401],[-49.2231,-25.15412],[-49.22246,-25.15446],[-49.22141,-25.1549],[-49.22122,-25.15505],[-49.22085,-25.15537],[-49.22077,-25.15554],[-49.22075,-25.15587],[-49.22084,-25.15601],[-49.22096,-25.15626],[-49.22098,-25.15642],[-49.22086,-25.15777],[-49.22081,-25.15791],[-49.22072,-25.15802],[-49.22068,-25.15814],[-49.22063,-25.15824],[-49.22051,-25.15832],[-49.22028,-25.15839],[-49.21997,-25.15862],[-49.21981,-25.15887],[-49.21949,-25.15953],[-49.21947,-25.15961],[-49.21951,-25.15971],[-49.21971,-25.16011],[-49.21981,-25.1602],[-49.22012,-25.16039],[-49.22015,-25.16045],[-49.22012,-25.16056],[-49.22003,-25.16066],[-49.21986,-25.16076],[-49.21965,-25.16079],[-49.21951,-25.16082],[-49.21937,-25.1609],[-49.21909,-25.16109],[-49.21891,-25.16118],[-49.21873,-25.16138],[-49.2186,-25.16146]]}},{"type":"Feature","properties":{"n":"","h":"unclassified"},"geometry":{"type":"LineString","coordinates":[[-49.23013,-25.13589],[-49.22988,-25.13551],[-49.22967,-25.13531],[-49.22945,-25.13511],[-49.22893,-25.13454],[-49.22874,-25.13424],[-49.22849,-25.13395],[-49.22823,-25.13373],[-49.2279,-25.13356],[-49.22702,-25.13324],[-49.22678,-25.13318],[-49.22668,-25.13308],[-49.22646,-25.13291],[-49.22621,-25.13279],[-49.22612,-25.13269],[-49.2257,-25.13234],[-49.22549,-25.13219],[-49.22449,-25.13179],[-49.22362,-25.13141],[-49.22352,-25.13134],[-49.22347,-25.13125],[-49.2234,-25.13122]]}},{"type":"Feature","properties":{"n":"","h":"unclassified"},"geometry":{"type":"LineString","coordinates":[[-49.40044,-25.06449],[-49.40071,-25.06476],[-49.40088,-25.06493],[-49.40097,-25.06497],[-49.40106,-25.06493],[-49.40115,-25.06484],[-49.40141,-25.06444],[-49.40151,-25.06439],[-49.40171,-25.06442],[-49.40196,-25.06456],[-49.40208,-25.06471],[-49.40218,-25.06499],[-49.40225,-25.0652],[-49.4025,-25.06542],[-49.40283,-25.06557],[-49.40323,-25.06565],[-49.40376,-25.0656],[-49.40418,-25.06551],[-49.40456,-25.0654],[-49.40507,-25.0652],[-49.40549,-25.06505],[-49.4059,-25.06481],[-49.40601,-25.06479],[-49.4061,-25.06483],[-49.40612,-25.06497],[-49.40609,-25.0653],[-49.40611,-25.06559],[-49.40619,-25.06602],[-49.40616,-25.06618],[-49.406,-25.06651],[-49.40591,-25.06684],[-49.40592,-25.06699],[-49.40598,-25.06709],[-49.40613,-25.06712],[-49.40626,-25.06709],[-49.40652,-25.06687],[-49.40681,-25.06676],[-49.40702,-25.06676],[-49.40716,-25.0668],[-49.40726,-25.06693],[-49.40734,-25.06725],[-49.40744,-25.06745],[-49.40762,-25.06761],[-49.40787,-25.06772],[-49.40811,-25.06786],[-49.4082,-25.068],[-49.40824,-25.06827],[-49.40827,-25.06849],[-49.40842,-25.06878],[-49.40873,-25.06911],[-49.40903,-25.06944],[-49.40908,-25.06962],[-49.40907,-25.07005],[-49.40897,-25.07024],[-49.409,-25.0703],[-49.40908,-25.07031],[-49.40932,-25.07026],[-49.40948,-25.07031],[-49.40965,-25.0703],[-49.40978,-25.07016],[-49.40996,-25.06993],[-49.41006,-25.06967],[-49.41016,-25.0695],[-49.41032,-25.06932],[-49.41051,-25.06921],[-49.41074,-25.06905],[-49.41103,-25.06876],[-49.41111,-25.0686],[-49.41129,-25.06833],[-49.41167,-25.06786],[-49.41184,-25.06773],[-49.41199,-25.0677],[-49.4123,-25.06779],[-49.41255,-25.06781],[-49.41279,-25.0679],[-49.4133,-25.06809],[-49.41366,-25.0682],[-49.41408,-25.06826],[-49.41429,-25.06834],[-49.41445,-25.06861],[-49.41471,-25.069],[-49.415,-25.06922],[-49.41555,-25.06961],[-49.41574,-25.06984],[-49.41615,-25.07023],[-49.41647,-25.07041],[-49.41727,-25.07116],[-49.41769,-25.07152],[-49.41822,-25.07185],[-49.4187,-25.07186],[-49.41887,-25.07185],[-49.41944,-25.0716],[-49.41984,-25.07149],[-49.42029,-25.07154],[-49.42063,-25.07161],[-49.42078,-25.07165],[-49.4209,-25.0716]]}},{"type":"Feature","properties":{"n":"","h":"unclassified"},"geometry":{"type":"LineString","coordinates":[[-49.46107,-25.04961],[-49.46064,-25.05004],[-49.46035,-25.05024],[-49.46002,-25.05034],[-49.45978,-25.05034],[-49.45954,-25.0504],[-49.45939,-25.05037],[-49.4592,-25.05023],[-49.45892,-25.05001],[-49.45865,-25.04989],[-49.45832,-25.04973],[-49.45811,-25.04975],[-49.45797,-25.04987],[-49.45778,-25.05026],[-49.45765,-25.05053],[-49.45745,-25.0507],[-49.45712,-25.05092],[-49.45694,-25.05112],[-49.45683,-25.05145],[-49.45668,-25.05162],[-49.45649,-25.05185],[-49.45623,-25.05201],[-49.45587,-25.05224],[-49.45568,-25.05251],[-49.45545,-25.05264],[-49.4552,-25.0528],[-49.45499,-25.053],[-49.45474,-25.05328],[-49.45432,-25.05361],[-49.45398,-25.05389],[-49.45376,-25.05429],[-49.45374,-25.05456],[-49.45368,-25.05481],[-49.45355,-25.05512],[-49.45326,-25.05541],[-49.45318,-25.05557],[-49.45316,-25.05568],[-49.45309,-25.05574],[-49.45282,-25.05577]]}},{"type":"Feature","properties":{"n":"","h":"unclassified"},"geometry":{"type":"LineString","coordinates":[[-49.45307,-25.03537],[-49.45327,-25.03532],[-49.45348,-25.03531],[-49.45378,-25.03539],[-49.45414,-25.03549],[-49.4545,-25.0357],[-49.45466,-25.03587],[-49.4547,-25.036],[-49.4547,-25.03614],[-49.45475,-25.03623],[-49.45503,-25.03635],[-49.45514,-25.03643],[-49.45536,-25.03688],[-49.4557,-25.0374],[-49.45595,-25.03779],[-49.45616,-25.03811],[-49.45622,-25.03831],[-49.45622,-25.03847],[-49.45618,-25.03888],[-49.45633,-25.03939],[-49.45641,-25.03962],[-49.45645,-25.03979],[-49.45645,-25.04007],[-49.45643,-25.0404],[-49.45649,-25.0407],[-49.45658,-25.04105],[-49.45667,-25.04127],[-49.45679,-25.04142],[-49.45697,-25.04156],[-49.4571,-25.04167],[-49.4572,-25.04187],[-49.45733,-25.04207],[-49.45748,-25.04238],[-49.45755,-25.04263],[-49.45757,-25.04276],[-49.45755,-25.04296],[-49.45759,-25.04313],[-49.4577,-25.04336],[-49.45777,-25.04354],[-49.45777,-25.04364],[-49.45768,-25.04392],[-49.45765,-25.04403],[-49.45762,-25.04429],[-49.45753,-25.04445],[-49.45749,-25.0446],[-49.45747,-25.04487],[-49.4575,-25.04501],[-49.45759,-25.04509],[-49.45777,-25.04519],[-49.45793,-25.04528],[-49.45832,-25.04539],[-49.45866,-25.04551],[-49.45891,-25.04561],[-49.45906,-25.04565],[-49.45919,-25.04567],[-49.45942,-25.04566],[-49.45975,-25.0456],[-49.46009,-25.04559],[-49.46017,-25.04565],[-49.46019,-25.04573],[-49.4601,-25.0459],[-49.46009,-25.04604],[-49.46019,-25.04629],[-49.46038,-25.0465],[-49.46057,-25.04673],[-49.46061,-25.04688],[-49.46064,-25.04707],[-49.46061,-25.04731],[-49.46052,-25.04756],[-49.46037,-25.04787],[-49.46016,-25.04819],[-49.45987,-25.04859],[-49.45976,-25.04875],[-49.45972,-25.04899],[-49.45974,-25.04907]]}},{"type":"Feature","properties":{"n":"","h":"unclassified"},"geometry":{"type":"LineString","coordinates":[[-49.40287,-25.09169],[-49.40273,-25.09234],[-49.40268,-25.09251],[-49.40261,-25.09259]]}},{"type":"Feature","properties":{"n":"","h":"unclassified"},"geometry":{"type":"LineString","coordinates":[[-49.40065,-25.09593],[-49.40057,-25.09654],[-49.40054,-25.0969],[-49.40046,-25.09709],[-49.40033,-25.09727],[-49.40012,-25.09748],[-49.39995,-25.09757],[-49.39992,-25.09765],[-49.39994,-25.09774],[-49.40009,-25.09781],[-49.40049,-25.09776],[-49.40097,-25.09777],[-49.40113,-25.09782],[-49.40151,-25.09801],[-49.40186,-25.09817],[-49.40205,-25.0982],[-49.4021,-25.09819],[-49.40215,-25.09817],[-49.40218,-25.09813],[-49.40237,-25.09784],[-49.4024,-25.0978],[-49.40253,-25.09763],[-49.40257,-25.09756],[-49.40266,-25.09741],[-49.40277,-25.097],[-49.40282,-25.0968],[-49.40296,-25.09668],[-49.40321,-25.09662],[-49.40365,-25.09651],[-49.40392,-25.09641],[-49.40434,-25.09625],[-49.40479,-25.09608],[-49.40512,-25.09596],[-49.40524,-25.09593],[-49.40555,-25.09586],[-49.4059,-25.09572],[-49.40626,-25.09552],[-49.40637,-25.0955],[-49.40644,-25.09557],[-49.40645,-25.09564],[-49.40624,-25.0959],[-49.4061,-25.09608],[-49.40604,-25.09623],[-49.40606,-25.09647],[-49.4062,-25.09667],[-49.40648,-25.09687],[-49.40685,-25.09715],[-49.40704,-25.09732],[-49.40727,-25.09759],[-49.40746,-25.09785],[-49.40762,-25.0981],[-49.40783,-25.0984],[-49.40818,-25.0987],[-49.40854,-25.09892],[-49.40864,-25.09898],[-49.40881,-25.09921],[-49.40896,-25.09953],[-49.40907,-25.09968],[-49.4092,-25.09989],[-49.40928,-25.10046],[-49.40925,-25.10078],[-49.40931,-25.10097],[-49.41006,-25.10197]]}},{"type":"Feature","properties":{"n":"","h":"unclassified"},"geometry":{"type":"LineString","coordinates":[[-49.28646,-25.16677],[-49.28597,-25.16679],[-49.28537,-25.16667],[-49.28506,-25.16668],[-49.2848,-25.16671],[-49.28461,-25.16666],[-49.28436,-25.16636],[-49.28423,-25.16628],[-49.28412,-25.16625],[-49.28398,-25.16617],[-49.28389,-25.16601],[-49.28374,-25.16587],[-49.28291,-25.16524],[-49.28282,-25.16516],[-49.2828,-25.1651],[-49.28279,-25.16475],[-49.28274,-25.16466],[-49.28263,-25.16458],[-49.28252,-25.16454],[-49.28227,-25.16448],[-49.28187,-25.1644],[-49.28173,-25.1643],[-49.28169,-25.16418],[-49.28167,-25.16393],[-49.28191,-25.16298],[-49.28191,-25.16279],[-49.28184,-25.16255],[-49.28174,-25.16233],[-49.2816,-25.16219],[-49.28145,-25.16211],[-49.2811,-25.16203],[-49.28086,-25.16199],[-49.2807,-25.16195],[-49.28059,-25.16189],[-49.28046,-25.16179],[-49.28007,-25.16136],[-49.27995,-25.1612],[-49.27986,-25.16112],[-49.2797,-25.16104],[-49.27957,-25.16099],[-49.27938,-25.16096],[-49.27924,-25.16098],[-49.27911,-25.16103],[-49.27904,-25.16111],[-49.27901,-25.16117],[-49.27898,-25.16125],[-49.27903,-25.16155],[-49.27906,-25.16179],[-49.27904,-25.16189],[-49.279,-25.16196],[-49.27891,-25.16201],[-49.27862,-25.16213],[-49.27845,-25.16218],[-49.27834,-25.16219],[-49.27816,-25.16219],[-49.27806,-25.16221],[-49.27797,-25.16226],[-49.27792,-25.16232],[-49.27786,-25.16252],[-49.2778,-25.16262],[-49.27766,-25.16276],[-49.27744,-25.16293],[-49.27738,-25.16298],[-49.2773,-25.16314],[-49.27727,-25.16321],[-49.27722,-25.16323],[-49.27719,-25.16323],[-49.27713,-25.16322],[-49.27708,-25.1632],[-49.27705,-25.16312],[-49.27691,-25.16295],[-49.27678,-25.16286],[-49.27654,-25.16274],[-49.27639,-25.16271],[-49.27623,-25.16271],[-49.27605,-25.16269],[-49.27597,-25.16266]]}},{"type":"Feature","properties":{"n":"","h":"unclassified"},"geometry":{"type":"LineString","coordinates":[[-49.2379,-25.14233],[-49.23781,-25.14234],[-49.23727,-25.1427],[-49.23716,-25.14274],[-49.23705,-25.14275],[-49.23686,-25.14274],[-49.23674,-25.14275],[-49.23664,-25.1428],[-49.23628,-25.14298],[-49.23597,-25.14308],[-49.23583,-25.14316],[-49.23481,-25.14392],[-49.2347,-25.14396],[-49.23456,-25.14396],[-49.23439,-25.14401],[-49.23429,-25.14411],[-49.23422,-25.14422],[-49.23423,-25.14437],[-49.23419,-25.1445],[-49.23411,-25.14461],[-49.23396,-25.14471],[-49.23383,-25.14475],[-49.23366,-25.14478]]}},{"type":"Feature","properties":{"n":"","h":"unclassified"},"geometry":{"type":"LineString","coordinates":[[-49.26048,-25.12768],[-49.26022,-25.12758],[-49.26017,-25.12754],[-49.26016,-25.12751],[-49.26017,-25.12747],[-49.26025,-25.12736],[-49.2603,-25.12721],[-49.26032,-25.12713],[-49.26038,-25.12705],[-49.26049,-25.127],[-49.26056,-25.12691],[-49.26069,-25.12658],[-49.26077,-25.1265],[-49.26084,-25.12641],[-49.26082,-25.1263],[-49.26082,-25.12619],[-49.26089,-25.12612],[-49.26115,-25.12602],[-49.26116,-25.12599],[-49.26114,-25.12597],[-49.26112,-25.12597],[-49.26074,-25.12607],[-49.26068,-25.12611],[-49.26036,-25.1264],[-49.26024,-25.12644],[-49.26013,-25.12642],[-49.25991,-25.12633],[-49.25976,-25.12632],[-49.25961,-25.12634],[-49.25952,-25.12639],[-49.25946,-25.12639],[-49.25942,-25.12635],[-49.25944,-25.12625],[-49.25953,-25.12615],[-49.2597,-25.12604],[-49.25978,-25.12595],[-49.25988,-25.12575],[-49.26,-25.12561],[-49.26014,-25.12551],[-49.26032,-25.12544],[-49.2604,-25.12536],[-49.26044,-25.12525],[-49.26043,-25.12508],[-49.26039,-25.12486],[-49.26038,-25.12472],[-49.26035,-25.12423],[-49.26036,-25.12405],[-49.26043,-25.12392],[-49.26056,-25.12375],[-49.26076,-25.12358],[-49.2608,-25.1235],[-49.26081,-25.12341],[-49.26079,-25.12335],[-49.26062,-25.12312],[-49.26054,-25.12287]]}},{"type":"Feature","properties":{"n":"","h":"unclassified"},"geometry":{"type":"LineString","coordinates":[[-49.28884,-25.15165],[-49.28832,-25.15133],[-49.28755,-25.15045],[-49.28724,-25.14982],[-49.28707,-25.14952],[-49.28687,-25.14928],[-49.28667,-25.14916],[-49.28624,-25.149],[-49.28587,-25.1488],[-49.28472,-25.14777],[-49.28401,-25.1473],[-49.28313,-25.14691],[-49.28259,-25.14666],[-49.28244,-25.14651],[-49.28224,-25.14626],[-49.28206,-25.14615],[-49.28194,-25.14602],[-49.2819,-25.14588],[-49.28189,-25.14573],[-49.28187,-25.14557],[-49.28132,-25.1444],[-49.28113,-25.14424],[-49.2809,-25.14419],[-49.28056,-25.14424],[-49.28027,-25.14429],[-49.28004,-25.14425],[-49.27979,-25.14419],[-49.27949,-25.14422],[-49.27925,-25.14416],[-49.27909,-25.14401],[-49.27903,-25.14373],[-49.27893,-25.14329],[-49.27879,-25.14312],[-49.27863,-25.14297],[-49.27799,-25.14242],[-49.27793,-25.14234],[-49.27794,-25.14223],[-49.27804,-25.1421],[-49.27806,-25.14198],[-49.27798,-25.14191],[-49.27779,-25.14185],[-49.27707,-25.14193],[-49.27697,-25.14189],[-49.27689,-25.1418],[-49.27651,-25.14128],[-49.27616,-25.141],[-49.27613,-25.14096],[-49.27614,-25.14092],[-49.27618,-25.14092],[-49.2767,-25.14105],[-49.27692,-25.14106],[-49.27699,-25.14103],[-49.27703,-25.14096],[-49.27721,-25.14054],[-49.27749,-25.14009],[-49.27763,-25.13993]]}},{"type":"Feature","properties":{"n":"","h":"unclassified"},"geometry":{"type":"LineString","coordinates":[[-49.54734,-24.97373],[-49.5473,-24.97392],[-49.54721,-24.97407],[-49.54711,-24.9742],[-49.54701,-24.97426],[-49.54671,-24.97432],[-49.54631,-24.97434],[-49.54617,-24.97438],[-49.54608,-24.97447],[-49.54582,-24.9748],[-49.54572,-24.97486],[-49.54554,-24.9749],[-49.54344,-24.97514],[-49.54322,-24.97521],[-49.54283,-24.97537],[-49.54262,-24.97551],[-49.54254,-24.97556],[-49.54245,-24.97557],[-49.54234,-24.97554],[-49.5422,-24.97545],[-49.54206,-24.97539],[-49.5419,-24.97539],[-49.5417,-24.97546],[-49.54162,-24.97552],[-49.54156,-24.97564],[-49.5414,-24.976],[-49.54132,-24.97613],[-49.54116,-24.97625],[-49.54094,-24.97635],[-49.53992,-24.97651],[-49.53969,-24.97658],[-49.53947,-24.9767],[-49.5393,-24.97686],[-49.53926,-24.97697],[-49.53929,-24.97712],[-49.53945,-24.97758],[-49.5396,-24.97779],[-49.53987,-24.97807],[-49.54013,-24.97829],[-49.54053,-24.97851],[-49.5406,-24.9786],[-49.54063,-24.97871],[-49.5406,-24.97883],[-49.54059,-24.97898],[-49.54063,-24.97915],[-49.54081,-24.97966],[-49.54082,-24.97975],[-49.54085,-24.97993],[-49.54088,-24.98002],[-49.54141,-24.98065],[-49.54151,-24.98072],[-49.54167,-24.98077],[-49.54204,-24.98084],[-49.5426,-24.98107],[-49.54373,-24.98125],[-49.54412,-24.98135],[-49.54435,-24.98146],[-49.54451,-24.98163],[-49.54475,-24.982],[-49.54508,-24.9823]]}},{"type":"Feature","properties":{"n":"","h":"unclassified"},"geometry":{"type":"LineString","coordinates":[[-49.55904,-24.95642],[-49.55934,-24.95696],[-49.55935,-24.95702],[-49.55934,-24.9571],[-49.55933,-24.95721],[-49.55934,-24.95732],[-49.55943,-24.95749]]}},{"type":"Feature","properties":{"n":"","h":"unclassified"},"geometry":{"type":"LineString","coordinates":[[-49.56082,-24.95235],[-49.56064,-24.95216],[-49.56053,-24.95202],[-49.56046,-24.95183],[-49.56039,-24.95102],[-49.56025,-24.9503],[-49.56022,-24.94989],[-49.56016,-24.94976],[-49.56,-24.94965],[-49.55967,-24.9495],[-49.55885,-24.9489],[-49.5587,-24.94883],[-49.55853,-24.9488],[-49.55832,-24.94886],[-49.5577,-24.94928],[-49.55758,-24.94934],[-49.55752,-24.94936],[-49.55746,-24.94933],[-49.55739,-24.94921],[-49.55734,-24.94913],[-49.55724,-24.94909],[-49.55716,-24.94907],[-49.55687,-24.94908],[-49.55676,-24.94905],[-49.5562,-24.94867],[-49.55553,-24.94816],[-49.55524,-24.9479],[-49.55512,-24.94782],[-49.555,-24.94779],[-49.55487,-24.94782],[-49.55467,-24.94795]]}},{"type":"Feature","properties":{"n":"","h":"unclassified"},"geometry":{"type":"LineString","coordinates":[[-49.52744,-24.98375],[-49.5274,-24.98386],[-49.5274,-24.98394],[-49.52745,-24.98404],[-49.52782,-24.98453],[-49.52787,-24.98465],[-49.5279,-24.98484],[-49.52792,-24.98521],[-49.52789,-24.98538],[-49.52783,-24.98552],[-49.52699,-24.98625],[-49.52684,-24.98645],[-49.52653,-24.98687],[-49.52646,-24.98693],[-49.52636,-24.98699],[-49.52629,-24.98705],[-49.52627,-24.98711],[-49.52624,-24.9872],[-49.52621,-24.9873],[-49.52616,-24.98739],[-49.52598,-24.98756],[-49.52591,-24.98762],[-49.52588,-24.98768],[-49.52587,-24.98776],[-49.5259,-24.98794],[-49.52588,-24.98802],[-49.5257,-24.98827],[-49.52559,-24.98837],[-49.52498,-24.98865],[-49.52489,-24.98871],[-49.5248,-24.98884],[-49.52473,-24.9891],[-49.52465,-24.98925],[-49.5244,-24.98952],[-49.5241,-24.9897],[-49.52383,-24.98981],[-49.5236,-24.98993],[-49.52328,-24.99013],[-49.52304,-24.99038],[-49.52297,-24.99047],[-49.52289,-24.9905],[-49.52275,-24.99053],[-49.52191,-24.99059],[-49.52114,-24.99065]]}},{"type":"Feature","properties":{"n":"","h":"unclassified"},"geometry":{"type":"LineString","coordinates":[[-49.52243,-24.97672],[-49.52275,-24.9772],[-49.52276,-24.97729],[-49.52271,-24.97736],[-49.52252,-24.97751],[-49.52247,-24.97756],[-49.52245,-24.97763],[-49.52245,-24.97787],[-49.52249,-24.97815],[-49.52267,-24.97864],[-49.52271,-24.9788],[-49.52273,-24.97924],[-49.52271,-24.97955],[-49.52272,-24.97963],[-49.52276,-24.97974],[-49.5229,-24.97992],[-49.52299,-24.97998],[-49.52314,-24.98003],[-49.52356,-24.98011]]}},{"type":"Feature","properties":{"n":"","h":"unclassified"},"geometry":{"type":"LineString","coordinates":[[-49.54781,-24.96266],[-49.54769,-24.96246],[-49.54761,-24.96231],[-49.5476,-24.96221],[-49.54762,-24.96213],[-49.54802,-24.96155],[-49.54804,-24.96148],[-49.54801,-24.96139],[-49.54749,-24.96096]]}},{"type":"Feature","properties":{"n":"","h":"unclassified"},"geometry":{"type":"LineString","coordinates":[[-49.56027,-24.97379],[-49.56016,-24.97375],[-49.56004,-24.9737],[-49.55994,-24.97362],[-49.55987,-24.97353],[-49.55977,-24.97346],[-49.55963,-24.97339],[-49.55951,-24.97338],[-49.55939,-24.97338],[-49.55928,-24.97339],[-49.55918,-24.97337],[-49.55905,-24.97326],[-49.55896,-24.97319],[-49.55883,-24.97314],[-49.55868,-24.97307],[-49.55859,-24.973],[-49.55851,-24.97297],[-49.55822,-24.97292],[-49.55785,-24.97273],[-49.55753,-24.9725],[-49.55745,-24.97237],[-49.55742,-24.97218],[-49.55737,-24.97208],[-49.5569,-24.97172]]}},{"type":"Feature","properties":{"n":"","h":"unclassified"},"geometry":{"type":"LineString","coordinates":[[-49.53917,-24.94915],[-49.53905,-24.9499],[-49.53904,-24.95047],[-49.53919,-24.95139],[-49.53942,-24.95243]]}},{"type":"Feature","properties":{"n":"","h":"residential"},"geometry":{"type":"LineString","coordinates":[[-49.29906,-25.22068],[-49.29904,-25.22074],[-49.29902,-25.22081],[-49.29893,-25.22105],[-49.2989,-25.22136],[-49.29893,-25.2214],[-49.29898,-25.22149],[-49.29901,-25.2216],[-49.29903,-25.22175],[-49.29908,-25.22191]]}},{"type":"Feature","properties":{"n":"","h":"unclassified"},"geometry":{"type":"LineString","coordinates":[[-49.28765,-25.22262],[-49.28732,-25.22221],[-49.28716,-25.22212],[-49.28698,-25.22203],[-49.28695,-25.222],[-49.28694,-25.22189],[-49.28697,-25.22174],[-49.28717,-25.22144],[-49.28722,-25.22134],[-49.28724,-25.2212],[-49.28735,-25.2204],[-49.28749,-25.2201],[-49.2877,-25.2197],[-49.28801,-25.21946],[-49.28831,-25.21933],[-49.28842,-25.21925],[-49.2885,-25.21912],[-49.28852,-25.21896],[-49.28854,-25.21886],[-49.28862,-25.21878],[-49.28872,-25.21876],[-49.28922,-25.2188],[-49.28968,-25.21882],[-49.29004,-25.21878]]}},{"type":"Feature","properties":{"n":"","h":"unclassified"},"geometry":{"type":"LineString","coordinates":[[-49.27109,-25.21062],[-49.27188,-25.21046],[-49.27196,-25.21046],[-49.27211,-25.21049],[-49.27227,-25.21053],[-49.27235,-25.21055],[-49.27239,-25.21058],[-49.27242,-25.21063],[-49.27246,-25.21075],[-49.27249,-25.21091],[-49.27275,-25.2114],[-49.27285,-25.21151],[-49.27291,-25.21154],[-49.27299,-25.21156],[-49.27326,-25.21157],[-49.2736,-25.21164],[-49.27389,-25.21174],[-49.27428,-25.21185],[-49.27438,-25.21187],[-49.27468,-25.21188],[-49.27496,-25.21188],[-49.27514,-25.21185],[-49.27573,-25.21171],[-49.27584,-25.21171],[-49.27593,-25.21173],[-49.2765,-25.21192]]}},{"type":"Feature","properties":{"n":"","h":"unclassified"},"geometry":{"type":"LineString","coordinates":[[-49.27696,-25.21288],[-49.27664,-25.2131]]}},{"type":"Feature","properties":{"n":"","h":"unclassified"},"geometry":{"type":"LineString","coordinates":[[-49.27845,-25.21479],[-49.27822,-25.2147],[-49.2781,-25.21463],[-49.27799,-25.21451],[-49.27777,-25.21415],[-49.27772,-25.214],[-49.27765,-25.21358],[-49.27761,-25.21347],[-49.27755,-25.21339],[-49.2774,-25.21325],[-49.27706,-25.21297],[-49.27696,-25.21288],[-49.27689,-25.21284],[-49.27679,-25.21278],[-49.2766,-25.21268]]}},{"type":"Feature","properties":{"n":"","h":"unclassified"},"geometry":{"type":"LineString","coordinates":[[-49.27564,-25.21426],[-49.27585,-25.214],[-49.27617,-25.21364]]}},{"type":"Feature","properties":{"n":"","h":"unclassified"},"geometry":{"type":"LineString","coordinates":[[-49.25251,-25.17589],[-49.25224,-25.17598],[-49.252,-25.17603],[-49.25179,-25.17606],[-49.2515,-25.17609]]}},{"type":"Feature","properties":{"n":"","h":"unclassified"},"geometry":{"type":"LineString","coordinates":[[-49.24332,-25.16842],[-49.24287,-25.16801],[-49.24276,-25.16794],[-49.24261,-25.1679],[-49.24244,-25.16785],[-49.24233,-25.1678],[-49.24222,-25.16773],[-49.24209,-25.16764],[-49.24199,-25.16761],[-49.24187,-25.16759],[-49.24142,-25.16755],[-49.24129,-25.16751],[-49.24092,-25.16737],[-49.24086,-25.16733],[-49.24082,-25.16729],[-49.24069,-25.16689],[-49.24062,-25.16674],[-49.24057,-25.16669],[-49.24051,-25.16665],[-49.24045,-25.16662],[-49.24036,-25.16662],[-49.23996,-25.16665],[-49.2396,-25.16678],[-49.23948,-25.16682],[-49.23942,-25.16682],[-49.23935,-25.16681],[-49.23927,-25.16676],[-49.23923,-25.16668],[-49.23919,-25.16655],[-49.23915,-25.16636],[-49.23912,-25.16631],[-49.23905,-25.16626],[-49.23899,-25.16625],[-49.23847,-25.16626],[-49.2384,-25.16625],[-49.23835,-25.16621],[-49.23833,-25.16615],[-49.23835,-25.16585],[-49.23834,-25.16581],[-49.23832,-25.16578],[-49.23827,-25.16575],[-49.23818,-25.16568],[-49.23801,-25.16549],[-49.23784,-25.16537],[-49.23771,-25.16531],[-49.23755,-25.16527],[-49.2375,-25.16525],[-49.23745,-25.16521],[-49.23741,-25.16515],[-49.23735,-25.16496],[-49.23731,-25.16487],[-49.23727,-25.16483],[-49.23712,-25.16475],[-49.23706,-25.16471],[-49.23698,-25.16456],[-49.23691,-25.16445],[-49.23667,-25.16421]]}},{"type":"Feature","properties":{"n":"","h":"unclassified"},"geometry":{"type":"LineString","coordinates":[[-49.26825,-25.1667],[-49.26811,-25.1667],[-49.26801,-25.16669],[-49.2679,-25.16665],[-49.26766,-25.16652],[-49.26741,-25.16633],[-49.26731,-25.1662],[-49.26712,-25.1659],[-49.26705,-25.16584],[-49.26668,-25.1655],[-49.26659,-25.16545],[-49.26648,-25.16542],[-49.26621,-25.16539],[-49.26611,-25.16535],[-49.26602,-25.16529],[-49.26595,-25.1652],[-49.26594,-25.16513],[-49.26598,-25.165],[-49.26601,-25.16487],[-49.26602,-25.16479],[-49.266,-25.16474],[-49.26594,-25.16466],[-49.26572,-25.16451],[-49.26521,-25.16413],[-49.26491,-25.1639],[-49.26484,-25.16386],[-49.26476,-25.16383],[-49.26467,-25.16382],[-49.26462,-25.16383],[-49.26456,-25.16386],[-49.26449,-25.16394],[-49.26445,-25.16398],[-49.26441,-25.16398],[-49.26433,-25.16392],[-49.26421,-25.16383],[-49.26414,-25.1638],[-49.26323,-25.16362],[-49.26305,-25.16363],[-49.26293,-25.16367],[-49.26279,-25.16373],[-49.26267,-25.1638],[-49.26224,-25.16417],[-49.26182,-25.1645],[-49.26142,-25.16476]]}},{"type":"Feature","properties":{"n":"","h":"unclassified"},"geometry":{"type":"LineString","coordinates":[[-49.25413,-25.17185],[-49.25384,-25.17163],[-49.25375,-25.17158],[-49.25358,-25.17153],[-49.25346,-25.17148],[-49.25333,-25.1714],[-49.25323,-25.17128],[-49.25311,-25.17115],[-49.25303,-25.17102],[-49.253,-25.17098],[-49.25294,-25.17094],[-49.25275,-25.17089],[-49.25267,-25.17085],[-49.25259,-25.1708],[-49.25244,-25.17048],[-49.25234,-25.17037],[-49.25197,-25.16992],[-49.25176,-25.16973],[-49.25169,-25.1697],[-49.25164,-25.1697],[-49.25157,-25.16971],[-49.2514,-25.1698],[-49.25112,-25.16993]]}},{"type":"Feature","properties":{"n":"","h":"unclassified"},"geometry":{"type":"LineString","coordinates":[[-49.25115,-25.17568],[-49.25117,-25.17547],[-49.25116,-25.17538],[-49.25111,-25.17512],[-49.25111,-25.17491],[-49.25113,-25.17482],[-49.25117,-25.1747],[-49.25125,-25.17459],[-49.25142,-25.17445],[-49.25166,-25.17428],[-49.25173,-25.17421],[-49.25184,-25.17403],[-49.25198,-25.17383],[-49.25208,-25.17375],[-49.25219,-25.17371],[-49.25235,-25.17368],[-49.25279,-25.17363],[-49.25286,-25.1736],[-49.2529,-25.17354],[-49.25298,-25.17326],[-49.25301,-25.17316],[-49.25306,-25.17302],[-49.25312,-25.1727],[-49.25316,-25.17242],[-49.25321,-25.17235],[-49.25329,-25.17227],[-49.25338,-25.17223],[-49.25393,-25.17204],[-49.25402,-25.17198],[-49.25413,-25.17185],[-49.25435,-25.17163]]}},{"type":"Feature","properties":{"n":"","h":"unclassified"},"geometry":{"type":"LineString","coordinates":[[-49.25306,-25.16833],[-49.25296,-25.16812],[-49.25294,-25.16805],[-49.25295,-25.16797],[-49.25298,-25.16787],[-49.25315,-25.16769],[-49.25317,-25.16763],[-49.25316,-25.16759],[-49.25312,-25.16757],[-49.25253,-25.16753],[-49.25239,-25.16751],[-49.25231,-25.16749],[-49.25203,-25.16731],[-49.25169,-25.16716],[-49.25159,-25.16713],[-49.25151,-25.16712],[-49.25138,-25.16713],[-49.25113,-25.16721],[-49.25094,-25.16724],[-49.25069,-25.16731]]}},{"type":"Feature","properties":{"n":"","h":"unclassified"},"geometry":{"type":"LineString","coordinates":[[-49.25419,-25.17153],[-49.25398,-25.1714],[-49.25389,-25.17132],[-49.25383,-25.17126],[-49.2538,-25.1712],[-49.2538,-25.17103],[-49.25383,-25.17077],[-49.25382,-25.17071],[-49.25378,-25.17065],[-49.25372,-25.17059],[-49.25346,-25.17036],[-49.2534,-25.17029],[-49.25333,-25.17015],[-49.25328,-25.16991],[-49.25329,-25.16978],[-49.25335,-25.1694],[-49.25333,-25.1692],[-49.25326,-25.16887],[-49.25306,-25.16833],[-49.25304,-25.16815],[-49.25306,-25.16803],[-49.25309,-25.16796],[-49.25317,-25.16788],[-49.25337,-25.16774],[-49.25343,-25.16766],[-49.25345,-25.16759],[-49.25343,-25.16752],[-49.25339,-25.16746],[-49.25328,-25.16739],[-49.25297,-25.16726],[-49.25285,-25.16719],[-49.25263,-25.16701],[-49.25214,-25.16644],[-49.25187,-25.16614],[-49.25171,-25.16595],[-49.25151,-25.16578],[-49.25139,-25.16565],[-49.25132,-25.16555],[-49.25118,-25.1653],[-49.25113,-25.16525],[-49.25109,-25.16522],[-49.25099,-25.1652],[-49.25064,-25.16516],[-49.25036,-25.16512],[-49.2503,-25.16511],[-49.25025,-25.16512],[-49.25017,-25.16513],[-49.25007,-25.16516],[-49.24998,-25.16516],[-49.24992,-25.16515],[-49.24982,-25.1651],[-49.24971,-25.16501],[-49.24962,-25.16483],[-49.2496,-25.16471],[-49.24962,-25.16464],[-49.24969,-25.16455],[-49.24971,-25.1645],[-49.24971,-25.16442],[-49.24976,-25.16419],[-49.24974,-25.16406],[-49.24973,-25.16396],[-49.24974,-25.16384],[-49.24978,-25.1637],[-49.24978,-25.16358],[-49.24976,-25.16351],[-49.24972,-25.16345],[-49.24964,-25.1634],[-49.24926,-25.16323],[-49.24917,-25.16317],[-49.24909,-25.16312],[-49.24896,-25.16309],[-49.24838,-25.16293],[-49.24829,-25.16289],[-49.24823,-25.16284],[-49.2482,-25.16276],[-49.24813,-25.16235],[-49.24814,-25.16226],[-49.2482,-25.16213],[-49.24828,-25.16204],[-49.24844,-25.16184],[-49.24844,-25.16178],[-49.24844,-25.16169],[-49.24841,-25.16136],[-49.24842,-25.16124],[-49.24845,-25.16118],[-49.24851,-25.1611],[-49.24873,-25.16096],[-49.24878,-25.1609],[-49.24879,-25.16083],[-49.24877,-25.16076],[-49.24875,-25.16071],[-49.2487,-25.16067],[-49.24863,-25.16066],[-49.24823,-25.16072],[-49.24806,-25.16071],[-49.24784,-25.16069],[-49.24767,-25.16063],[-49.24748,-25.16052],[-49.24732,-25.16041],[-49.24724,-25.16031],[-49.24707,-25.15999],[-49.24699,-25.15989],[-49.24685,-25.15976],[-49.24671,-25.15964],[-49.24665,-25.15954],[-49.24665,-25.15948],[-49.24664,-25.15943],[-49.24667,-25.15938],[-49.24721,-25.15889],[-49.24732,-25.15878],[-49.24736,-25.15872],[-49.24737,-25.15867],[-49.24734,-25.15859],[-49.24727,-25.15845],[-49.24716,-25.15829],[-49.24707,-25.15823],[-49.24697,-25.15819],[-49.24688,-25.15818],[-49.24663,-25.15816],[-49.24648,-25.15818],[-49.24607,-25.15824],[-49.24598,-25.15825],[-49.24591,-25.15825],[-49.24584,-25.15822],[-49.2457,-25.15801],[-49.24564,-25.15796],[-49.24557,-25.15793],[-49.24547,-25.15792],[-49.24538,-25.15791],[-49.24527,-25.15794],[-49.24523,-25.15797],[-49.24499,-25.15822],[-49.24477,-25.15834],[-49.24464,-25.1584],[-49.24455,-25.15842],[-49.24446,-25.15842],[-49.24437,-25.15841],[-49.2442,-25.15832],[-49.24401,-25.15822],[-49.24393,-25.15816],[-49.24386,-25.15807],[-49.24383,-25.15794]]}},{"type":"Feature","properties":{"n":"","h":"tertiary"},"geometry":{"type":"LineString","coordinates":[[-49.22829,-25.20606],[-49.22814,-25.20597],[-49.22796,-25.2059],[-49.22732,-25.20565],[-49.22666,-25.20529],[-49.22642,-25.20519],[-49.22629,-25.20519],[-49.22617,-25.2052],[-49.22601,-25.20526],[-49.2259,-25.20533]]}},{"type":"Feature","properties":{"n":"","h":"tertiary"},"geometry":{"type":"LineString","coordinates":[[-49.2462,-25.21907],[-49.24639,-25.21853],[-49.24649,-25.21765],[-49.24614,-25.21667],[-49.24598,-25.21623],[-49.246,-25.21554],[-49.24591,-25.2151],[-49.24563,-25.21449],[-49.24552,-25.21431],[-49.24541,-25.2142],[-49.24496,-25.21389],[-49.24467,-25.21372],[-49.24424,-25.21329],[-49.24404,-25.21312],[-49.24387,-25.21302],[-49.24372,-25.21295],[-49.2431,-25.21278],[-49.24285,-25.21272],[-49.24256,-25.2127],[-49.24235,-25.21267],[-49.24217,-25.2126],[-49.24207,-25.21252],[-49.24183,-25.21222],[-49.24173,-25.21211],[-49.24165,-25.21203],[-49.24123,-25.21184],[-49.24075,-25.21159],[-49.24053,-25.21142],[-49.24029,-25.21129],[-49.23999,-25.21115],[-49.23984,-25.21107],[-49.23966,-25.21092],[-49.23943,-25.21073],[-49.23933,-25.21066],[-49.2392,-25.2106],[-49.23909,-25.21058],[-49.23896,-25.21059],[-49.23876,-25.21058],[-49.23856,-25.21056],[-49.23847,-25.21052],[-49.23833,-25.21043],[-49.23725,-25.20958],[-49.23707,-25.20945],[-49.23691,-25.20937],[-49.23657,-25.20924],[-49.2364,-25.20916],[-49.2363,-25.20908],[-49.23624,-25.20899],[-49.23614,-25.20871],[-49.23604,-25.20843],[-49.23599,-25.2083],[-49.23592,-25.20818],[-49.23584,-25.20812],[-49.23555,-25.20797],[-49.23482,-25.2076],[-49.2341,-25.20715],[-49.23393,-25.20701],[-49.23386,-25.20692],[-49.23376,-25.20672],[-49.2337,-25.2066],[-49.23363,-25.20653],[-49.23332,-25.2063],[-49.2332,-25.20622],[-49.23308,-25.20616],[-49.23253,-25.20607],[-49.23086,-25.20591],[-49.22972,-25.20582],[-49.2295,-25.20583],[-49.22926,-25.20588],[-49.22905,-25.20595],[-49.22875,-25.20603],[-49.22859,-25.20606],[-49.22841,-25.20607],[-49.22829,-25.20606]]}},{"type":"Feature","properties":{"n":"","h":"unclassified"},"geometry":{"type":"LineString","coordinates":[[-49.25412,-25.16528],[-49.25393,-25.16544],[-49.25367,-25.16572],[-49.25357,-25.16579],[-49.25344,-25.16582],[-49.25318,-25.16589],[-49.25308,-25.16593],[-49.25304,-25.16599],[-49.25299,-25.16606],[-49.25293,-25.16624],[-49.25288,-25.16631],[-49.25282,-25.16635],[-49.25275,-25.16638],[-49.2526,-25.1664],[-49.25214,-25.16644]]}},{"type":"Feature","properties":{"n":"","h":"unclassified"},"geometry":{"type":"LineString","coordinates":[[-49.24552,-25.21431],[-49.24473,-25.21292],[-49.24471,-25.21284],[-49.24471,-25.21278],[-49.24473,-25.21273],[-49.24478,-25.21266],[-49.24489,-25.21252],[-49.24504,-25.21229],[-49.24513,-25.21205],[-49.24523,-25.21187],[-49.24537,-25.21171],[-49.24555,-25.21158],[-49.24564,-25.21154],[-49.24577,-25.21152],[-49.24586,-25.2115],[-49.24594,-25.21147],[-49.24604,-25.21141],[-49.24644,-25.21115]]}},{"type":"Feature","properties":{"n":"","h":"unclassified"},"geometry":{"type":"LineString","coordinates":[[-49.26121,-25.18632],[-49.2619,-25.18666],[-49.26203,-25.18675],[-49.26208,-25.18681],[-49.26215,-25.18694],[-49.2622,-25.18699],[-49.26229,-25.18701],[-49.26244,-25.18701],[-49.2627,-25.18699],[-49.26283,-25.18696],[-49.26296,-25.1869],[-49.26316,-25.18675],[-49.26322,-25.18673],[-49.2633,-25.18672],[-49.26338,-25.18673],[-49.26375,-25.18678],[-49.26384,-25.18678],[-49.2639,-25.18675],[-49.26403,-25.18662],[-49.26424,-25.18642],[-49.2644,-25.18622],[-49.26443,-25.18612],[-49.26443,-25.18601],[-49.26441,-25.18592],[-49.26435,-25.18583],[-49.26414,-25.18563],[-49.26406,-25.18548],[-49.26405,-25.1854],[-49.26406,-25.18531],[-49.26407,-25.18523],[-49.26411,-25.18513],[-49.26425,-25.18493],[-49.26443,-25.1847],[-49.26447,-25.18463],[-49.26447,-25.18459],[-49.26446,-25.18455],[-49.26419,-25.18393],[-49.26417,-25.18387],[-49.26417,-25.18373],[-49.26412,-25.1834],[-49.26415,-25.18304],[-49.26417,-25.18296],[-49.26437,-25.18245],[-49.26453,-25.18211],[-49.26478,-25.18163],[-49.26487,-25.18153],[-49.26497,-25.18144],[-49.26506,-25.18139],[-49.26517,-25.18136],[-49.26544,-25.18135],[-49.26563,-25.18133],[-49.26569,-25.1813],[-49.26571,-25.18126],[-49.26578,-25.18112],[-49.26585,-25.181],[-49.26606,-25.18064],[-49.2661,-25.1806],[-49.2662,-25.18054],[-49.26642,-25.1804],[-49.26655,-25.18031],[-49.26678,-25.18007],[-49.26687,-25.17998],[-49.26692,-25.17995],[-49.26699,-25.17994],[-49.26726,-25.17991],[-49.26736,-25.17989],[-49.26739,-25.17985],[-49.2674,-25.17981],[-49.26729,-25.17935],[-49.2673,-25.17927],[-49.26733,-25.17916],[-49.26739,-25.17908],[-49.26744,-25.17902],[-49.26753,-25.17896],[-49.26788,-25.17881],[-49.26801,-25.17872],[-49.26812,-25.17861],[-49.26814,-25.17854],[-49.26814,-25.17848],[-49.26798,-25.17794],[-49.26785,-25.1775],[-49.2678,-25.17689],[-49.2678,-25.17678],[-49.26778,-25.1767],[-49.26769,-25.17646],[-49.26761,-25.17628],[-49.2676,-25.17619],[-49.26761,-25.17613],[-49.26766,-25.17609],[-49.26776,-25.17602],[-49.26783,-25.17594],[-49.26785,-25.17585],[-49.26784,-25.17576],[-49.26779,-25.17564],[-49.26774,-25.17558],[-49.26768,-25.17553],[-49.26758,-25.17549],[-49.26699,-25.17524],[-49.26687,-25.17522],[-49.26671,-25.1752]]}},{"type":"Feature","properties":{"n":"","h":"unclassified"},"geometry":{"type":"LineString","coordinates":[[-49.25998,-25.19227],[-49.26,-25.19188],[-49.26002,-25.19178],[-49.26005,-25.1917],[-49.26022,-25.19153],[-49.26051,-25.1912],[-49.26059,-25.19107],[-49.26072,-25.19079],[-49.26085,-25.19042],[-49.26094,-25.1902],[-49.26096,-25.19005],[-49.26095,-25.18993],[-49.26092,-25.18983],[-49.26085,-25.18974],[-49.26074,-25.18968],[-49.2606,-25.18959],[-49.26055,-25.18952],[-49.26054,-25.18945],[-49.26079,-25.18882],[-49.26081,-25.1887],[-49.26081,-25.18854],[-49.26082,-25.18839],[-49.26086,-25.1883],[-49.26093,-25.18823],[-49.26113,-25.18813],[-49.26121,-25.18812],[-49.26145,-25.18812],[-49.26154,-25.1881],[-49.26158,-25.18808],[-49.26161,-25.18805],[-49.26162,-25.18799],[-49.26162,-25.18788],[-49.26169,-25.18743],[-49.26168,-25.18733],[-49.26163,-25.18717],[-49.26148,-25.18677],[-49.26126,-25.18638],[-49.26121,-25.18632],[-49.26113,-25.18627],[-49.26059,-25.18602],[-49.26017,-25.18574],[-49.26005,-25.18568],[-49.25997,-25.18567],[-49.25981,-25.18566],[-49.25951,-25.18566],[-49.25933,-25.18564],[-49.25915,-25.1856],[-49.25884,-25.18549],[-49.25863,-25.18544],[-49.25852,-25.18543],[-49.25844,-25.18543],[-49.25836,-25.18545],[-49.25805,-25.18565],[-49.25712,-25.18609],[-49.25692,-25.18611],[-49.25679,-25.1861],[-49.2567,-25.18603],[-49.25635,-25.18552],[-49.25629,-25.18545],[-49.25622,-25.18541],[-49.25508,-25.1853],[-49.2549,-25.18527],[-49.25474,-25.1852],[-49.25463,-25.18512],[-49.25457,-25.18502],[-49.25456,-25.18489],[-49.25459,-25.18445],[-49.25456,-25.1839],[-49.25451,-25.18382],[-49.25441,-25.18377],[-49.25352,-25.18354]]}},{"type":"Feature","properties":{"n":"","h":"unclassified"},"geometry":{"type":"LineString","coordinates":[[-49.27606,-25.18563],[-49.27596,-25.18555],[-49.27589,-25.18551],[-49.27584,-25.18551],[-49.2758,-25.18551],[-49.27557,-25.18556],[-49.2751,-25.1857],[-49.27493,-25.18581],[-49.27485,-25.18586],[-49.27474,-25.18589],[-49.27463,-25.18588],[-49.27453,-25.18585],[-49.27441,-25.18579],[-49.27435,-25.18572],[-49.2743,-25.18553],[-49.27426,-25.18496],[-49.27427,-25.18466],[-49.27426,-25.18458],[-49.27423,-25.18453],[-49.27418,-25.18448],[-49.27386,-25.18431],[-49.27346,-25.18402],[-49.27328,-25.18387],[-49.27318,-25.18373],[-49.27312,-25.18354],[-49.27282,-25.18271],[-49.27278,-25.18252],[-49.27276,-25.18215],[-49.27276,-25.18202],[-49.27275,-25.18194],[-49.27265,-25.18174],[-49.27253,-25.18164],[-49.27233,-25.18154],[-49.27144,-25.18115],[-49.27129,-25.18103],[-49.27104,-25.18077],[-49.27077,-25.18034],[-49.27052,-25.17976],[-49.27048,-25.17955],[-49.27048,-25.17939],[-49.27051,-25.17919],[-49.27076,-25.17843],[-49.27082,-25.17821],[-49.27092,-25.17761],[-49.27099,-25.17689],[-49.27105,-25.17618],[-49.27107,-25.17596],[-49.27106,-25.17574],[-49.27104,-25.1755],[-49.27103,-25.17537],[-49.27106,-25.17518],[-49.27116,-25.17481],[-49.27122,-25.17464],[-49.27132,-25.17449],[-49.27146,-25.17432],[-49.27178,-25.17403],[-49.27204,-25.17377],[-49.27218,-25.17361],[-49.27233,-25.17333],[-49.27236,-25.17321],[-49.27237,-25.17308],[-49.27227,-25.17226],[-49.27228,-25.1721],[-49.27225,-25.17199],[-49.27209,-25.17171],[-49.27175,-25.17127],[-49.2715,-25.17089],[-49.27136,-25.17065],[-49.27132,-25.17053],[-49.27129,-25.17018]]}},{"type":"Feature","properties":{"n":"","h":"unclassified"},"geometry":{"type":"LineString","coordinates":[[-49.27708,-25.1632],[-49.27689,-25.16315],[-49.27677,-25.16315],[-49.27653,-25.16313],[-49.27639,-25.16311],[-49.27631,-25.16312],[-49.2762,-25.16315],[-49.27578,-25.1634],[-49.27575,-25.16343],[-49.27568,-25.16361],[-49.2756,-25.16378],[-49.2755,-25.16391],[-49.27547,-25.16396],[-49.27545,-25.16401]]}},{"type":"Feature","properties":{"n":"","h":"unclassified"},"geometry":{"type":"LineString","coordinates":[[-49.26506,-25.19763],[-49.26452,-25.1982],[-49.26449,-25.19825],[-49.26448,-25.1983],[-49.26449,-25.19839],[-49.26456,-25.19856],[-49.26454,-25.19862],[-49.26449,-25.19869],[-49.26421,-25.19891],[-49.26409,-25.19903],[-49.26406,-25.19909],[-49.26402,-25.1992],[-49.26396,-25.1993],[-49.26377,-25.19943],[-49.26352,-25.19962]]}},{"type":"Feature","properties":{"n":"","h":"unclassified"},"geometry":{"type":"LineString","coordinates":[[-49.26797,-25.20089],[-49.26758,-25.20116],[-49.26752,-25.20119],[-49.26745,-25.20121],[-49.26693,-25.2012],[-49.26679,-25.2012],[-49.26666,-25.20122],[-49.26621,-25.20132],[-49.26606,-25.20134],[-49.26566,-25.20138],[-49.2652,-25.20142],[-49.26511,-25.20145],[-49.26459,-25.20165]]}},{"type":"Feature","properties":{"n":"","h":"unclassified"},"geometry":{"type":"LineString","coordinates":[[-49.26726,-25.20018],[-49.26693,-25.20017],[-49.26688,-25.20018],[-49.26684,-25.20019],[-49.26679,-25.20023],[-49.26671,-25.20037],[-49.26664,-25.20045],[-49.26641,-25.20062],[-49.26625,-25.20071],[-49.2661,-25.20076],[-49.26579,-25.20083],[-49.26536,-25.2009]]}},{"type":"Feature","properties":{"n":"","h":"unclassified"},"geometry":{"type":"LineString","coordinates":[[-49.26628,-25.19937],[-49.26594,-25.19958],[-49.26556,-25.19976],[-49.26533,-25.19991],[-49.26515,-25.20003],[-49.26479,-25.20021],[-49.26454,-25.20027],[-49.26446,-25.20031],[-49.26442,-25.20036],[-49.2644,-25.20052]]}},{"type":"Feature","properties":{"n":"","h":"unclassified"},"geometry":{"type":"LineString","coordinates":[[-49.28247,-25.20535],[-49.28243,-25.205],[-49.28242,-25.20481],[-49.28243,-25.20472],[-49.28249,-25.20459],[-49.28253,-25.2045],[-49.28253,-25.20444],[-49.28251,-25.2044],[-49.28247,-25.20436],[-49.28239,-25.20432],[-49.28228,-25.20428],[-49.28218,-25.20426],[-49.28203,-25.20426],[-49.28187,-25.2043],[-49.28179,-25.20436],[-49.28174,-25.20442],[-49.2817,-25.20445],[-49.28167,-25.20446],[-49.28162,-25.20443],[-49.28149,-25.20429],[-49.28143,-25.20426],[-49.28138,-25.20425],[-49.28128,-25.20425],[-49.2811,-25.20425],[-49.28105,-25.20423],[-49.28103,-25.2042],[-49.28102,-25.20416],[-49.28104,-25.20405],[-49.28108,-25.20398],[-49.28109,-25.20395],[-49.28108,-25.20393],[-49.28105,-25.20389],[-49.28105,-25.20385],[-49.28107,-25.20369]]}},{"type":"Feature","properties":{"n":"","h":"unclassified"},"geometry":{"type":"LineString","coordinates":[[-49.26801,-25.21016],[-49.26787,-25.21032],[-49.26759,-25.21062],[-49.26755,-25.21069],[-49.2675,-25.21092],[-49.26742,-25.21116],[-49.26735,-25.21131],[-49.2673,-25.21156],[-49.26725,-25.2117],[-49.26721,-25.21175],[-49.26709,-25.2118]]}},{"type":"Feature","properties":{"n":"","h":"unclassified"},"geometry":{"type":"LineString","coordinates":[[-49.2711,-25.20621],[-49.27112,-25.2065],[-49.27116,-25.20659],[-49.2712,-25.20666],[-49.27122,-25.20673],[-49.27122,-25.20679],[-49.27118,-25.20707],[-49.27115,-25.20715],[-49.27103,-25.20735],[-49.27093,-25.2076],[-49.27088,-25.20767],[-49.27082,-25.20769],[-49.27055,-25.20778],[-49.2705,-25.2078],[-49.27047,-25.20785],[-49.27026,-25.20811],[-49.26973,-25.2087],[-49.26958,-25.20891],[-49.2695,-25.2091],[-49.26946,-25.20921],[-49.26942,-25.20927],[-49.26936,-25.20932],[-49.26912,-25.20942],[-49.26892,-25.20947],[-49.26877,-25.20949],[-49.26863,-25.20951],[-49.26854,-25.20955],[-49.26845,-25.2096],[-49.26834,-25.20968],[-49.26825,-25.20981],[-49.26811,-25.21007],[-49.26806,-25.21013],[-49.26801,-25.21016],[-49.26795,-25.21018],[-49.26787,-25.21018],[-49.2678,-25.21016],[-49.26763,-25.21006],[-49.2675,-25.20999],[-49.26735,-25.20993],[-49.26705,-25.2098],[-49.26697,-25.20978],[-49.2669,-25.20978],[-49.26684,-25.20979],[-49.26673,-25.20985],[-49.26659,-25.20996],[-49.26645,-25.21001],[-49.2663,-25.21003],[-49.26586,-25.21008],[-49.26579,-25.21008],[-49.26573,-25.21007],[-49.26553,-25.20987],[-49.26531,-25.20965],[-49.26528,-25.20955],[-49.26524,-25.20937],[-49.26521,-25.2093],[-49.26515,-25.20926],[-49.26508,-25.20924],[-49.26494,-25.20924]]}},{"type":"Feature","properties":{"n":"","h":"unclassified"},"geometry":{"type":"LineString","coordinates":[[-49.26005,-25.18568],[-49.26018,-25.18541],[-49.26036,-25.18503],[-49.26043,-25.18478],[-49.26049,-25.18467],[-49.2606,-25.18452],[-49.26065,-25.18444],[-49.26065,-25.18438],[-49.26064,-25.18419],[-49.26065,-25.18395],[-49.26065,-25.18387],[-49.2606,-25.1837],[-49.26059,-25.18358],[-49.2606,-25.18344],[-49.26057,-25.1834],[-49.2605,-25.18337],[-49.2604,-25.18335]]}},{"type":"Feature","properties":{"n":"","h":"unclassified"},"geometry":{"type":"LineString","coordinates":[[-49.27412,-25.18819],[-49.27397,-25.18821],[-49.27393,-25.18822],[-49.27336,-25.18864],[-49.273,-25.18881],[-49.27282,-25.18886],[-49.27271,-25.18886],[-49.27261,-25.18883],[-49.2725,-25.18875],[-49.27244,-25.18865],[-49.27211,-25.18829],[-49.27186,-25.18807],[-49.27174,-25.18801],[-49.27166,-25.18795],[-49.27162,-25.18791],[-49.27158,-25.18772],[-49.27158,-25.18758],[-49.27159,-25.1875],[-49.27163,-25.18745],[-49.27168,-25.18737],[-49.27169,-25.18727],[-49.27165,-25.18719],[-49.27159,-25.18713],[-49.27107,-25.18686],[-49.27097,-25.18676],[-49.27054,-25.18611],[-49.2704,-25.18601],[-49.27027,-25.18595],[-49.27,-25.18588],[-49.26959,-25.18587],[-49.26934,-25.18588],[-49.2692,-25.18587],[-49.2691,-25.18583],[-49.26885,-25.18569],[-49.26877,-25.18562],[-49.26865,-25.18547],[-49.26841,-25.18519],[-49.26814,-25.18492],[-49.26786,-25.18441],[-49.26766,-25.18375],[-49.26756,-25.18323],[-49.26758,-25.18296],[-49.26766,-25.18275],[-49.26772,-25.18251],[-49.26772,-25.18241],[-49.26769,-25.18234],[-49.26765,-25.18228],[-49.26761,-25.18224],[-49.26757,-25.18223],[-49.26753,-25.18222],[-49.2675,-25.18222],[-49.26739,-25.18227],[-49.26735,-25.18227],[-49.26732,-25.18225],[-49.26731,-25.18221],[-49.26732,-25.18215],[-49.26744,-25.18195],[-49.26743,-25.18192],[-49.26743,-25.1819],[-49.2674,-25.18188],[-49.26726,-25.18181],[-49.26711,-25.18173],[-49.26682,-25.18154],[-49.26667,-25.18149],[-49.26631,-25.18145],[-49.26599,-25.18135],[-49.26571,-25.18126]]}},{"type":"Feature","properties":{"n":"","h":"unclassified"},"geometry":{"type":"LineString","coordinates":[[-49.25872,-25.19127],[-49.25846,-25.19128],[-49.25819,-25.19127],[-49.25787,-25.19124],[-49.25758,-25.19126],[-49.25718,-25.19131],[-49.2569,-25.1913],[-49.25582,-25.19127],[-49.25554,-25.19124],[-49.25536,-25.19114],[-49.25504,-25.19095],[-49.25487,-25.19081],[-49.25467,-25.1906],[-49.25448,-25.1903],[-49.25439,-25.1902],[-49.25434,-25.19015],[-49.25423,-25.19007],[-49.2538,-25.18972],[-49.25355,-25.18947],[-49.25329,-25.18917],[-49.25322,-25.18909],[-49.25315,-25.18905],[-49.25295,-25.18897],[-49.25268,-25.18889],[-49.25257,-25.18888],[-49.25247,-25.1889],[-49.25238,-25.18893],[-49.25228,-25.18901],[-49.25212,-25.18928],[-49.25205,-25.18948],[-49.25205,-25.18957],[-49.25207,-25.18965],[-49.25217,-25.18982],[-49.25219,-25.18991],[-49.25218,-25.18999],[-49.252,-25.19032],[-49.25192,-25.19054],[-49.25186,-25.19059],[-49.25179,-25.19062],[-49.25171,-25.19063],[-49.25158,-25.19062],[-49.25132,-25.1906],[-49.2512,-25.19057],[-49.25099,-25.19043],[-49.25087,-25.19037],[-49.25061,-25.19029]]}},{"type":"Feature","properties":{"n":"","h":"unclassified"},"geometry":{"type":"LineString","coordinates":[[-49.25376,-25.19349],[-49.25364,-25.19348],[-49.25358,-25.19346],[-49.25341,-25.19336],[-49.25333,-25.19333],[-49.25327,-25.19332],[-49.25319,-25.19333],[-49.25276,-25.19351],[-49.2527,-25.19351],[-49.25263,-25.19348],[-49.25231,-25.19322],[-49.25214,-25.19312],[-49.25179,-25.19299],[-49.25141,-25.19285],[-49.25122,-25.19273],[-49.25075,-25.19231],[-49.25044,-25.19198],[-49.25032,-25.19186],[-49.25026,-25.19178],[-49.2502,-25.19162],[-49.25014,-25.19151],[-49.25007,-25.19141],[-49.24997,-25.19133],[-49.24988,-25.19127],[-49.24975,-25.19121],[-49.24963,-25.19118],[-49.24945,-25.19117],[-49.24937,-25.19114],[-49.2493,-25.19109],[-49.24925,-25.19099],[-49.24919,-25.19086],[-49.24914,-25.19067],[-49.24911,-25.19059],[-49.24905,-25.19054],[-49.24898,-25.19053],[-49.24892,-25.19055],[-49.24888,-25.19059],[-49.24885,-25.19067],[-49.24883,-25.19076],[-49.24886,-25.19102]]}},{"type":"Feature","properties":{"n":"","h":"unclassified"},"geometry":{"type":"LineString","coordinates":[[-49.25982,-25.1949],[-49.25923,-25.19478],[-49.25905,-25.19473],[-49.25896,-25.19471],[-49.25889,-25.19471],[-49.25852,-25.19477],[-49.25843,-25.19476],[-49.25837,-25.19473],[-49.2583,-25.19468],[-49.25818,-25.19451],[-49.25813,-25.19446],[-49.25806,-25.19442],[-49.25782,-25.19432],[-49.25771,-25.1943],[-49.25761,-25.1943],[-49.25735,-25.19438],[-49.25728,-25.19439],[-49.257,-25.19439],[-49.25682,-25.19439],[-49.25674,-25.19441],[-49.25667,-25.19444],[-49.25656,-25.1945],[-49.2565,-25.19451],[-49.25644,-25.1945],[-49.25582,-25.19418],[-49.25556,-25.19399],[-49.25543,-25.1939],[-49.25512,-25.19375],[-49.25502,-25.19365],[-49.25487,-25.19347],[-49.25477,-25.19339],[-49.25467,-25.19334],[-49.25459,-25.19331],[-49.25447,-25.19332],[-49.25424,-25.19341],[-49.25396,-25.1935],[-49.25384,-25.19351],[-49.25376,-25.19349],[-49.25367,-25.19344],[-49.25353,-25.19327],[-49.25346,-25.19319],[-49.25334,-25.19311],[-49.25312,-25.19298],[-49.25304,-25.19296],[-49.25294,-25.19295],[-49.25282,-25.19296],[-49.25267,-25.19293],[-49.2526,-25.19289],[-49.25254,-25.19281],[-49.25231,-25.19248],[-49.25148,-25.1917],[-49.25131,-25.1914],[-49.25111,-25.19126],[-49.25097,-25.19111],[-49.25088,-25.19092],[-49.25061,-25.19029],[-49.25031,-25.18996],[-49.25002,-25.18952],[-49.24984,-25.18938],[-49.24967,-25.18931],[-49.24946,-25.18927],[-49.2493,-25.18929],[-49.24903,-25.18936],[-49.24893,-25.18942],[-49.2489,-25.18952],[-49.2489,-25.18988]]}},{"type":"Feature","properties":{"n":"","h":"unclassified"},"geometry":{"type":"LineString","coordinates":[[-49.25449,-25.18653],[-49.25417,-25.18633],[-49.25391,-25.18611],[-49.25372,-25.18597],[-49.25338,-25.1858],[-49.25312,-25.18571],[-49.25289,-25.18567],[-49.25256,-25.18567],[-49.25224,-25.18573],[-49.25201,-25.18575],[-49.25169,-25.18575],[-49.2515,-25.18573],[-49.25137,-25.18567],[-49.25128,-25.1856],[-49.25114,-25.18536],[-49.25108,-25.18528],[-49.25083,-25.18505],[-49.25067,-25.185],[-49.2505,-25.185],[-49.25004,-25.18505],[-49.24949,-25.18515]]}},{"type":"Feature","properties":{"n":"","h":"unclassified"},"geometry":{"type":"LineString","coordinates":[[-49.26476,-25.1975],[-49.26442,-25.19776],[-49.26435,-25.19779],[-49.26428,-25.1978],[-49.26397,-25.19776],[-49.26387,-25.19776],[-49.2638,-25.19777],[-49.26373,-25.19781],[-49.26363,-25.19785],[-49.26356,-25.19787],[-49.26346,-25.19787],[-49.26331,-25.19785],[-49.26313,-25.19784],[-49.26303,-25.19784],[-49.26289,-25.19785],[-49.26281,-25.19788],[-49.26234,-25.19836],[-49.26209,-25.19857],[-49.26202,-25.19858],[-49.26196,-25.19857],[-49.26193,-25.19854],[-49.26181,-25.19829],[-49.26175,-25.1982],[-49.26168,-25.19813],[-49.26157,-25.19804]]}},{"type":"Feature","properties":{"n":"","h":"unclassified"},"geometry":{"type":"LineString","coordinates":[[-49.27686,-25.19285],[-49.27674,-25.19323],[-49.27672,-25.19331],[-49.27667,-25.19337],[-49.27661,-25.19343],[-49.27653,-25.19347]]}},{"type":"Feature","properties":{"n":"","h":"unclassified"},"geometry":{"type":"LineString","coordinates":[[-49.25526,-25.17415],[-49.25506,-25.17411],[-49.255,-25.17411],[-49.25492,-25.17412],[-49.25481,-25.17412],[-49.25475,-25.17411],[-49.25467,-25.17408],[-49.25377,-25.17355],[-49.25373,-25.17348],[-49.2537,-25.17336],[-49.25368,-25.17325],[-49.25365,-25.1732],[-49.2536,-25.17317],[-49.25354,-25.17316],[-49.25301,-25.17316]]}},{"type":"Feature","properties":{"n":"","h":"unclassified"},"geometry":{"type":"LineString","coordinates":[[-49.32807,-25.18827],[-49.32795,-25.18841],[-49.32777,-25.18868],[-49.32747,-25.18908],[-49.32739,-25.18925],[-49.32734,-25.18931],[-49.32727,-25.18932],[-49.32711,-25.1893],[-49.32687,-25.1892],[-49.32633,-25.18907],[-49.32604,-25.18898],[-49.32564,-25.18889]]}},{"type":"Feature","properties":{"n":"","h":"unclassified"},"geometry":{"type":"LineString","coordinates":[[-49.32912,-25.19061],[-49.32914,-25.19021],[-49.32914,-25.18961],[-49.32919,-25.18941],[-49.32928,-25.18924],[-49.32959,-25.18887],[-49.32967,-25.18871],[-49.32964,-25.18856],[-49.32953,-25.1884],[-49.32923,-25.18827],[-49.3287,-25.18817],[-49.32839,-25.18815],[-49.32807,-25.18827],[-49.32785,-25.18834],[-49.32764,-25.18854],[-49.32739,-25.1888],[-49.3273,-25.18884],[-49.32721,-25.18884],[-49.32689,-25.18876],[-49.32653,-25.18861],[-49.32632,-25.18859],[-49.32616,-25.18858],[-49.32598,-25.18855],[-49.32557,-25.18848],[-49.3253,-25.18844],[-49.325,-25.18841],[-49.32486,-25.18843],[-49.32468,-25.18848],[-49.32452,-25.18855],[-49.3244,-25.1886],[-49.32433,-25.1886],[-49.32429,-25.18859],[-49.32421,-25.18854],[-49.32416,-25.18846],[-49.32405,-25.18811],[-49.32403,-25.18792],[-49.32402,-25.18785],[-49.32399,-25.18777],[-49.32392,-25.18769],[-49.32388,-25.18753],[-49.32386,-25.18724]]}},{"type":"Feature","properties":{"n":"","h":"residential"},"geometry":{"type":"LineString","coordinates":[[-49.32279,-25.20573],[-49.32278,-25.20579],[-49.32278,-25.20584],[-49.32278,-25.20589],[-49.3228,-25.20594],[-49.32286,-25.20598],[-49.32292,-25.20599],[-49.32299,-25.20597],[-49.32313,-25.20591],[-49.32327,-25.20587],[-49.3234,-25.20582]]}},{"type":"Feature","properties":{"n":"","h":"unclassified"},"geometry":{"type":"LineString","coordinates":[[-49.09965,-25.11287],[-49.10047,-25.11315],[-49.10059,-25.1132],[-49.1007,-25.11327],[-49.10101,-25.1135],[-49.10112,-25.11353],[-49.1012,-25.11354],[-49.1014,-25.11354],[-49.10181,-25.11352],[-49.10189,-25.11354],[-49.10197,-25.1136],[-49.10199,-25.11366],[-49.10208,-25.11389],[-49.10213,-25.11397],[-49.1022,-25.11406],[-49.10238,-25.11419],[-49.10244,-25.11426],[-49.10261,-25.11453],[-49.10269,-25.11459],[-49.10279,-25.11464],[-49.10341,-25.11479],[-49.10354,-25.11485],[-49.10378,-25.11498],[-49.10405,-25.11519],[-49.10422,-25.11541],[-49.10435,-25.11557],[-49.10448,-25.11567],[-49.10505,-25.11594],[-49.1065,-25.11652],[-49.10693,-25.11662],[-49.10757,-25.11662],[-49.10777,-25.11662],[-49.10811,-25.11657],[-49.1082,-25.11657],[-49.10831,-25.1166],[-49.10869,-25.11677],[-49.10885,-25.11682],[-49.10939,-25.11693],[-49.10948,-25.11697],[-49.10956,-25.11703],[-49.10985,-25.11728],[-49.11,-25.11739],[-49.11052,-25.1177],[-49.11067,-25.11777],[-49.11083,-25.11781],[-49.11141,-25.11788],[-49.11156,-25.11788],[-49.11165,-25.11785],[-49.11185,-25.11776],[-49.11194,-25.11773],[-49.11208,-25.11771],[-49.11238,-25.11772],[-49.11259,-25.11775],[-49.11277,-25.1178],[-49.11317,-25.11799],[-49.11348,-25.11807],[-49.1138,-25.11814],[-49.11411,-25.11817],[-49.11465,-25.11816],[-49.11491,-25.11819],[-49.11516,-25.11825],[-49.11566,-25.11842],[-49.11618,-25.11862],[-49.11631,-25.11866],[-49.11645,-25.11866],[-49.1169,-25.11864],[-49.11702,-25.11863],[-49.11713,-25.11865],[-49.11726,-25.11871],[-49.11767,-25.119],[-49.11795,-25.1191],[-49.1181,-25.11914],[-49.11829,-25.11915],[-49.1189,-25.11912],[-49.11905,-25.11907],[-49.11916,-25.11899],[-49.11929,-25.11884],[-49.11941,-25.11874],[-49.11961,-25.11864],[-49.11976,-25.11861],[-49.11988,-25.11863],[-49.11998,-25.11869],[-49.12028,-25.11914],[-49.12047,-25.11938],[-49.1207,-25.11959],[-49.12092,-25.11982],[-49.12114,-25.12008],[-49.12136,-25.12018],[-49.12154,-25.12021],[-49.12175,-25.12022],[-49.12206,-25.12012],[-49.12217,-25.12011],[-49.12228,-25.12012],[-49.12248,-25.12019],[-49.12261,-25.1202],[-49.12272,-25.12018],[-49.12307,-25.12006],[-49.12319,-25.11999],[-49.12343,-25.11978],[-49.12354,-25.11972],[-49.12368,-25.11967],[-49.12396,-25.11962],[-49.12414,-25.11959],[-49.1243,-25.11954],[-49.12452,-25.11938],[-49.12461,-25.11934],[-49.12476,-25.11932],[-49.12495,-25.11933],[-49.12621,-25.11948],[-49.12644,-25.11952],[-49.12679,-25.11962],[-49.12697,-25.11964],[-49.12758,-25.11966],[-49.12777,-25.11965],[-49.12792,-25.11961],[-49.12804,-25.11954],[-49.12816,-25.11929],[-49.12826,-25.11921],[-49.12835,-25.11919],[-49.12843,-25.11919],[-49.12852,-25.11922],[-49.12865,-25.11931],[-49.12888,-25.11958],[-49.12918,-25.12014],[-49.12924,-25.1202],[-49.12934,-25.12023],[-49.12942,-25.12025],[-49.12975,-25.12025],[-49.12983,-25.12026],[-49.1299,-25.12028],[-49.12999,-25.12034],[-49.13006,-25.12037],[-49.13015,-25.12038],[-49.13069,-25.1204],[-49.13104,-25.12039],[-49.13144,-25.12029],[-49.13159,-25.12027],[-49.13177,-25.1203],[-49.13197,-25.12036],[-49.13217,-25.12046],[-49.13272,-25.12072],[-49.13279,-25.12075],[-49.13287,-25.12076],[-49.13295,-25.12075],[-49.13304,-25.12071],[-49.13318,-25.12048],[-49.13325,-25.12043],[-49.13335,-25.12041],[-49.13347,-25.12043],[-49.1342,-25.12068],[-49.13436,-25.12072],[-49.13452,-25.12073],[-49.13605,-25.12073],[-49.13618,-25.12071],[-49.13676,-25.1206],[-49.13688,-25.12056],[-49.13701,-25.1205],[-49.13723,-25.12039],[-49.13736,-25.12034],[-49.13748,-25.12032],[-49.13781,-25.12029],[-49.13791,-25.12028],[-49.138,-25.12024],[-49.13833,-25.12009],[-49.13894,-25.11979],[-49.13968,-25.11948],[-49.14019,-25.11927],[-49.14041,-25.11922],[-49.14058,-25.11921],[-49.14092,-25.11926],[-49.14111,-25.11925],[-49.14129,-25.11923],[-49.14176,-25.11902],[-49.14188,-25.11894],[-49.14198,-25.11882],[-49.14214,-25.11857],[-49.14218,-25.11855],[-49.14221,-25.11855],[-49.14225,-25.11857],[-49.14227,-25.11863],[-49.14224,-25.11874],[-49.14222,-25.11887],[-49.14222,-25.11902],[-49.14221,-25.11911],[-49.14217,-25.11925],[-49.14202,-25.11944],[-49.14201,-25.11948],[-49.14202,-25.11951],[-49.14205,-25.11953],[-49.14224,-25.11954],[-49.143,-25.1196],[-49.14318,-25.11959],[-49.14333,-25.11953],[-49.14365,-25.1193],[-49.14369,-25.11922],[-49.14372,-25.11912],[-49.14372,-25.11889],[-49.14372,-25.11873],[-49.14372,-25.11854],[-49.1437,-25.11843],[-49.14363,-25.11831],[-49.14351,-25.11816],[-49.14343,-25.11802],[-49.14334,-25.1177]]}},{"type":"Feature","properties":{"n":"","h":"unclassified"},"geometry":{"type":"LineString","coordinates":[[-49.15556,-25.12831],[-49.15507,-25.1287],[-49.15475,-25.12892],[-49.15449,-25.12904],[-49.15403,-25.12921],[-49.1539,-25.12923],[-49.15377,-25.12921],[-49.15364,-25.12916],[-49.1525,-25.12852],[-49.15192,-25.12807],[-49.15176,-25.12797],[-49.15163,-25.12793],[-49.15149,-25.12794],[-49.15094,-25.12807],[-49.15078,-25.12807],[-49.15062,-25.12804],[-49.15016,-25.12792],[-49.14996,-25.12789],[-49.14895,-25.12782],[-49.14874,-25.12777],[-49.14858,-25.1277],[-49.14819,-25.12746],[-49.14795,-25.12736],[-49.14728,-25.12717],[-49.1469,-25.127],[-49.14664,-25.12677],[-49.14649,-25.12657],[-49.14648,-25.1264],[-49.14649,-25.12634],[-49.14651,-25.12628],[-49.14672,-25.12603],[-49.14675,-25.12596],[-49.14674,-25.12589],[-49.14666,-25.12579],[-49.14654,-25.12574],[-49.14586,-25.12571],[-49.14577,-25.1257],[-49.14567,-25.12565],[-49.1453,-25.12531],[-49.14512,-25.12521],[-49.14492,-25.12515],[-49.14471,-25.12515],[-49.14433,-25.12526],[-49.14416,-25.12526],[-49.14388,-25.12521],[-49.14339,-25.12504],[-49.14325,-25.12501],[-49.14309,-25.12501],[-49.14257,-25.12506],[-49.1424,-25.12503],[-49.14229,-25.12496],[-49.14215,-25.12463],[-49.14216,-25.12446],[-49.1422,-25.12432],[-49.14249,-25.12404],[-49.14253,-25.12394],[-49.14255,-25.12386],[-49.14252,-25.12375],[-49.14213,-25.12332],[-49.14202,-25.12317],[-49.14192,-25.12296],[-49.14187,-25.12285],[-49.14187,-25.12275],[-49.14188,-25.12267],[-49.14196,-25.12248],[-49.14202,-25.12234],[-49.14212,-25.12213],[-49.14216,-25.12203],[-49.14217,-25.12195],[-49.14216,-25.12183],[-49.14217,-25.12177],[-49.14219,-25.12173],[-49.14232,-25.12147],[-49.14234,-25.12138],[-49.14234,-25.12127],[-49.14231,-25.12106],[-49.14232,-25.12094],[-49.14234,-25.12082],[-49.1424,-25.12066],[-49.1425,-25.12027],[-49.1426,-25.11995],[-49.14259,-25.11985],[-49.14253,-25.11975],[-49.14224,-25.11954]]}},{"type":"Feature","properties":{"n":"","h":"unclassified"},"geometry":{"type":"LineString","coordinates":[[-49.10068,-25.126],[-49.10051,-25.12605],[-49.10037,-25.12606],[-49.10004,-25.12599],[-49.09985,-25.12593],[-49.09971,-25.12589],[-49.09964,-25.12588],[-49.09958,-25.1259],[-49.09934,-25.12601],[-49.0992,-25.12605],[-49.09904,-25.12606],[-49.09783,-25.12594],[-49.09766,-25.12594],[-49.09749,-25.12598],[-49.09735,-25.12606],[-49.09723,-25.1262],[-49.09697,-25.1264],[-49.0968,-25.12645],[-49.09659,-25.12645],[-49.09629,-25.12637],[-49.09602,-25.12625],[-49.09591,-25.12622],[-49.09574,-25.12627],[-49.09519,-25.12661],[-49.09506,-25.1267],[-49.0949,-25.1269],[-49.09475,-25.12707],[-49.09455,-25.12716],[-49.0944,-25.12722],[-49.09431,-25.12729],[-49.09426,-25.12741],[-49.09413,-25.12765],[-49.09408,-25.12771],[-49.09401,-25.12777],[-49.09394,-25.12782],[-49.09388,-25.12787],[-49.09355,-25.12825],[-49.09313,-25.12862],[-49.09302,-25.12871],[-49.09293,-25.12877],[-49.09276,-25.12882],[-49.09232,-25.12895],[-49.09207,-25.12907],[-49.09171,-25.12932],[-49.0914,-25.12962],[-49.09124,-25.12981],[-49.0911,-25.13005],[-49.09106,-25.13027],[-49.09102,-25.13071],[-49.09099,-25.1308],[-49.09091,-25.13084],[-49.09053,-25.13097],[-49.09046,-25.13099],[-49.0904,-25.13099],[-49.09006,-25.13097],[-49.08995,-25.13098],[-49.08989,-25.13102],[-49.08984,-25.13107],[-49.08966,-25.13158],[-49.08958,-25.13193],[-49.08955,-25.13198],[-49.0895,-25.13203],[-49.08917,-25.13236],[-49.08912,-25.13242],[-49.0891,-25.13247],[-49.089,-25.13293],[-49.089,-25.13301],[-49.08901,-25.1331],[-49.08915,-25.13339],[-49.0892,-25.13344],[-49.08925,-25.13347],[-49.0894,-25.13352],[-49.08945,-25.13354],[-49.0895,-25.13357],[-49.08996,-25.13402],[-49.09035,-25.13425],[-49.09046,-25.13431],[-49.09051,-25.13438],[-49.09052,-25.13449],[-49.09043,-25.13501],[-49.0904,-25.13511],[-49.09036,-25.13521],[-49.08959,-25.13671],[-49.08954,-25.13684],[-49.08953,-25.13707],[-49.08962,-25.13725],[-49.08986,-25.13774],[-49.08991,-25.13789],[-49.09006,-25.13864],[-49.09012,-25.13881],[-49.09024,-25.13913],[-49.09051,-25.14],[-49.09049,-25.14006],[-49.09044,-25.14013],[-49.09028,-25.14028],[-49.09025,-25.14034],[-49.09023,-25.14042],[-49.09022,-25.14064]]}},{"type":"Feature","properties":{"n":"","h":"unclassified"},"geometry":{"type":"LineString","coordinates":[[-49.1025,-25.12791],[-49.10048,-25.12826],[-49.10031,-25.12829],[-49.09958,-25.12836],[-49.09933,-25.12836],[-49.09843,-25.12836],[-49.09834,-25.12836],[-49.09828,-25.12836],[-49.09823,-25.12835],[-49.09821,-25.12831],[-49.09822,-25.12826],[-49.09826,-25.1282],[-49.09886,-25.12743],[-49.09892,-25.12737],[-49.09918,-25.12712],[-49.0992,-25.12709],[-49.09922,-25.12706],[-49.09923,-25.12695],[-49.09923,-25.12692],[-49.09921,-25.12689],[-49.09907,-25.12678],[-49.09906,-25.12674],[-49.09906,-25.12669],[-49.09909,-25.12665],[-49.09914,-25.12663],[-49.09933,-25.1266],[-49.09937,-25.12658],[-49.09941,-25.12654],[-49.09961,-25.12615],[-49.09963,-25.1261],[-49.09964,-25.12605],[-49.09964,-25.12588]]}},{"type":"Feature","properties":{"n":"","h":"unclassified"},"geometry":{"type":"LineString","coordinates":[[-49.09204,-25.11256],[-49.09257,-25.11266],[-49.09266,-25.11267],[-49.09278,-25.11265],[-49.09323,-25.11249],[-49.09332,-25.11248],[-49.09342,-25.11246],[-49.09354,-25.11248],[-49.09413,-25.11283],[-49.09457,-25.11314],[-49.09467,-25.11317],[-49.09478,-25.11318],[-49.09523,-25.11299],[-49.09533,-25.11293],[-49.09543,-25.11287],[-49.09597,-25.11247],[-49.09609,-25.11239],[-49.09626,-25.11237],[-49.09642,-25.11239],[-49.09706,-25.1127],[-49.09728,-25.11276],[-49.09746,-25.11276],[-49.09759,-25.11272],[-49.09799,-25.11246],[-49.09817,-25.11242],[-49.09835,-25.11243],[-49.09881,-25.11254],[-49.09902,-25.11254],[-49.09923,-25.11253],[-49.09961,-25.11247]]}},{"type":"Feature","properties":{"n":"","h":"unclassified"},"geometry":{"type":"LineString","coordinates":[[-49.30923,-25.2135],[-49.30935,-25.21353]]}},{"type":"Feature","properties":{"n":"","h":"residential"},"geometry":{"type":"LineString","coordinates":[[-49.30935,-25.21291],[-49.30912,-25.21288],[-49.30897,-25.21286]]}},{"type":"Feature","properties":{"n":"","h":"unclassified"},"geometry":{"type":"LineString","coordinates":[[-49.31083,-25.20955],[-49.31061,-25.20956],[-49.31019,-25.20971],[-49.31004,-25.20973],[-49.30995,-25.20967],[-49.30994,-25.20954],[-49.31004,-25.20921],[-49.31004,-25.20916],[-49.30998,-25.20909],[-49.30983,-25.20895],[-49.30969,-25.20881],[-49.30964,-25.20872],[-49.30962,-25.20862],[-49.30962,-25.20847],[-49.30965,-25.20837],[-49.30967,-25.2083],[-49.30965,-25.20825],[-49.30961,-25.20815],[-49.30946,-25.20787]]}},{"type":"Feature","properties":{"n":"","h":"residential"},"geometry":{"type":"LineString","coordinates":[[-49.30775,-25.21056],[-49.30784,-25.21044],[-49.30804,-25.21025],[-49.30824,-25.21009],[-49.30846,-25.20996]]}},{"type":"Feature","properties":{"n":"","h":"unclassified"},"geometry":{"type":"LineString","coordinates":[[-49.30601,-25.21437],[-49.30581,-25.2142],[-49.30573,-25.21412],[-49.30566,-25.21402]]}},{"type":"Feature","properties":{"n":"","h":"unclassified"},"geometry":{"type":"LineString","coordinates":[[-49.3116,-25.20614],[-49.31148,-25.20617],[-49.31142,-25.20617],[-49.31134,-25.20614],[-49.31125,-25.20605],[-49.31112,-25.20593],[-49.311,-25.20587],[-49.31088,-25.20582],[-49.31075,-25.20579],[-49.31063,-25.20578],[-49.31044,-25.20573],[-49.31028,-25.20565]]}},{"type":"Feature","properties":{"n":"","h":"unclassified"},"geometry":{"type":"LineString","coordinates":[[-49.30895,-25.21199],[-49.30908,-25.2121],[-49.30919,-25.2122],[-49.30926,-25.21226],[-49.30932,-25.21231],[-49.30938,-25.21234],[-49.30947,-25.21239]]}},{"type":"Feature","properties":{"n":"","h":"residential"},"geometry":{"type":"LineString","coordinates":[[-49.30692,-25.2165],[-49.30703,-25.2164],[-49.30714,-25.21631],[-49.30725,-25.21625],[-49.30743,-25.21614],[-49.30761,-25.21607],[-49.30775,-25.21599],[-49.30787,-25.21588],[-49.30792,-25.21579],[-49.30797,-25.2157],[-49.30802,-25.21559],[-49.30807,-25.21545],[-49.30809,-25.21537],[-49.30812,-25.21522]]}},{"type":"Feature","properties":{"n":"","h":"unclassified"},"geometry":{"type":"LineString","coordinates":[[-49.10529,-25.10993],[-49.1051,-25.1099],[-49.10498,-25.10991],[-49.10487,-25.10995],[-49.10475,-25.10999],[-49.10364,-25.11007]]}},{"type":"Feature","properties":{"n":"","h":"unclassified"},"geometry":{"type":"LineString","coordinates":[[-49.1014,-25.11354],[-49.10152,-25.11328],[-49.10155,-25.11324],[-49.10159,-25.11319],[-49.10177,-25.113],[-49.10181,-25.11293],[-49.10182,-25.11285],[-49.1018,-25.11279],[-49.10171,-25.11269],[-49.10123,-25.11232],[-49.10115,-25.11225],[-49.1011,-25.11214],[-49.10108,-25.11192],[-49.10108,-25.11166],[-49.10109,-25.11161],[-49.10112,-25.11157],[-49.10117,-25.11155],[-49.10124,-25.11154],[-49.10157,-25.11155],[-49.10168,-25.11155],[-49.10183,-25.11153],[-49.10251,-25.1113],[-49.10259,-25.11122],[-49.10267,-25.11109],[-49.10286,-25.1106],[-49.10292,-25.1105],[-49.10323,-25.11025],[-49.10342,-25.11012],[-49.10354,-25.11008],[-49.10364,-25.11007]]}},{"type":"Feature","properties":{"n":"","h":"unclassified"},"geometry":{"type":"LineString","coordinates":[[-49.10112,-25.11353],[-49.10106,-25.11384],[-49.10107,-25.11396],[-49.10112,-25.11406],[-49.10138,-25.11423],[-49.10148,-25.11433],[-49.10158,-25.11445],[-49.1017,-25.1147],[-49.10174,-25.11483],[-49.10177,-25.11502],[-49.10179,-25.11507],[-49.10192,-25.11537],[-49.10193,-25.11539],[-49.10197,-25.1154],[-49.10201,-25.11541],[-49.10236,-25.1154],[-49.10277,-25.11544],[-49.10285,-25.11549],[-49.10289,-25.11554],[-49.10289,-25.1156],[-49.10286,-25.11566],[-49.10254,-25.11581],[-49.10245,-25.11587],[-49.10238,-25.11594],[-49.10232,-25.11602],[-49.10228,-25.11612],[-49.10227,-25.11624],[-49.10228,-25.11635],[-49.10253,-25.11691],[-49.10256,-25.11696],[-49.10259,-25.117],[-49.10288,-25.11718],[-49.1029,-25.11722],[-49.1029,-25.11726],[-49.10289,-25.11729],[-49.10233,-25.11763],[-49.10226,-25.11765],[-49.10218,-25.11766],[-49.10198,-25.11765],[-49.1019,-25.11767],[-49.10184,-25.11772],[-49.10104,-25.11865],[-49.10099,-25.1187],[-49.10097,-25.11876],[-49.10096,-25.11885],[-49.10087,-25.11997]]}},{"type":"Feature","properties":{"n":"Rua João Batista Zen","h":"tertiary"},"geometry":{"type":"LineString","coordinates":[[-49.32267,-25.20332],[-49.32237,-25.20355],[-49.3222,-25.20365]]}},{"type":"Feature","properties":{"n":"","h":"residential"},"geometry":{"type":"LineString","coordinates":[[-49.32415,-25.20749],[-49.32398,-25.20762],[-49.32382,-25.20773],[-49.32371,-25.2078],[-49.32353,-25.20785],[-49.32338,-25.20787],[-49.32332,-25.20785],[-49.32329,-25.20779],[-49.32329,-25.20774],[-49.32331,-25.20756],[-49.32336,-25.20746]]}},{"type":"Feature","properties":{"n":"","h":"residential"},"geometry":{"type":"LineString","coordinates":[[-49.3242,-25.20831],[-49.32395,-25.20844],[-49.3235,-25.20867],[-49.32349,-25.2089],[-49.32343,-25.20915]]}},{"type":"Feature","properties":{"n":"","h":"unclassified"},"geometry":{"type":"LineString","coordinates":[[-49.30931,-25.21311],[-49.30947,-25.21311]]}},{"type":"Feature","properties":{"n":"","h":"unclassified"},"geometry":{"type":"LineString","coordinates":[[-49.3061,-25.21446],[-49.30601,-25.21437]]}},{"type":"Feature","properties":{"n":"","h":"tertiary"},"geometry":{"type":"LineString","coordinates":[[-49.31031,-25.06928],[-49.31066,-25.06891],[-49.31062,-25.06839],[-49.31069,-25.0682],[-49.31191,-25.06804],[-49.31269,-25.06795],[-49.31277,-25.06789],[-49.31282,-25.06782],[-49.31282,-25.06744],[-49.31285,-25.06736],[-49.313,-25.06727],[-49.31308,-25.06725],[-49.31321,-25.06725],[-49.31346,-25.06729],[-49.31367,-25.06727],[-49.31379,-25.06721],[-49.3139,-25.06711],[-49.31411,-25.06684],[-49.31415,-25.06674],[-49.31422,-25.06642],[-49.31422,-25.06635],[-49.31426,-25.0662],[-49.31431,-25.06615],[-49.31446,-25.06606],[-49.31461,-25.06594],[-49.31474,-25.06591],[-49.3149,-25.06592],[-49.31504,-25.06599],[-49.31527,-25.06619],[-49.31533,-25.06622],[-49.31541,-25.06621],[-49.31551,-25.06616],[-49.31599,-25.06589],[-49.31604,-25.06584],[-49.3161,-25.06571],[-49.31617,-25.06565],[-49.31621,-25.06563],[-49.31631,-25.06563],[-49.31659,-25.06575],[-49.3167,-25.06575],[-49.31682,-25.06568],[-49.31702,-25.0655],[-49.3174,-25.06528],[-49.31753,-25.06515],[-49.31765,-25.06495],[-49.3177,-25.0648],[-49.31772,-25.06463],[-49.31777,-25.06452],[-49.31791,-25.06444],[-49.31822,-25.06438],[-49.31829,-25.06431],[-49.31856,-25.06391],[-49.31868,-25.0638],[-49.31909,-25.06347],[-49.3196,-25.06314],[-49.31971,-25.06304],[-49.31976,-25.06294],[-49.31979,-25.06261],[-49.31985,-25.06246],[-49.3199,-25.0624],[-49.3202,-25.06213],[-49.32043,-25.06196],[-49.32097,-25.06168],[-49.32117,-25.06161],[-49.32127,-25.06162],[-49.32151,-25.06177],[-49.32162,-25.06181],[-49.32177,-25.0618],[-49.32186,-25.06175],[-49.3219,-25.06171],[-49.32225,-25.06118],[-49.32226,-25.06092],[-49.32228,-25.06085],[-49.32243,-25.06063],[-49.32258,-25.06045],[-49.3228,-25.06029],[-49.32295,-25.05987],[-49.32302,-25.05973],[-49.32308,-25.05967],[-49.32325,-25.05958],[-49.32337,-25.05949],[-49.32361,-25.05918],[-49.3237,-25.05898],[-49.3238,-25.05884],[-49.32406,-25.05855],[-49.32422,-25.0584],[-49.32432,-25.05835],[-49.32462,-25.05828],[-49.32491,-25.05813],[-49.32507,-25.05807],[-49.32531,-25.05808],[-49.32566,-25.05816],[-49.32575,-25.05815],[-49.32586,-25.05808],[-49.32606,-25.05778],[-49.32611,-25.05762],[-49.32609,-25.05748],[-49.32602,-25.05728],[-49.32607,-25.0571],[-49.32637,-25.05669],[-49.3265,-25.05651],[-49.32674,-25.05634],[-49.32683,-25.05612],[-49.32692,-25.05596],[-49.32713,-25.05576],[-49.32736,-25.05562],[-49.32747,-25.05559],[-49.32777,-25.05554],[-49.32806,-25.05535],[-49.3282,-25.05536],[-49.3284,-25.05546],[-49.32865,-25.05522],[-49.32886,-25.05508],[-49.32916,-25.05484],[-49.32947,-25.05462],[-49.32964,-25.05455],[-49.32989,-25.05456],[-49.32998,-25.05454],[-49.33001,-25.05451],[-49.32984,-25.05431],[-49.32975,-25.05417]]}},{"type":"Feature","properties":{"n":"","h":"tertiary"},"geometry":{"type":"LineString","coordinates":[[-49.28629,-25.0888],[-49.28624,-25.08904],[-49.28611,-25.08937],[-49.28614,-25.08943],[-49.28626,-25.08949],[-49.28638,-25.0895],[-49.28665,-25.08956],[-49.28702,-25.08962],[-49.28732,-25.08969],[-49.2878,-25.08988],[-49.28796,-25.08996],[-49.28806,-25.09003],[-49.28846,-25.09048],[-49.28858,-25.09065],[-49.28862,-25.09082],[-49.28868,-25.09119],[-49.28872,-25.09127],[-49.28881,-25.09138],[-49.289,-25.09153],[-49.28917,-25.09172],[-49.28926,-25.09187],[-49.28928,-25.09198],[-49.28928,-25.09229],[-49.28922,-25.09283],[-49.28921,-25.09346],[-49.28902,-25.09409],[-49.28898,-25.0943],[-49.28894,-25.09439],[-49.28885,-25.09453],[-49.28832,-25.09519],[-49.28805,-25.09572]]}},{"type":"Feature","properties":{"n":"","h":"tertiary"},"geometry":{"type":"LineString","coordinates":[[-49.28629,-25.0888],[-49.2865,-25.08878],[-49.28679,-25.08882],[-49.28718,-25.08875],[-49.28752,-25.08892],[-49.2879,-25.0886],[-49.28785,-25.08811],[-49.288,-25.08811],[-49.28814,-25.08805],[-49.28822,-25.0881],[-49.28835,-25.08831],[-49.28841,-25.08836],[-49.28847,-25.08838],[-49.28913,-25.08833],[-49.28928,-25.08835],[-49.28947,-25.08841],[-49.28957,-25.08842],[-49.28964,-25.08839],[-49.28967,-25.08835],[-49.28969,-25.0883],[-49.28967,-25.08794],[-49.28969,-25.08772],[-49.28974,-25.08758],[-49.2898,-25.08749],[-49.28989,-25.08742],[-49.29019,-25.0874],[-49.29053,-25.08742],[-49.2909,-25.08709],[-49.2911,-25.08673],[-49.29145,-25.08649],[-49.29176,-25.0862],[-49.29216,-25.08602],[-49.29245,-25.08538],[-49.29274,-25.08523],[-49.29304,-25.08498],[-49.29312,-25.08485],[-49.29325,-25.08473],[-49.29335,-25.08468],[-49.29347,-25.08464],[-49.29394,-25.08455],[-49.29455,-25.08429],[-49.29498,-25.08413],[-49.29537,-25.08394],[-49.29546,-25.08387],[-49.29557,-25.08374],[-49.29571,-25.08363],[-49.29582,-25.08358],[-49.29617,-25.08346],[-49.29648,-25.08326],[-49.29671,-25.08314],[-49.2969,-25.08298],[-49.29715,-25.08268],[-49.29734,-25.0825],[-49.29783,-25.08223],[-49.29823,-25.08198],[-49.29884,-25.08155],[-49.29918,-25.08129],[-49.29963,-25.08106],[-49.29996,-25.08087],[-49.30048,-25.08045],[-49.30098,-25.08021],[-49.30147,-25.07992],[-49.30187,-25.07974],[-49.30206,-25.07958],[-49.3024,-25.07925],[-49.30261,-25.07912],[-49.30281,-25.07905],[-49.30296,-25.07907],[-49.30307,-25.07911],[-49.30373,-25.07943],[-49.30389,-25.0795],[-49.30407,-25.07955],[-49.30418,-25.07955],[-49.30426,-25.07954],[-49.30444,-25.07948],[-49.30453,-25.07942],[-49.30457,-25.07934],[-49.30456,-25.07931],[-49.30453,-25.07927],[-49.30438,-25.0792],[-49.30394,-25.07905],[-49.30371,-25.0789],[-49.30353,-25.07871],[-49.30345,-25.0786],[-49.30328,-25.07823],[-49.30302,-25.07786],[-49.30276,-25.0774],[-49.3027,-25.07722],[-49.30273,-25.07699],[-49.30277,-25.07688],[-49.30287,-25.07672],[-49.30323,-25.07624],[-49.3033,-25.07589],[-49.30332,-25.07564],[-49.30328,-25.07549],[-49.30322,-25.07535],[-49.3032,-25.07519],[-49.30325,-25.07505],[-49.30331,-25.07496],[-49.30349,-25.07479],[-49.30366,-25.07471],[-49.30388,-25.0747],[-49.30418,-25.07474],[-49.30434,-25.07473],[-49.30476,-25.07464],[-49.30512,-25.07459],[-49.30525,-25.07452],[-49.30534,-25.07444],[-49.30544,-25.07428],[-49.30564,-25.07377],[-49.30563,-25.07369],[-49.30561,-25.07365],[-49.30544,-25.07347],[-49.30544,-25.07336],[-49.30546,-25.07329],[-49.30554,-25.07315],[-49.30561,-25.07307],[-49.30574,-25.073],[-49.30602,-25.07291],[-49.30614,-25.07282],[-49.30617,-25.07275],[-49.3063,-25.07229],[-49.30659,-25.07182],[-49.3066,-25.07171]]}},{"type":"Feature","properties":{"n":"","h":"tertiary"},"geometry":{"type":"LineString","coordinates":[[-49.34358,-25.01591],[-49.34314,-25.016],[-49.34286,-25.01641],[-49.34281,-25.01681],[-49.34191,-25.01772],[-49.34174,-25.0183],[-49.34128,-25.01871],[-49.34097,-25.01957],[-49.33998,-25.01989],[-49.33954,-25.02101],[-49.33854,-25.02151],[-49.3383,-25.02199],[-49.33801,-25.02237],[-49.33834,-25.02319],[-49.33803,-25.02414],[-49.3371,-25.02462],[-49.33688,-25.02539],[-49.33599,-25.02641],[-49.33599,-25.02652],[-49.33607,-25.02684],[-49.33614,-25.02717],[-49.33627,-25.02751],[-49.33646,-25.02771],[-49.3365,-25.02779],[-49.33647,-25.02784],[-49.33643,-25.02786],[-49.33637,-25.02785],[-49.33616,-25.02772],[-49.33604,-25.02769],[-49.33588,-25.02769],[-49.3357,-25.02773],[-49.3355,-25.0278],[-49.33532,-25.02788],[-49.33514,-25.02799],[-49.33501,-25.02813],[-49.33492,-25.02832],[-49.33487,-25.02856],[-49.33511,-25.02893],[-49.33537,-25.02907],[-49.33609,-25.02904],[-49.33633,-25.02923],[-49.33622,-25.02971],[-49.33522,-25.03045],[-49.3351,-25.03082],[-49.33435,-25.03118],[-49.33423,-25.03165],[-49.33457,-25.03203],[-49.33577,-25.03455],[-49.33628,-25.0349],[-49.33627,-25.03566],[-49.33595,-25.03602],[-49.33511,-25.03653],[-49.33513,-25.0376],[-49.3346,-25.03879],[-49.33509,-25.03945],[-49.336,-25.03948],[-49.33602,-25.03971],[-49.3363,-25.04042],[-49.33645,-25.04057],[-49.33657,-25.04064],[-49.33669,-25.04067],[-49.33682,-25.04063],[-49.33717,-25.0403],[-49.33735,-25.04025],[-49.33771,-25.04025],[-49.33804,-25.04017],[-49.33818,-25.04009],[-49.33861,-25.03949],[-49.33889,-25.0397],[-49.33877,-25.03986],[-49.33871,-25.04006],[-49.33864,-25.0405],[-49.33867,-25.04067],[-49.33873,-25.04078],[-49.33883,-25.04087],[-49.33898,-25.04093],[-49.33928,-25.04101],[-49.33939,-25.04109],[-49.33947,-25.04117],[-49.33952,-25.04133],[-49.33955,-25.04161],[-49.33968,-25.04177],[-49.33973,-25.04187],[-49.33971,-25.04196],[-49.33963,-25.042],[-49.33941,-25.042],[-49.33911,-25.04213],[-49.33873,-25.04224],[-49.33852,-25.04222],[-49.33839,-25.04216],[-49.33807,-25.0419],[-49.3378,-25.0419],[-49.33732,-25.04203],[-49.33684,-25.04222],[-49.33638,-25.04244],[-49.33604,-25.04255],[-49.33591,-25.04262],[-49.33582,-25.04269],[-49.33566,-25.0429],[-49.33534,-25.04315],[-49.33523,-25.04329],[-49.33521,-25.04337],[-49.3352,-25.04346],[-49.33522,-25.04354],[-49.33533,-25.04375],[-49.33533,-25.04379],[-49.3353,-25.04384],[-49.33525,-25.04385],[-49.33516,-25.04385],[-49.33502,-25.04382],[-49.33492,-25.04382],[-49.33485,-25.04384],[-49.33478,-25.04388],[-49.33474,-25.04393],[-49.33468,-25.04405],[-49.33458,-25.04419],[-49.33433,-25.04434],[-49.3342,-25.04438],[-49.33408,-25.04438],[-49.33401,-25.04437],[-49.33381,-25.04424],[-49.33358,-25.04415],[-49.33344,-25.04414],[-49.33331,-25.04416],[-49.33319,-25.04424],[-49.33297,-25.04454],[-49.33275,-25.04464],[-49.3329,-25.04542],[-49.33319,-25.04581],[-49.33333,-25.04591],[-49.33346,-25.04601],[-49.33349,-25.04606],[-49.33349,-25.04609],[-49.3334,-25.04613],[-49.33323,-25.0462],[-49.33307,-25.04626],[-49.33299,-25.04631],[-49.3329,-25.04637],[-49.33251,-25.04653],[-49.33218,-25.04651],[-49.33194,-25.04641],[-49.33152,-25.04618],[-49.33112,-25.04587],[-49.33104,-25.04583],[-49.3309,-25.04585],[-49.33076,-25.04585],[-49.33015,-25.04623],[-49.33006,-25.04639],[-49.33004,-25.04648],[-49.33004,-25.0467],[-49.33003,-25.04673],[-49.32998,-25.04677],[-49.32991,-25.04678],[-49.32949,-25.04669],[-49.32914,-25.04665],[-49.32889,-25.04667],[-49.32872,-25.04679],[-49.32885,-25.04704],[-49.32916,-25.04738],[-49.32921,-25.04756],[-49.32921,-25.04771],[-49.32914,-25.04816],[-49.32914,-25.04824],[-49.32917,-25.04836],[-49.32937,-25.04877],[-49.32944,-25.04913],[-49.32944,-25.04933],[-49.32941,-25.04945],[-49.32925,-25.04968],[-49.32925,-25.04988],[-49.32934,-25.05005],[-49.32977,-25.05044],[-49.33014,-25.05071],[-49.33025,-25.05085],[-49.33027,-25.05093],[-49.33027,-25.05102],[-49.33008,-25.05155],[-49.33007,-25.05173],[-49.33008,-25.05179],[-49.3302,-25.05187],[-49.3306,-25.05207],[-49.33104,-25.05213],[-49.33116,-25.05219],[-49.33118,-25.05248],[-49.33157,-25.05253],[-49.33153,-25.05268],[-49.33098,-25.05261],[-49.33072,-25.05269],[-49.33035,-25.0529],[-49.33026,-25.05303],[-49.33008,-25.05344],[-49.32984,-25.05378],[-49.32975,-25.05417]]}},{"type":"Feature","properties":{"n":"","h":"tertiary"},"geometry":{"type":"LineString","coordinates":[[-49.31031,-25.06928],[-49.30979,-25.06935],[-49.30966,-25.06941],[-49.30935,-25.06945],[-49.30867,-25.06965],[-49.30858,-25.06973],[-49.30852,-25.06984],[-49.30846,-25.07011],[-49.30837,-25.07037],[-49.30829,-25.07049],[-49.30819,-25.07059],[-49.30808,-25.07066],[-49.30801,-25.07068],[-49.30786,-25.07068],[-49.30774,-25.07065],[-49.30753,-25.07063],[-49.3073,-25.07064],[-49.30711,-25.07072],[-49.30705,-25.07079],[-49.30669,-25.0714],[-49.3066,-25.07171]]}},{"type":"Feature","properties":{"n":"","h":"tertiary"},"geometry":{"type":"LineString","coordinates":[[-49.29482,-25.14287],[-49.29484,-25.14269],[-49.29487,-25.14258],[-49.29503,-25.1425],[-49.29513,-25.14244],[-49.29525,-25.14233],[-49.29545,-25.14223],[-49.29562,-25.14219],[-49.29575,-25.14219],[-49.29592,-25.14211],[-49.29603,-25.14207],[-49.29617,-25.14208],[-49.29639,-25.14213],[-49.29659,-25.14219],[-49.29671,-25.1422],[-49.29689,-25.14214],[-49.29698,-25.1421],[-49.29719,-25.14213],[-49.29744,-25.14219]]}},{"type":"Feature","properties":{"n":"","h":"unclassified"},"geometry":{"type":"LineString","coordinates":[[-49.28805,-25.09572],[-49.28794,-25.09582],[-49.28785,-25.09597],[-49.28782,-25.09608],[-49.28775,-25.09624],[-49.28748,-25.0965],[-49.28707,-25.09668],[-49.28688,-25.09669],[-49.28666,-25.09669],[-49.28651,-25.09676],[-49.28631,-25.09697],[-49.28619,-25.09704],[-49.28591,-25.09731],[-49.28564,-25.09761],[-49.2854,-25.09796],[-49.28526,-25.09806],[-49.28507,-25.09821],[-49.28483,-25.09846],[-49.28466,-25.09854],[-49.28446,-25.09858],[-49.28429,-25.09863],[-49.28415,-25.09872],[-49.28393,-25.09879],[-49.28369,-25.0988],[-49.28344,-25.09884],[-49.28324,-25.09894],[-49.28303,-25.09907],[-49.28288,-25.09927],[-49.28274,-25.09962],[-49.28258,-25.09971],[-49.28239,-25.09983],[-49.28215,-25.09999],[-49.28191,-25.10023],[-49.28168,-25.10044],[-49.28141,-25.10065],[-49.2812,-25.10083],[-49.28095,-25.10113],[-49.28066,-25.10135],[-49.28046,-25.10149],[-49.28031,-25.1016],[-49.28002,-25.10191],[-49.27984,-25.10216],[-49.27968,-25.10241],[-49.27959,-25.10254],[-49.27951,-25.1026],[-49.27935,-25.10263],[-49.27901,-25.10272],[-49.27882,-25.10288],[-49.27862,-25.10296],[-49.27844,-25.10298],[-49.27834,-25.10304],[-49.2783,-25.10313],[-49.27828,-25.10328],[-49.27828,-25.10343],[-49.2782,-25.10357],[-49.27807,-25.1036],[-49.27796,-25.1036],[-49.27779,-25.10363],[-49.27761,-25.10367],[-49.27743,-25.10373],[-49.27737,-25.10379],[-49.27731,-25.10398],[-49.27719,-25.10414],[-49.27707,-25.10433],[-49.27698,-25.10448],[-49.27685,-25.10475],[-49.27671,-25.10492],[-49.2765,-25.10504],[-49.27635,-25.10514],[-49.27604,-25.10533],[-49.27596,-25.10546],[-49.27587,-25.10557],[-49.27577,-25.10568],[-49.27564,-25.10574],[-49.27548,-25.10574],[-49.2753,-25.1057],[-49.2752,-25.10568],[-49.27505,-25.10572],[-49.27479,-25.10585],[-49.27431,-25.10622],[-49.27422,-25.10635],[-49.27429,-25.10656],[-49.27432,-25.10683],[-49.27432,-25.10706],[-49.2743,-25.10727],[-49.27429,-25.1074],[-49.27427,-25.10749],[-49.2742,-25.10761],[-49.27402,-25.10763],[-49.27385,-25.10766],[-49.27376,-25.10772],[-49.2737,-25.10784],[-49.27364,-25.10798],[-49.27356,-25.10807],[-49.27335,-25.10824],[-49.27323,-25.10837],[-49.27311,-25.10849],[-49.27289,-25.10867],[-49.27268,-25.10888],[-49.27232,-25.1092],[-49.27218,-25.10931],[-49.27208,-25.10947],[-49.27203,-25.10959],[-49.27197,-25.10996],[-49.27195,-25.11037],[-49.27187,-25.11069],[-49.27185,-25.11081],[-49.27188,-25.11094],[-49.27197,-25.1111],[-49.27196,-25.11129],[-49.27193,-25.11144],[-49.27193,-25.11154],[-49.27193,-25.11161],[-49.27197,-25.11168],[-49.27203,-25.11175],[-49.27209,-25.11179],[-49.27235,-25.11187],[-49.27264,-25.11194],[-49.27282,-25.11202],[-49.27288,-25.11214],[-49.27288,-25.11223],[-49.27281,-25.1123],[-49.27269,-25.11232],[-49.27251,-25.11235],[-49.27222,-25.11239],[-49.27208,-25.11244],[-49.27185,-25.1125],[-49.27166,-25.1126],[-49.27153,-25.11263],[-49.27137,-25.11263],[-49.27119,-25.11264],[-49.27096,-25.11268],[-49.27081,-25.11277],[-49.27063,-25.11284],[-49.27053,-25.11294],[-49.27042,-25.11319],[-49.27024,-25.11326],[-49.27015,-25.1133],[-49.27005,-25.11335],[-49.27,-25.11348],[-49.26995,-25.11362],[-49.26984,-25.11373],[-49.26962,-25.11387],[-49.2695,-25.114],[-49.26942,-25.11407],[-49.26931,-25.11413],[-49.2692,-25.11421],[-49.26907,-25.11433],[-49.26901,-25.11444],[-49.26893,-25.11454],[-49.26882,-25.11459],[-49.26865,-25.11461],[-49.26857,-25.11464],[-49.26849,-25.1147],[-49.2684,-25.11486],[-49.2683,-25.11508],[-49.26818,-25.1153],[-49.26807,-25.11536],[-49.26796,-25.1154],[-49.26776,-25.11545],[-49.26759,-25.11549],[-49.26746,-25.11558],[-49.26718,-25.11583],[-49.26694,-25.11604],[-49.26659,-25.11625],[-49.266,-25.1168],[-49.26587,-25.11694],[-49.26574,-25.11713],[-49.26556,-25.11733],[-49.26545,-25.11749],[-49.26538,-25.11772],[-49.26531,-25.11811],[-49.2652,-25.11833],[-49.26508,-25.11854],[-49.26494,-25.11883],[-49.2649,-25.119],[-49.26494,-25.11917],[-49.26491,-25.11958],[-49.26484,-25.11979],[-49.2647,-25.11997],[-49.26452,-25.12011],[-49.26441,-25.12022],[-49.26428,-25.12026],[-49.26413,-25.12025],[-49.26373,-25.1201],[-49.26355,-25.1201],[-49.26343,-25.12015],[-49.26333,-25.12024],[-49.26306,-25.12052],[-49.26293,-25.1206]]}},{"type":"Feature","properties":{"n":"","h":"unclassified"},"geometry":{"type":"LineString","coordinates":[[-49.50047,-25.0379],[-49.50041,-25.03788]]}},{"type":"Feature","properties":{"n":"","h":"unclassified"},"geometry":{"type":"LineString","coordinates":[[-49.50041,-25.03788],[-49.50038,-25.0378],[-49.50033,-25.03769],[-49.50026,-25.03761],[-49.50021,-25.03759],[-49.50009,-25.03761],[-49.50002,-25.03763],[-49.49993,-25.03758],[-49.49979,-25.03748],[-49.49963,-25.03744],[-49.49933,-25.03739],[-49.49906,-25.03733],[-49.49868,-25.03724],[-49.49823,-25.03714],[-49.49782,-25.03705],[-49.49764,-25.03696],[-49.49757,-25.03686],[-49.49744,-25.0367],[-49.49731,-25.03657],[-49.49718,-25.03652],[-49.49704,-25.03643],[-49.49695,-25.03621]]}},{"type":"Feature","properties":{"n":"","h":"unclassified"},"geometry":{"type":"LineString","coordinates":[[-49.4928,-25.05384],[-49.49266,-25.05363],[-49.49259,-25.05349],[-49.49252,-25.05336],[-49.49242,-25.05324],[-49.49227,-25.05312],[-49.49221,-25.05306],[-49.4922,-25.05299],[-49.49218,-25.0529],[-49.49213,-25.05282],[-49.49208,-25.05278],[-49.49201,-25.05274],[-49.49189,-25.05271],[-49.49172,-25.05269],[-49.49164,-25.05266],[-49.49154,-25.05258],[-49.49148,-25.05249],[-49.4914,-25.05236],[-49.49129,-25.05224],[-49.49114,-25.05209],[-49.49089,-25.0519],[-49.49067,-25.05178],[-49.49041,-25.05165],[-49.49017,-25.05152],[-49.48996,-25.05145],[-49.48961,-25.05143],[-49.48929,-25.05143],[-49.489,-25.05151],[-49.48859,-25.0517],[-49.48822,-25.05186],[-49.488,-25.05199],[-49.48768,-25.0521],[-49.48745,-25.05212],[-49.48722,-25.05213],[-49.48701,-25.05216]]}},{"type":"Feature","properties":{"n":"","h":"unclassified"},"geometry":{"type":"LineString","coordinates":[[-49.49681,-25.0477],[-49.49658,-25.04774],[-49.49638,-25.04773],[-49.49614,-25.04773],[-49.49576,-25.04775],[-49.49549,-25.04771],[-49.49533,-25.04761],[-49.4952,-25.0475],[-49.49511,-25.04745],[-49.49495,-25.0474],[-49.49481,-25.0474],[-49.49466,-25.04735],[-49.49445,-25.04725],[-49.49352,-25.04693],[-49.49342,-25.04686],[-49.49329,-25.04672],[-49.49306,-25.04666],[-49.49276,-25.04658],[-49.49262,-25.0466]]}},{"type":"Feature","properties":{"n":"Rua Generoso Marques","h":"tertiary"},"geometry":{"type":"LineString","coordinates":[[-49.30731,-25.19161],[-49.30688,-25.19169],[-49.30617,-25.19181],[-49.30596,-25.19187],[-49.30582,-25.19191],[-49.30569,-25.19198],[-49.3054,-25.19216],[-49.30514,-25.1923],[-49.30459,-25.19269],[-49.30437,-25.19286],[-49.30421,-25.19297]]}},{"type":"Feature","properties":{"n":"Rodovia Gertrudes Manguer da Rosa","h":"secondary"},"geometry":{"type":"LineString","coordinates":[[-49.31969,-25.18446],[-49.31981,-25.18449],[-49.31989,-25.1845],[-49.32,-25.18453]]}},{"type":"Feature","properties":{"n":"Rodovia Gertrudes Manguer da Rosa","h":"secondary"},"geometry":{"type":"LineString","coordinates":[[-49.31959,-25.18444],[-49.31964,-25.18445]]}},{"type":"Feature","properties":{"n":"","h":"unclassified"},"geometry":{"type":"LineString","coordinates":[[-49.42765,-24.91761],[-49.42785,-24.91778],[-49.42808,-24.91783],[-49.42865,-24.91774],[-49.42908,-24.91768],[-49.42944,-24.91779],[-49.42992,-24.91798],[-49.43069,-24.91832],[-49.43091,-24.91845],[-49.43113,-24.91851],[-49.4313,-24.91858],[-49.4317,-24.91898],[-49.43193,-24.91922],[-49.43206,-24.91945],[-49.43203,-24.91969],[-49.43219,-24.91989],[-49.43235,-24.92017],[-49.43238,-24.92039],[-49.43255,-24.92076],[-49.43276,-24.92115],[-49.43281,-24.92144],[-49.43294,-24.92171],[-49.43311,-24.92198],[-49.43326,-24.92233],[-49.43342,-24.92251],[-49.43395,-24.92285],[-49.43467,-24.9234],[-49.43499,-24.92375],[-49.43512,-24.92383],[-49.43547,-24.92395],[-49.43562,-24.92416],[-49.43564,-24.92441],[-49.43579,-24.92453],[-49.43608,-24.92462],[-49.43658,-24.92471],[-49.43675,-24.92477],[-49.43679,-24.92502],[-49.43665,-24.92528],[-49.43648,-24.92547],[-49.43631,-24.92554],[-49.43631,-24.92571],[-49.43648,-24.92599],[-49.43658,-24.92624],[-49.43652,-24.9266],[-49.43646,-24.9269],[-49.43663,-24.92758],[-49.43691,-24.92785],[-49.43739,-24.92818],[-49.43762,-24.92852],[-49.43765,-24.92873],[-49.43785,-24.92975],[-49.43798,-24.9301],[-49.4385,-24.93056],[-49.43972,-24.93116],[-49.43999,-24.93138],[-49.44037,-24.93144],[-49.44076,-24.9313],[-49.44106,-24.93141],[-49.44239,-24.93253],[-49.44263,-24.93272],[-49.44263,-24.93297],[-49.44268,-24.93325],[-49.44269,-24.93351],[-49.4425,-24.93378],[-49.44251,-24.93395],[-49.44264,-24.93417],[-49.44268,-24.93458],[-49.44281,-24.93492],[-49.44288,-24.93521],[-49.4428,-24.93548],[-49.44269,-24.93592],[-49.44257,-24.93609],[-49.44238,-24.93622],[-49.44234,-24.93635],[-49.44244,-24.93652],[-49.44266,-24.93684],[-49.44268,-24.93705],[-49.44266,-24.93737],[-49.44232,-24.93781],[-49.44182,-24.93819],[-49.44158,-24.93824],[-49.44136,-24.93821],[-49.4411,-24.9381],[-49.44086,-24.93809],[-49.44076,-24.93814],[-49.44079,-24.93836],[-49.44083,-24.93881],[-49.44075,-24.93908],[-49.44045,-24.93956],[-49.43962,-24.94001],[-49.43895,-24.94033],[-49.43875,-24.94051],[-49.43849,-24.94104],[-49.4382,-24.94174]]}},{"type":"Feature","properties":{"n":"","h":"unclassified"},"geometry":{"type":"LineString","coordinates":[[-49.48254,-24.93056],[-49.48357,-24.92965]]}},{"type":"Feature","properties":{"n":"","h":"unclassified"},"geometry":{"type":"LineString","coordinates":[[-49.4845,-24.93012],[-49.48399,-24.9303],[-49.48349,-24.93072],[-49.48336,-24.93135],[-49.48338,-24.9316],[-49.48362,-24.93208],[-49.48381,-24.93311],[-49.48396,-24.93362],[-49.48388,-24.93392],[-49.48341,-24.93456],[-49.48231,-24.93514],[-49.48145,-24.93544],[-49.4807,-24.93542],[-49.48008,-24.93545],[-49.47942,-24.93586],[-49.47829,-24.93651],[-49.47787,-24.93675],[-49.47789,-24.93735],[-49.4782,-24.9376],[-49.47872,-24.93768],[-49.47876,-24.93782],[-49.47816,-24.9384],[-49.47814,-24.93912],[-49.47818,-24.93963],[-49.47829,-24.94017],[-49.47847,-24.94045],[-49.47821,-24.9411],[-49.4779,-24.94142],[-49.47749,-24.9418],[-49.47763,-24.94222],[-49.47752,-24.94241],[-49.47719,-24.94247],[-49.47624,-24.94265],[-49.47607,-24.94288],[-49.47612,-24.94315],[-49.47653,-24.94352],[-49.47649,-24.944],[-49.47606,-24.94471]]}},{"type":"Feature","properties":{"n":"","h":"unclassified"},"geometry":{"type":"LineString","coordinates":[[-49.48549,-24.96884],[-49.48432,-24.96947],[-49.48386,-24.96975],[-49.48341,-24.97019],[-49.48293,-24.97038],[-49.48234,-24.97097],[-49.48227,-24.97127],[-49.48313,-24.97201],[-49.48333,-24.97218],[-49.48331,-24.97315],[-49.4833,-24.97451],[-49.48299,-24.97515],[-49.48254,-24.97597],[-49.48249,-24.97716],[-49.48247,-24.97805],[-49.4819,-24.97919],[-49.48185,-24.97923],[-49.48143,-24.97953],[-49.48122,-24.98046],[-49.48141,-24.98166],[-49.48163,-24.98195],[-49.48152,-24.98275],[-49.48267,-24.98404],[-49.48264,-24.98467],[-49.48271,-24.98534],[-49.48263,-24.98604],[-49.48231,-24.9865],[-49.48232,-24.9871],[-49.48205,-24.98743]]}},{"type":"Feature","properties":{"n":"","h":"residential"},"geometry":{"type":"LineString","coordinates":[[-49.42748,-24.99421],[-49.42721,-24.99422],[-49.42644,-24.99388],[-49.42585,-24.99299],[-49.42567,-24.99297],[-49.42541,-24.9925],[-49.42499,-24.99243],[-49.42447,-24.99209],[-49.4239,-24.99194],[-49.42352,-24.99206],[-49.42249,-24.99204],[-49.42221,-24.99192],[-49.42177,-24.99151],[-49.42124,-24.99123],[-49.42106,-24.99106],[-49.42029,-24.99096],[-49.41991,-24.99101]]}},{"type":"Feature","properties":{"n":"","h":"tertiary"},"geometry":{"type":"LineString","coordinates":[[-49.5367,-24.98753],[-49.53649,-24.98743],[-49.53618,-24.98736]]}},{"type":"Feature","properties":{"n":"","h":"unclassified"},"geometry":{"type":"LineString","coordinates":[[-49.49998,-25.04667],[-49.4996,-25.04634],[-49.49928,-25.04606]]}},{"type":"Feature","properties":{"n":"","h":"unclassified"},"geometry":{"type":"LineString","coordinates":[[-49.20673,-25.08736],[-49.20641,-25.0875],[-49.20632,-25.0875],[-49.20576,-25.08747],[-49.20548,-25.08752],[-49.20521,-25.08759],[-49.20505,-25.08766],[-49.20486,-25.08783],[-49.20476,-25.08788],[-49.20461,-25.0879],[-49.20446,-25.08782],[-49.20422,-25.08752],[-49.2041,-25.08728],[-49.20402,-25.08725],[-49.2037,-25.08707],[-49.2034,-25.08699],[-49.20316,-25.08695],[-49.20309,-25.08691],[-49.20308,-25.08681],[-49.20306,-25.08674],[-49.20299,-25.08663],[-49.20287,-25.08654],[-49.20269,-25.08647],[-49.20262,-25.08642],[-49.20226,-25.08603],[-49.20194,-25.08587],[-49.20121,-25.08564],[-49.20049,-25.08548],[-49.19974,-25.0852],[-49.19933,-25.08492],[-49.19899,-25.08457],[-49.19858,-25.08389],[-49.19848,-25.08364],[-49.19842,-25.08357],[-49.19785,-25.08326],[-49.19698,-25.08262],[-49.19683,-25.08256],[-49.19671,-25.08253],[-49.19638,-25.08265],[-49.19625,-25.08273],[-49.19613,-25.08305],[-49.1961,-25.08314],[-49.19597,-25.0832],[-49.19547,-25.08323],[-49.19506,-25.08321],[-49.19465,-25.08318],[-49.19447,-25.08322],[-49.19399,-25.08359],[-49.19389,-25.08389],[-49.19383,-25.08451],[-49.19376,-25.08469],[-49.19337,-25.0854],[-49.19326,-25.08576],[-49.19318,-25.08597],[-49.19291,-25.0863],[-49.19268,-25.08674],[-49.19235,-25.08723],[-49.1922,-25.08732],[-49.19172,-25.08744],[-49.19153,-25.08752],[-49.19094,-25.0879],[-49.19071,-25.08799],[-49.19059,-25.08801],[-49.18997,-25.08781],[-49.18982,-25.0878],[-49.18947,-25.08794],[-49.18913,-25.08795],[-49.18871,-25.08805],[-49.18853,-25.08815],[-49.18844,-25.08816],[-49.18694,-25.08824],[-49.18669,-25.08825],[-49.18646,-25.08829],[-49.186,-25.08848],[-49.18563,-25.08884],[-49.18556,-25.08904],[-49.1855,-25.0893],[-49.18542,-25.08938],[-49.18524,-25.08943],[-49.18508,-25.0894],[-49.18483,-25.08935],[-49.1843,-25.08941],[-49.18385,-25.08957],[-49.18352,-25.08981],[-49.1834,-25.09008],[-49.18323,-25.0905],[-49.18298,-25.09067],[-49.18216,-25.09096],[-49.18199,-25.09104]]}},{"type":"Feature","properties":{"n":"","h":"unclassified"},"geometry":{"type":"LineString","coordinates":[[-49.18199,-25.09104],[-49.18184,-25.09124],[-49.18178,-25.09135],[-49.18101,-25.09169],[-49.18033,-25.09185],[-49.18023,-25.09179],[-49.17986,-25.09164],[-49.17968,-25.09138],[-49.17944,-25.09103],[-49.17918,-25.09078],[-49.17831,-25.09027],[-49.17773,-25.09006],[-49.17716,-25.08996],[-49.17686,-25.08995],[-49.17661,-25.09002],[-49.17639,-25.09016],[-49.17621,-25.09018],[-49.17528,-25.09019],[-49.17482,-25.09025],[-49.17404,-25.09068],[-49.17381,-25.09098],[-49.1736,-25.09129],[-49.17343,-25.09138],[-49.17245,-25.09177],[-49.17205,-25.09183],[-49.17187,-25.09194],[-49.17153,-25.09237],[-49.17135,-25.09254],[-49.17116,-25.09261],[-49.17085,-25.09274],[-49.17034,-25.09311],[-49.16999,-25.09329],[-49.16978,-25.09334],[-49.16946,-25.09335],[-49.16926,-25.09341],[-49.16906,-25.09366],[-49.16893,-25.09387]]}},{"type":"Feature","properties":{"n":"","h":"unclassified"},"geometry":{"type":"LineString","coordinates":[[-49.31735,-25.14086],[-49.31729,-25.14023],[-49.31723,-25.14001],[-49.31708,-25.1399],[-49.31658,-25.13966],[-49.31618,-25.13927],[-49.31579,-25.13866],[-49.3156,-25.13856],[-49.31455,-25.1379],[-49.3145,-25.13775],[-49.31449,-25.13736],[-49.31519,-25.13612],[-49.31563,-25.13522],[-49.31569,-25.13485],[-49.31577,-25.13437],[-49.31591,-25.13413],[-49.31641,-25.13378],[-49.31686,-25.13342],[-49.31694,-25.13326],[-49.31688,-25.13311],[-49.31625,-25.13266],[-49.3161,-25.13246],[-49.31596,-25.13233],[-49.31462,-25.13188],[-49.31397,-25.13159],[-49.31372,-25.1311],[-49.31367,-25.1305],[-49.31351,-25.1292],[-49.31336,-25.12891],[-49.31335,-25.1286],[-49.31349,-25.12821],[-49.31395,-25.12787],[-49.31461,-25.12735],[-49.31485,-25.12697],[-49.31518,-25.12643]]}},{"type":"Feature","properties":{"n":"","h":"unclassified"},"geometry":{"type":"LineString","coordinates":[[-49.35711,-25.0587],[-49.35706,-25.05876],[-49.35707,-25.05894],[-49.35709,-25.05909],[-49.35707,-25.05933],[-49.35694,-25.05991],[-49.35694,-25.06],[-49.35705,-25.06021],[-49.3571,-25.06034],[-49.35717,-25.06085],[-49.35711,-25.061],[-49.35674,-25.06141],[-49.35648,-25.06162],[-49.35645,-25.06169],[-49.35649,-25.0618],[-49.3568,-25.06182],[-49.35745,-25.06184],[-49.35758,-25.0619]]}},{"type":"Feature","properties":{"n":"","h":"unclassified"},"geometry":{"type":"LineString","coordinates":[[-49.35758,-25.0619],[-49.35784,-25.06205],[-49.35797,-25.06223],[-49.35805,-25.06251],[-49.35816,-25.0626],[-49.35834,-25.0626],[-49.35872,-25.06254],[-49.35912,-25.06257],[-49.3596,-25.06275],[-49.35976,-25.06297],[-49.36005,-25.06326],[-49.36049,-25.06353],[-49.36055,-25.06368],[-49.36057,-25.06383],[-49.36057,-25.06407],[-49.36062,-25.06416],[-49.36108,-25.06436],[-49.3613,-25.06454],[-49.36158,-25.06501],[-49.36174,-25.06528],[-49.36225,-25.06563],[-49.36263,-25.06582],[-49.36308,-25.06592],[-49.36326,-25.06604],[-49.36354,-25.06639],[-49.36361,-25.06671],[-49.36367,-25.06676],[-49.3639,-25.06683],[-49.36419,-25.06696],[-49.36438,-25.06715],[-49.36441,-25.06725]]}},{"type":"Feature","properties":{"n":"","h":"unclassified"},"geometry":{"type":"LineString","coordinates":[[-49.36441,-25.06725],[-49.36465,-25.06722],[-49.36484,-25.06721],[-49.365,-25.06721],[-49.36521,-25.06735],[-49.36534,-25.06737],[-49.3655,-25.06734],[-49.36572,-25.06712],[-49.36591,-25.06703],[-49.366,-25.06693],[-49.36605,-25.06671],[-49.3661,-25.06661],[-49.3663,-25.06646],[-49.36653,-25.06636],[-49.36681,-25.06629],[-49.36694,-25.06622],[-49.36704,-25.06605],[-49.36706,-25.0659],[-49.36705,-25.06578],[-49.36707,-25.06569],[-49.36727,-25.06529],[-49.3674,-25.06513],[-49.36747,-25.0651],[-49.36766,-25.06503],[-49.36775,-25.06495],[-49.36782,-25.06483],[-49.36792,-25.06467],[-49.36806,-25.06455],[-49.36835,-25.06437],[-49.36856,-25.06415],[-49.36864,-25.06411],[-49.36885,-25.06404],[-49.36892,-25.06395],[-49.36909,-25.06376],[-49.36918,-25.06373],[-49.36943,-25.06373],[-49.36962,-25.06373],[-49.37017,-25.06361],[-49.37031,-25.0635],[-49.37057,-25.06323],[-49.37078,-25.06296],[-49.37093,-25.06288],[-49.37119,-25.06279],[-49.37171,-25.06236],[-49.37199,-25.06196],[-49.37207,-25.06125],[-49.37176,-25.0605],[-49.37147,-25.05961],[-49.37135,-25.0592],[-49.37135,-25.05907]]}},{"type":"Feature","properties":{"n":"","h":"unclassified"},"geometry":{"type":"LineString","coordinates":[[-49.36441,-25.06725],[-49.36426,-25.06737],[-49.36402,-25.06776],[-49.36359,-25.06814],[-49.36297,-25.0687],[-49.36245,-25.06905],[-49.36217,-25.06936],[-49.36186,-25.06978],[-49.36159,-25.07016],[-49.36135,-25.07047],[-49.36129,-25.07065],[-49.36128,-25.07083],[-49.36121,-25.07102],[-49.36085,-25.07136],[-49.36047,-25.0716]]}},{"type":"Feature","properties":{"n":"","h":"track"},"geometry":{"type":"LineString","coordinates":[[-49.2186,-25.16146],[-49.21837,-25.1615],[-49.21792,-25.16159],[-49.21764,-25.16157],[-49.2175,-25.16151],[-49.21736,-25.16144],[-49.21723,-25.16144],[-49.21709,-25.16149],[-49.21694,-25.16163],[-49.21688,-25.1618],[-49.21687,-25.16194],[-49.21698,-25.16207],[-49.21704,-25.16214],[-49.21705,-25.16224]]}},{"type":"Feature","properties":{"n":"","h":"track"},"geometry":{"type":"LineString","coordinates":[[-49.21705,-25.16224],[-49.21706,-25.16321],[-49.21702,-25.16328],[-49.21695,-25.16333],[-49.21683,-25.16332],[-49.21659,-25.1633],[-49.21629,-25.16332],[-49.21604,-25.16329],[-49.21589,-25.1633],[-49.21574,-25.1634],[-49.21563,-25.16359],[-49.2155,-25.16402],[-49.21537,-25.16424],[-49.21531,-25.16443],[-49.21521,-25.16499],[-49.21521,-25.16513],[-49.2155,-25.16551],[-49.21565,-25.16576],[-49.21577,-25.16586],[-49.21588,-25.16591],[-49.21603,-25.16592],[-49.21631,-25.16589],[-49.21646,-25.16584],[-49.21658,-25.16573],[-49.21667,-25.16556],[-49.21672,-25.16551],[-49.2168,-25.16548],[-49.2169,-25.16551],[-49.2171,-25.16564],[-49.21722,-25.16567],[-49.21741,-25.16566],[-49.21753,-25.1657],[-49.2176,-25.16579],[-49.21768,-25.16622],[-49.21779,-25.16676],[-49.21798,-25.16704],[-49.21811,-25.16719],[-49.21826,-25.16737],[-49.21829,-25.16755],[-49.21837,-25.16785],[-49.21844,-25.16795],[-49.21849,-25.16798]]}},{"type":"Feature","properties":{"n":"","h":"unclassified"},"geometry":{"type":"LineString","coordinates":[[-49.24617,-25.13774],[-49.24552,-25.13832],[-49.24507,-25.13864],[-49.24492,-25.13884],[-49.24471,-25.13913],[-49.2443,-25.13978],[-49.24409,-25.14002],[-49.24371,-25.14022],[-49.24304,-25.14036],[-49.24258,-25.14032],[-49.24221,-25.14023],[-49.24209,-25.14024],[-49.24191,-25.14033],[-49.24154,-25.14099],[-49.24103,-25.14168],[-49.24031,-25.14238],[-49.24097,-25.14255],[-49.24119,-25.14258],[-49.2413,-25.14264],[-49.24137,-25.14273],[-49.24174,-25.14326],[-49.2418,-25.14338],[-49.24182,-25.1435],[-49.24169,-25.14422],[-49.24162,-25.14446],[-49.24107,-25.14507],[-49.24035,-25.14569],[-49.23983,-25.14628],[-49.23961,-25.14639],[-49.23935,-25.14646],[-49.23906,-25.14656],[-49.2387,-25.14666],[-49.23846,-25.14673],[-49.23826,-25.14688],[-49.23787,-25.14707],[-49.23767,-25.14715],[-49.2375,-25.14716],[-49.23739,-25.14716],[-49.23716,-25.14719],[-49.23695,-25.14722],[-49.23644,-25.14728],[-49.23622,-25.14737],[-49.23567,-25.14762],[-49.23546,-25.14772],[-49.2353,-25.14788],[-49.23512,-25.14805],[-49.23494,-25.14834],[-49.23487,-25.14856],[-49.23481,-25.14885],[-49.23467,-25.14906],[-49.23449,-25.14912],[-49.23442,-25.14908],[-49.23427,-25.14895],[-49.23406,-25.14885],[-49.23379,-25.14881],[-49.23359,-25.1488],[-49.23325,-25.14891],[-49.23284,-25.14903],[-49.2325,-25.14919],[-49.23233,-25.14937],[-49.23226,-25.14956],[-49.23212,-25.14966],[-49.2319,-25.14972],[-49.23168,-25.14986],[-49.23128,-25.15016],[-49.23096,-25.15021],[-49.2304,-25.15015],[-49.23001,-25.15017],[-49.22973,-25.15032],[-49.22915,-25.15074],[-49.22864,-25.15095],[-49.22822,-25.15104],[-49.22803,-25.15101],[-49.22771,-25.15091],[-49.22764,-25.15091],[-49.22756,-25.15095]]}},{"type":"Feature","properties":{"n":"","h":"unclassified"},"geometry":{"type":"LineString","coordinates":[[-49.46233,-24.985],[-49.46187,-24.98461],[-49.46142,-24.98448],[-49.46139,-24.98403],[-49.46225,-24.98325],[-49.46224,-24.98248],[-49.46166,-24.98171],[-49.46152,-24.9811],[-49.46102,-24.98093],[-49.45986,-24.98006],[-49.45944,-24.98007],[-49.45792,-24.97904],[-49.45768,-24.97907],[-49.45733,-24.97874],[-49.45603,-24.97829],[-49.45577,-24.9779],[-49.45519,-24.97758],[-49.45481,-24.97763],[-49.45402,-24.97689],[-49.45297,-24.97635],[-49.45276,-24.97625],[-49.45174,-24.97643],[-49.45108,-24.97672],[-49.45087,-24.97685],[-49.45007,-24.97671],[-49.44998,-24.97635],[-49.44965,-24.97584],[-49.44977,-24.97545],[-49.44993,-24.97449],[-49.44886,-24.97456],[-49.44742,-24.97461],[-49.44677,-24.97452],[-49.44652,-24.97493]]}},{"type":"Feature","properties":{"n":"","h":"unclassified"},"geometry":{"type":"LineString","coordinates":[[-49.44993,-24.97449],[-49.4504,-24.97423],[-49.45158,-24.97399],[-49.45181,-24.97306],[-49.45208,-24.97237],[-49.45222,-24.97196],[-49.45258,-24.97177],[-49.45289,-24.97124],[-49.45323,-24.97095],[-49.45421,-24.97106],[-49.4552,-24.97093],[-49.45571,-24.97068],[-49.45523,-24.9694],[-49.45549,-24.96871],[-49.45594,-24.96849],[-49.45612,-24.96792]]}},{"type":"Feature","properties":{"n":"","h":"unclassified"},"geometry":{"type":"LineString","coordinates":[[-49.46654,-24.99675],[-49.46615,-24.99649],[-49.46561,-24.99656],[-49.4653,-24.99639],[-49.4653,-24.99608],[-49.46502,-24.9961],[-49.46422,-24.99643],[-49.46384,-24.99619],[-49.46366,-24.99655],[-49.46339,-24.99657]]}},{"type":"Feature","properties":{"n":"","h":"unclassified"},"geometry":{"type":"LineString","coordinates":[[-49.46157,-25.01495],[-49.46102,-25.01475],[-49.45999,-25.01477],[-49.45959,-25.0155],[-49.45793,-25.01521],[-49.45687,-25.01478],[-49.45589,-25.01404],[-49.45578,-25.01372],[-49.45535,-25.01367],[-49.45458,-25.0131],[-49.45421,-25.01248],[-49.45342,-25.01162],[-49.4529,-25.01134],[-49.45239,-25.01086],[-49.45179,-25.01054],[-49.45168,-25.00979],[-49.45177,-25.00928],[-49.45169,-25.00859],[-49.45182,-25.00816],[-49.45163,-25.00772],[-49.45166,-25.00711],[-49.45141,-25.00628],[-49.45155,-25.00571],[-49.45108,-25.00532],[-49.44989,-25.00376],[-49.4498,-25.00334],[-49.44954,-25.00314],[-49.44931,-25.00251],[-49.44942,-25.00183],[-49.44899,-25.00145],[-49.4489,-25.00082],[-49.44815,-25.00033],[-49.4476,-24.99999],[-49.4471,-25.0001],[-49.44729,-24.99933],[-49.44739,-24.99897],[-49.44725,-24.99873],[-49.44782,-24.99838],[-49.44722,-24.99741],[-49.44704,-24.9971],[-49.44714,-24.9966],[-49.44739,-24.99651],[-49.44747,-24.99595],[-49.44787,-24.99596],[-49.44823,-24.99581],[-49.44863,-24.99587],[-49.44851,-24.99491],[-49.44895,-24.99413]]}},{"type":"Feature","properties":{"n":"","h":"unclassified"},"geometry":{"type":"LineString","coordinates":[[-49.49045,-24.97013],[-49.49073,-24.97039],[-49.49077,-24.97078],[-49.4916,-24.97143],[-49.49387,-24.9716],[-49.49541,-24.97139],[-49.49595,-24.97163],[-49.49611,-24.97198],[-49.49591,-24.97268],[-49.496,-24.973],[-49.49632,-24.9734],[-49.4963,-24.9737],[-49.49649,-24.97415],[-49.49666,-24.97432],[-49.49656,-24.97473],[-49.49699,-24.97528],[-49.49706,-24.97587],[-49.49814,-24.97691],[-49.49867,-24.97732],[-49.49947,-24.97725],[-49.49982,-24.97703],[-49.50096,-24.97717],[-49.50158,-24.97742],[-49.50195,-24.97732],[-49.50273,-24.97735],[-49.50289,-24.9771],[-49.50402,-24.97623],[-49.50475,-24.97602],[-49.50505,-24.97571],[-49.50531,-24.97565],[-49.50577,-24.97502],[-49.50567,-24.97478]]}},{"type":"Feature","properties":{"n":"","h":"track"},"geometry":{"type":"LineString","coordinates":[[-49.51654,-24.99472],[-49.51614,-24.99459],[-49.51578,-24.99463],[-49.51488,-24.99432],[-49.51457,-24.994],[-49.51424,-24.99344],[-49.51351,-24.99317],[-49.51296,-24.99313],[-49.51241,-24.99273],[-49.51162,-24.99258],[-49.51095,-24.9924],[-49.5102,-24.99241]]}},{"type":"Feature","properties":{"n":"","h":"track"},"geometry":{"type":"LineString","coordinates":[[-49.50989,-24.99169],[-49.50998,-24.99198],[-49.51018,-24.99221],[-49.5102,-24.99241],[-49.51006,-24.99298]]}},{"type":"Feature","properties":{"n":"","h":"unclassified"},"geometry":{"type":"LineString","coordinates":[[-49.47209,-24.93704],[-49.47259,-24.93748],[-49.47298,-24.93768],[-49.47367,-24.93803],[-49.47402,-24.93819],[-49.47464,-24.93829],[-49.47539,-24.93863],[-49.47605,-24.93892],[-49.47604,-24.93911]]}},{"type":"Feature","properties":{"n":"","h":"unclassified"},"geometry":{"type":"LineString","coordinates":[[-49.49565,-24.92524],[-49.49456,-24.924],[-49.49427,-24.92294],[-49.49403,-24.92272],[-49.49407,-24.92244],[-49.49422,-24.92226],[-49.49388,-24.92156],[-49.49294,-24.92134],[-49.49233,-24.92111],[-49.49185,-24.92108],[-49.49151,-24.92077],[-49.49178,-24.92012],[-49.49154,-24.91949],[-49.49168,-24.91912],[-49.49176,-24.91893],[-49.49149,-24.91821],[-49.49113,-24.91799],[-49.4911,-24.91769],[-49.49054,-24.91701],[-49.49049,-24.91647],[-49.48977,-24.9162],[-49.48933,-24.91592],[-49.48883,-24.91585],[-49.48818,-24.91611],[-49.48774,-24.91611],[-49.48696,-24.91643],[-49.48634,-24.91634],[-49.48575,-24.91601],[-49.48527,-24.91592],[-49.48496,-24.91556],[-49.48449,-24.91555],[-49.4835,-24.91591]]}},{"type":"Feature","properties":{"n":"","h":"unclassified"},"geometry":{"type":"LineString","coordinates":[[-49.49168,-24.91912],[-49.49254,-24.91936],[-49.494,-24.91824],[-49.49415,-24.91803],[-49.49435,-24.91709],[-49.49443,-24.91662],[-49.49509,-24.91618],[-49.49593,-24.91521],[-49.49687,-24.91459],[-49.49728,-24.91438],[-49.49794,-24.91431],[-49.49876,-24.91378],[-49.49875,-24.91324],[-49.49879,-24.91264],[-49.4991,-24.91197],[-49.49888,-24.91191],[-49.49815,-24.91171],[-49.49797,-24.91141],[-49.49819,-24.911],[-49.49812,-24.91063],[-49.49769,-24.91048],[-49.4977,-24.91009],[-49.498,-24.90968],[-49.49789,-24.90933],[-49.49811,-24.90895],[-49.4978,-24.90852],[-49.49811,-24.90823],[-49.49834,-24.90807],[-49.49846,-24.90788],[-49.49845,-24.90753],[-49.49877,-24.90728],[-49.49902,-24.90722],[-49.49916,-24.90678],[-49.49897,-24.90668],[-49.49867,-24.90547],[-49.49859,-24.90505],[-49.49805,-24.90479]]}},{"type":"Feature","properties":{"n":"","h":"unclassified"},"geometry":{"type":"LineString","coordinates":[[-49.51578,-24.91633],[-49.51566,-24.91673],[-49.51578,-24.91707],[-49.51642,-24.91763],[-49.51656,-24.91795],[-49.51666,-24.91824],[-49.51704,-24.91842],[-49.51743,-24.91886],[-49.5181,-24.91949],[-49.51868,-24.91995],[-49.51906,-24.92039],[-49.51924,-24.92066],[-49.51923,-24.92095],[-49.51939,-24.92122],[-49.51939,-24.92198],[-49.51949,-24.92246],[-49.51943,-24.9229],[-49.51937,-24.92329],[-49.51951,-24.92345],[-49.51979,-24.92352],[-49.52001,-24.92373],[-49.52044,-24.92375],[-49.52103,-24.92373],[-49.52158,-24.92382],[-49.52114,-24.92425],[-49.52084,-24.92455],[-49.5208,-24.92491],[-49.52091,-24.92513],[-49.52076,-24.92546],[-49.52074,-24.9263],[-49.52055,-24.92662],[-49.52057,-24.92679],[-49.52077,-24.92721],[-49.521,-24.92756],[-49.52121,-24.9278],[-49.52125,-24.92843],[-49.52141,-24.92874],[-49.52131,-24.92893],[-49.52144,-24.92913],[-49.52138,-24.92934],[-49.52133,-24.92947],[-49.52132,-24.92956],[-49.52085,-24.92986],[-49.52055,-24.93012],[-49.52043,-24.9304],[-49.52026,-24.9305]]}},{"type":"Feature","properties":{"n":"","h":"unclassified"},"geometry":{"type":"LineString","coordinates":[[-49.4382,-24.94174],[-49.43726,-24.9414],[-49.43648,-24.94109],[-49.43628,-24.94104],[-49.43604,-24.94112],[-49.43557,-24.94156],[-49.43524,-24.9421],[-49.4351,-24.9427],[-49.43514,-24.94301],[-49.435,-24.94319],[-49.43506,-24.94389],[-49.435,-24.94402],[-49.4346,-24.94411],[-49.43428,-24.94404],[-49.43394,-24.94406],[-49.43366,-24.94436],[-49.43263,-24.9454],[-49.43206,-24.94607],[-49.43199,-24.94673],[-49.43201,-24.94699],[-49.43217,-24.94754],[-49.43203,-24.94829],[-49.43227,-24.94871],[-49.43232,-24.94892],[-49.43208,-24.94973],[-49.43134,-24.95007],[-49.43116,-24.95022],[-49.4309,-24.95071],[-49.43066,-24.95089],[-49.42996,-24.95148],[-49.42867,-24.95191],[-49.4275,-24.95213],[-49.42674,-24.95231],[-49.42651,-24.95246]]}},{"type":"Feature","properties":{"n":"","h":"unclassified"},"geometry":{"type":"LineString","coordinates":[[-49.4382,-24.94174],[-49.43894,-24.94194],[-49.43976,-24.94244],[-49.44036,-24.94302],[-49.44154,-24.94346],[-49.44236,-24.9434],[-49.44316,-24.94318],[-49.44356,-24.94276],[-49.44401,-24.94268],[-49.44501,-24.94225],[-49.44558,-24.94189],[-49.44616,-24.94119],[-49.44636,-24.94107],[-49.44658,-24.94083],[-49.44753,-24.94039],[-49.44843,-24.94007],[-49.44886,-24.93982],[-49.44904,-24.93956],[-49.4495,-24.93937],[-49.44974,-24.939],[-49.45027,-24.93845],[-49.45045,-24.93818],[-49.45067,-24.93765],[-49.4511,-24.93731],[-49.45274,-24.93606],[-49.45314,-24.93588],[-49.45361,-24.93526],[-49.454,-24.9349],[-49.45473,-24.93385],[-49.45555,-24.93292],[-49.45599,-24.93251],[-49.45658,-24.93206],[-49.45669,-24.93181],[-49.45666,-24.93162],[-49.45653,-24.93144],[-49.45665,-24.93053],[-49.45704,-24.9304],[-49.45717,-24.93023],[-49.45736,-24.92983],[-49.45778,-24.92938],[-49.45783,-24.929],[-49.45777,-24.92829],[-49.45795,-24.92794],[-49.45851,-24.92736],[-49.45851,-24.92733],[-49.45863,-24.92671],[-49.45864,-24.92629],[-49.458,-24.9255],[-49.45802,-24.92509],[-49.4579,-24.92476],[-49.4579,-24.92395],[-49.45816,-24.92341],[-49.45822,-24.92282],[-49.45858,-24.92215],[-49.45861,-24.92189],[-49.45856,-24.92163],[-49.4586,-24.92136],[-49.45869,-24.92115],[-49.4587,-24.92083]]}},{"type":"Feature","properties":{"n":"","h":"unclassified"},"geometry":{"type":"LineString","coordinates":[[-49.45851,-24.92733],[-49.4582,-24.92674],[-49.45692,-24.9263],[-49.45607,-24.92608],[-49.45544,-24.92594],[-49.45515,-24.92609],[-49.45487,-24.92625],[-49.45396,-24.92644],[-49.45366,-24.92643],[-49.45328,-24.92666],[-49.45322,-24.92696],[-49.4531,-24.92707],[-49.45307,-24.92729],[-49.45286,-24.92745],[-49.45286,-24.92777],[-49.45275,-24.92806],[-49.45295,-24.92838],[-49.45291,-24.92904],[-49.45316,-24.9292],[-49.45317,-24.92948],[-49.45273,-24.92998]]}},{"type":"Feature","properties":{"n":"","h":"unclassified"},"geometry":{"type":"LineString","coordinates":[[-49.47268,-24.98953],[-49.47281,-24.98967],[-49.47273,-24.99013],[-49.47267,-24.99035],[-49.47284,-24.99041],[-49.47318,-24.99036],[-49.47347,-24.99062],[-49.47346,-24.99084],[-49.47294,-24.99129],[-49.47291,-24.99141],[-49.47308,-24.99145],[-49.4739,-24.99138],[-49.47428,-24.99192],[-49.47489,-24.9924],[-49.47505,-24.99262],[-49.47499,-24.99295],[-49.47528,-24.99284],[-49.47533,-24.99261],[-49.47543,-24.99256],[-49.47556,-24.99264],[-49.47568,-24.99309],[-49.47646,-24.99386],[-49.47689,-24.99408],[-49.4771,-24.99446],[-49.47746,-24.99458],[-49.47789,-24.99497],[-49.4783,-24.9952],[-49.479,-24.99531],[-49.48,-24.99522],[-49.48017,-24.99526],[-49.48042,-24.99524],[-49.48064,-24.99533],[-49.48145,-24.99539],[-49.48211,-24.99604],[-49.48233,-24.99628]]}},{"type":"Feature","properties":{"n":"","h":"unclassified"},"geometry":{"type":"LineString","coordinates":[[-49.47499,-24.99295],[-49.47461,-24.99333],[-49.47408,-24.99469],[-49.47387,-24.9951],[-49.47296,-24.99558],[-49.47258,-24.99605],[-49.47198,-24.99665],[-49.47178,-24.99705],[-49.47184,-24.99748],[-49.47166,-24.99796],[-49.47082,-24.9986],[-49.47055,-24.99882],[-49.47051,-24.9989],[-49.47056,-24.99922],[-49.47038,-24.99972],[-49.4697,-25.00057],[-49.46922,-25.00128],[-49.46875,-25.00185],[-49.46856,-25.00225],[-49.46815,-25.00253],[-49.46794,-25.00276],[-49.4679,-25.00317],[-49.46773,-25.0034],[-49.46768,-25.00356],[-49.46777,-25.0038],[-49.46793,-25.00414],[-49.46791,-25.00455],[-49.46813,-25.00522],[-49.4682,-25.00559],[-49.46824,-25.00566],[-49.46844,-25.00565],[-49.4688,-25.0056],[-49.46896,-25.00565],[-49.46959,-25.00656],[-49.46971,-25.00678],[-49.46952,-25.00718],[-49.46918,-25.00763],[-49.46892,-25.0081],[-49.46886,-25.00833],[-49.46889,-25.00867],[-49.46814,-25.00953],[-49.46767,-25.00985],[-49.46733,-25.0103],[-49.46694,-25.01064],[-49.46643,-25.01105],[-49.4658,-25.01157],[-49.46516,-25.01189],[-49.46439,-25.01206],[-49.46361,-25.01241],[-49.46324,-25.01269],[-49.46287,-25.01326]]}},{"type":"Feature","properties":{"n":"","h":"track"},"geometry":{"type":"LineString","coordinates":[[-49.46324,-25.01269],[-49.4635,-25.01291],[-49.46393,-25.01345],[-49.46407,-25.01357],[-49.46435,-25.0137],[-49.46448,-25.0145],[-49.46444,-25.01477],[-49.46436,-25.01546],[-49.46439,-25.0159],[-49.46442,-25.01628],[-49.46405,-25.01691],[-49.46365,-25.01723],[-49.46306,-25.01752],[-49.46251,-25.01813]]}},{"type":"Feature","properties":{"n":"","h":"track"},"geometry":{"type":"LineString","coordinates":[[-49.42417,-25.03716],[-49.42485,-25.03745],[-49.4252,-25.03748],[-49.42664,-25.03712],[-49.42872,-25.03627],[-49.43034,-25.03574],[-49.43208,-25.03573],[-49.434,-25.03603],[-49.43434,-25.03689]]}},{"type":"Feature","properties":{"n":"","h":"unclassified"},"geometry":{"type":"LineString","coordinates":[[-49.47486,-24.96998],[-49.47359,-24.97066],[-49.47323,-24.97077],[-49.47258,-24.97127],[-49.47228,-24.97165],[-49.47155,-24.9717],[-49.47068,-24.97229],[-49.47015,-24.97216],[-49.46984,-24.97174],[-49.4688,-24.97167],[-49.46816,-24.97173],[-49.46702,-24.97128],[-49.4659,-24.97067],[-49.46521,-24.97065],[-49.46423,-24.97039],[-49.46341,-24.97],[-49.46338,-24.96999]]}},{"type":"Feature","properties":{"n":"","h":"track"},"geometry":{"type":"LineString","coordinates":[[-49.47078,-24.96484],[-49.46993,-24.96541],[-49.46934,-24.96561],[-49.46878,-24.9661],[-49.46836,-24.96657],[-49.46806,-24.96696],[-49.46798,-24.96758],[-49.46773,-24.96788],[-49.46704,-24.96801],[-49.46682,-24.9681],[-49.46617,-24.96813],[-49.46557,-24.96835],[-49.46542,-24.96878],[-49.46545,-24.96898],[-49.46519,-24.96923],[-49.46505,-24.96946],[-49.46513,-24.96962],[-49.46485,-24.96979],[-49.46432,-24.96978],[-49.46369,-24.96982],[-49.46341,-24.97]]}},{"type":"Feature","properties":{"n":"","h":"track"},"geometry":{"type":"LineString","coordinates":[[-49.47839,-24.9891],[-49.47782,-24.98905],[-49.47757,-24.98891],[-49.47663,-24.98896],[-49.47639,-24.98907],[-49.47606,-24.98908],[-49.47593,-24.98919],[-49.4757,-24.98974],[-49.47555,-24.98985],[-49.47553,-24.99001]]}},{"type":"Feature","properties":{"n":"","h":"unclassified"},"geometry":{"type":"LineString","coordinates":[[-49.49211,-24.98528],[-49.49153,-24.98491],[-49.49098,-24.98482],[-49.49061,-24.98447],[-49.49039,-24.98446],[-49.49026,-24.98414],[-49.49035,-24.98361],[-49.49022,-24.98326],[-49.49035,-24.983],[-49.49033,-24.98238],[-49.49026,-24.98177],[-49.49,-24.98072],[-49.48973,-24.9803],[-49.48878,-24.97985],[-49.48856,-24.97975]]}},{"type":"Feature","properties":{"n":"","h":"unclassified"},"geometry":{"type":"LineString","coordinates":[[-49.48185,-24.97923],[-49.4824,-24.9795],[-49.48255,-24.97961],[-49.48294,-24.97978],[-49.48359,-24.97977],[-49.48393,-24.97978],[-49.4842,-24.97976]]}},{"type":"Feature","properties":{"n":"","h":"unclassified"},"geometry":{"type":"LineString","coordinates":[[-49.48122,-24.98046],[-49.48095,-24.98001],[-49.48011,-24.97978],[-49.47961,-24.97976],[-49.47934,-24.97955],[-49.4783,-24.97931]]}},{"type":"Feature","properties":{"n":"","h":"residential"},"geometry":{"type":"LineString","coordinates":[[-49.36133,-24.99462],[-49.36152,-24.99478],[-49.36165,-24.99486],[-49.36175,-24.995],[-49.36206,-24.99519],[-49.36213,-24.99536],[-49.36226,-24.99546]]}},{"type":"Feature","properties":{"n":"","h":"residential"},"geometry":{"type":"LineString","coordinates":[[-49.35397,-25.0128],[-49.35384,-25.01259]]}},{"type":"Feature","properties":{"n":"","h":"residential"},"geometry":{"type":"LineString","coordinates":[[-49.35384,-25.01259],[-49.35372,-25.01234]]}},{"type":"Feature","properties":{"n":"","h":"residential"},"geometry":{"type":"LineString","coordinates":[[-49.37714,-25.01257],[-49.37754,-25.01218],[-49.37797,-25.01162],[-49.37863,-25.0111],[-49.38007,-25.01015],[-49.38089,-25.00974],[-49.38122,-25.00946],[-49.38131,-25.00923],[-49.38127,-25.00906],[-49.38107,-25.00891],[-49.38063,-25.00874],[-49.38039,-25.00858],[-49.37969,-25.0084],[-49.37925,-25.00825],[-49.37919,-25.0081],[-49.3795,-25.00787],[-49.3802,-25.0073],[-49.38065,-25.00714],[-49.38158,-25.00697],[-49.38239,-25.00699],[-49.38267,-25.00699],[-49.38333,-25.00674],[-49.38369,-25.00637],[-49.38421,-25.00593],[-49.38449,-25.00579],[-49.38543,-25.00597],[-49.38565,-25.00622],[-49.38575,-25.0064],[-49.38597,-25.00636],[-49.38635,-25.00612],[-49.38667,-25.00591],[-49.38729,-25.00517],[-49.38761,-25.00455],[-49.38757,-25.00426],[-49.38665,-25.00257],[-49.38605,-25.00203],[-49.38584,-25.00163],[-49.38594,-25.0012],[-49.38634,-25.0007],[-49.38675,-25.0004],[-49.38725,-24.99983],[-49.38771,-24.99948],[-49.38806,-24.99914],[-49.38815,-24.99869],[-49.38809,-24.99806],[-49.3877,-24.99685],[-49.38751,-24.99613],[-49.3874,-24.99597],[-49.38744,-24.99567],[-49.38766,-24.99539],[-49.38781,-24.99525],[-49.38756,-24.99498],[-49.38739,-24.99466],[-49.38736,-24.99394],[-49.38771,-24.9934],[-49.38757,-24.99303],[-49.3878,-24.99008],[-49.38815,-24.98954],[-49.38901,-24.98862],[-49.38924,-24.98755],[-49.38965,-24.98719],[-49.38957,-24.98677],[-49.3896,-24.98644],[-49.38929,-24.98591],[-49.38904,-24.98564],[-49.38891,-24.98534],[-49.38848,-24.98513],[-49.38842,-24.98458],[-49.38813,-24.98411],[-49.38768,-24.98371],[-49.38769,-24.98337],[-49.38806,-24.98313],[-49.38847,-24.98288],[-49.38873,-24.98238],[-49.3884,-24.98163],[-49.38846,-24.98137],[-49.3883,-24.98091],[-49.38835,-24.98048],[-49.38806,-24.97974],[-49.38817,-24.97957],[-49.38843,-24.97932],[-49.38826,-24.97842],[-49.38849,-24.97818],[-49.38863,-24.97779],[-49.38921,-24.97742],[-49.38992,-24.97651],[-49.3909,-24.97601],[-49.39108,-24.97587],[-49.3921,-24.97551],[-49.39304,-24.97512],[-49.39338,-24.97516],[-49.39365,-24.9754],[-49.39411,-24.97556],[-49.39437,-24.97587],[-49.39492,-24.97613],[-49.39561,-24.97669],[-49.39634,-24.97696],[-49.3974,-24.97717],[-49.39841,-24.9773],[-49.39883,-24.97749],[-49.39908,-24.97778],[-49.39949,-24.97795],[-49.39983,-24.97799],[-49.40007,-24.97797],[-49.4005,-24.97819],[-49.40094,-24.97828],[-49.40131,-24.97811],[-49.40165,-24.97819],[-49.40291,-24.97884],[-49.40353,-24.97887],[-49.40401,-24.9787],[-49.40452,-24.97871],[-49.40567,-24.9792],[-49.40661,-24.97897],[-49.40731,-24.97868],[-49.40884,-24.97841],[-49.40952,-24.97809],[-49.41013,-24.97783],[-49.41057,-24.9774],[-49.41123,-24.97714],[-49.41154,-24.97706],[-49.41166,-24.97685],[-49.41152,-24.97654],[-49.41149,-24.97604],[-49.4118,-24.97558],[-49.41226,-24.97528],[-49.41302,-24.9749],[-49.41347,-24.97487],[-49.41353,-24.97475],[-49.41338,-24.97465],[-49.41336,-24.97451],[-49.41347,-24.9742],[-49.41333,-24.97406],[-49.41319,-24.97398],[-49.41323,-24.97362],[-49.41297,-24.97328],[-49.41298,-24.97274],[-49.41307,-24.97224],[-49.41309,-24.97186],[-49.41319,-24.97154],[-49.41379,-24.97098],[-49.41423,-24.97091],[-49.41453,-24.97082],[-49.41466,-24.97062],[-49.41469,-24.97025],[-49.41482,-24.96988],[-49.41525,-24.96941],[-49.41632,-24.9689],[-49.41654,-24.96869],[-49.41669,-24.96838],[-49.41725,-24.96802],[-49.4176,-24.96794],[-49.41788,-24.96796],[-49.41836,-24.96824]]}},{"type":"Feature","properties":{"n":"Rodovia Gertrudes Manguer da Rosa","h":"secondary"},"geometry":{"type":"LineString","coordinates":[[-49.33887,-25.01032],[-49.33942,-25.01028],[-49.33977,-25.01033],[-49.34019,-25.01047],[-49.34124,-25.01095],[-49.34263,-25.01158],[-49.34288,-25.01175],[-49.34304,-25.01203],[-49.34308,-25.0123],[-49.34301,-25.01256],[-49.34226,-25.01397],[-49.34213,-25.0142],[-49.34213,-25.01439],[-49.34225,-25.01456],[-49.34245,-25.01473],[-49.34268,-25.01488],[-49.34293,-25.01509],[-49.34345,-25.01572],[-49.34358,-25.01591]]}},{"type":"Feature","properties":{"n":"","h":"unclassified"},"geometry":{"type":"LineString","coordinates":[[-49.26293,-25.1206],[-49.2629,-25.12043],[-49.26282,-25.12032],[-49.26242,-25.11994],[-49.26203,-25.11963],[-49.26179,-25.11954],[-49.26125,-25.11936],[-49.26111,-25.11923],[-49.26073,-25.11875],[-49.2607,-25.11861],[-49.26069,-25.11844],[-49.26078,-25.1182],[-49.26075,-25.1181],[-49.26069,-25.11803],[-49.26046,-25.11789],[-49.26022,-25.11761],[-49.26003,-25.1174],[-49.25984,-25.11732],[-49.25968,-25.11718],[-49.25947,-25.11702],[-49.2592,-25.11685],[-49.25883,-25.11664],[-49.25866,-25.11655],[-49.25863,-25.11646],[-49.25864,-25.11637],[-49.25869,-25.11632],[-49.25891,-25.11616],[-49.25902,-25.11603],[-49.25916,-25.11592],[-49.25939,-25.11585],[-49.25957,-25.11584],[-49.25967,-25.1158],[-49.2597,-25.11573],[-49.25965,-25.11565],[-49.25921,-25.11532],[-49.25891,-25.11517],[-49.25856,-25.11504],[-49.25836,-25.11491],[-49.25832,-25.1148],[-49.25825,-25.11448],[-49.25811,-25.11432],[-49.25781,-25.11419],[-49.25731,-25.11406],[-49.25707,-25.11399],[-49.25696,-25.1139],[-49.25681,-25.11376],[-49.25649,-25.11367],[-49.25629,-25.11362],[-49.25614,-25.11362],[-49.25601,-25.11358],[-49.25583,-25.11352],[-49.25569,-25.1135],[-49.25552,-25.11353],[-49.25457,-25.11394],[-49.25403,-25.11418],[-49.25383,-25.11422],[-49.25362,-25.11418],[-49.25333,-25.11411],[-49.25291,-25.11404],[-49.25253,-25.11407],[-49.25233,-25.11404],[-49.25215,-25.11393],[-49.25199,-25.11379],[-49.25177,-25.1136],[-49.25161,-25.11341],[-49.25147,-25.11327],[-49.2513,-25.11325],[-49.25115,-25.11332],[-49.25094,-25.1134],[-49.25072,-25.11341],[-49.25046,-25.11326],[-49.24982,-25.113],[-49.24969,-25.11285],[-49.24956,-25.11271],[-49.24942,-25.11264],[-49.24899,-25.11261],[-49.24886,-25.11265],[-49.24864,-25.11274],[-49.24854,-25.11273],[-49.2485,-25.11271],[-49.24848,-25.11266],[-49.2486,-25.11218],[-49.24857,-25.11201],[-49.24848,-25.11188],[-49.24827,-25.11163],[-49.24791,-25.11125],[-49.24771,-25.11099],[-49.24758,-25.11083],[-49.24741,-25.11075],[-49.24725,-25.11069],[-49.24698,-25.11071],[-49.24672,-25.11068],[-49.24656,-25.11061],[-49.24641,-25.11049],[-49.24629,-25.11028],[-49.24613,-25.11017],[-49.24585,-25.11003],[-49.24562,-25.10985],[-49.24546,-25.10963],[-49.24527,-25.10947],[-49.24497,-25.10931],[-49.24478,-25.10912],[-49.24451,-25.10873],[-49.24426,-25.1084],[-49.24399,-25.10811],[-49.2437,-25.10777],[-49.24351,-25.10767],[-49.2433,-25.10759],[-49.24292,-25.10748],[-49.24249,-25.10735],[-49.2423,-25.10727],[-49.24215,-25.10711],[-49.24181,-25.10664],[-49.24148,-25.10609],[-49.24144,-25.1059],[-49.24137,-25.10573],[-49.24114,-25.10555],[-49.24091,-25.10532],[-49.24065,-25.10502],[-49.24052,-25.10477],[-49.24026,-25.10447],[-49.2398,-25.10395],[-49.23949,-25.10356],[-49.23934,-25.10331],[-49.23937,-25.1031],[-49.23948,-25.10294],[-49.2396,-25.10281],[-49.23981,-25.10265],[-49.23998,-25.10234],[-49.24006,-25.10204],[-49.24017,-25.10174],[-49.24033,-25.10148],[-49.24043,-25.10097],[-49.24056,-25.10048],[-49.24054,-25.09977],[-49.24045,-25.09927],[-49.24023,-25.09894],[-49.23996,-25.09848],[-49.23985,-25.09807],[-49.23986,-25.09778],[-49.23991,-25.09753],[-49.23993,-25.0973],[-49.23994,-25.09712],[-49.24002,-25.09698],[-49.24014,-25.0968],[-49.24027,-25.09664],[-49.24025,-25.09644],[-49.24015,-25.09629],[-49.24005,-25.09621],[-49.23992,-25.096],[-49.23992,-25.09571],[-49.23998,-25.09538],[-49.2399,-25.09505],[-49.23983,-25.09484],[-49.23972,-25.09471],[-49.23949,-25.09464],[-49.23907,-25.09464],[-49.23879,-25.09458],[-49.23861,-25.09439],[-49.23839,-25.09405],[-49.23819,-25.09364],[-49.23799,-25.09334],[-49.23776,-25.09311],[-49.23734,-25.09283],[-49.23714,-25.09262],[-49.23704,-25.09246],[-49.23689,-25.09243],[-49.23671,-25.09248],[-49.23657,-25.09263],[-49.23635,-25.09285],[-49.2361,-25.09303],[-49.23577,-25.09312],[-49.23558,-25.09313],[-49.23541,-25.09304],[-49.23529,-25.09285],[-49.23522,-25.09273],[-49.23508,-25.09263],[-49.2349,-25.09255],[-49.23486,-25.09241],[-49.23492,-25.09225],[-49.23512,-25.09212],[-49.2352,-25.092],[-49.23526,-25.09176],[-49.23544,-25.09148],[-49.2357,-25.09125],[-49.23597,-25.09104],[-49.23621,-25.09097],[-49.23624,-25.09083],[-49.23613,-25.09066],[-49.23609,-25.09048],[-49.23604,-25.09028],[-49.23575,-25.0901],[-49.23557,-25.08998],[-49.2355,-25.08978],[-49.2355,-25.08948],[-49.23551,-25.08933],[-49.23537,-25.08914],[-49.23532,-25.08893],[-49.23522,-25.08875],[-49.23518,-25.08864],[-49.23522,-25.08853],[-49.23536,-25.08847],[-49.23558,-25.08831],[-49.23563,-25.08815],[-49.2356,-25.08795],[-49.23549,-25.08774],[-49.23534,-25.08757],[-49.23506,-25.08748],[-49.23466,-25.08732],[-49.23455,-25.08726],[-49.2345,-25.08712],[-49.23459,-25.08688],[-49.23463,-25.08655],[-49.23463,-25.08642],[-49.23456,-25.08639],[-49.23444,-25.08637],[-49.23426,-25.08638],[-49.23406,-25.0864],[-49.23401,-25.08639],[-49.23389,-25.0864],[-49.23379,-25.08647],[-49.2337,-25.08653],[-49.23352,-25.08658],[-49.2334,-25.08652],[-49.23333,-25.08637],[-49.23317,-25.08618],[-49.23306,-25.08606],[-49.23294,-25.08606],[-49.23289,-25.08612],[-49.23294,-25.08626],[-49.233,-25.0864],[-49.23302,-25.0866],[-49.23292,-25.08677],[-49.23283,-25.08686],[-49.23251,-25.0871],[-49.2324,-25.08713],[-49.23223,-25.08708],[-49.23211,-25.08703],[-49.23204,-25.08701],[-49.2319,-25.087],[-49.23161,-25.08701],[-49.23141,-25.08685],[-49.23119,-25.0867],[-49.23108,-25.08662],[-49.23098,-25.08661],[-49.23087,-25.08668],[-49.23069,-25.08676],[-49.23039,-25.08671],[-49.23015,-25.08664],[-49.22972,-25.08663],[-49.22933,-25.08665],[-49.2292,-25.08671],[-49.22908,-25.08682],[-49.2289,-25.08698],[-49.22875,-25.08704],[-49.22857,-25.08701],[-49.22844,-25.08696],[-49.22831,-25.08697],[-49.22817,-25.08706],[-49.22798,-25.08711],[-49.22773,-25.08704],[-49.22752,-25.08698],[-49.22742,-25.0869],[-49.22719,-25.08678],[-49.22704,-25.08673],[-49.22688,-25.0867],[-49.22663,-25.08674],[-49.22648,-25.0867],[-49.22632,-25.08653],[-49.22613,-25.08627],[-49.22607,-25.08601],[-49.22608,-25.08593],[-49.22605,-25.08581],[-49.2259,-25.08574],[-49.22569,-25.08563],[-49.2256,-25.08552],[-49.22525,-25.08521],[-49.22503,-25.08501],[-49.22486,-25.08495],[-49.22451,-25.08498],[-49.22413,-25.0851],[-49.22386,-25.08514],[-49.22363,-25.08513],[-49.22345,-25.08498],[-49.22327,-25.08482],[-49.22299,-25.08471],[-49.22283,-25.08474],[-49.22277,-25.08484],[-49.22269,-25.08507],[-49.22264,-25.08528],[-49.22256,-25.08533],[-49.22242,-25.08531],[-49.22223,-25.08525],[-49.22211,-25.08522],[-49.2219,-25.08514],[-49.22173,-25.08495],[-49.22161,-25.08468],[-49.22143,-25.08454],[-49.22115,-25.08452],[-49.22072,-25.08459],[-49.22032,-25.08472],[-49.22002,-25.08479],[-49.21982,-25.0849],[-49.21961,-25.08494],[-49.2195,-25.08483],[-49.2193,-25.08465],[-49.21906,-25.08446],[-49.21887,-25.08441],[-49.21866,-25.08438],[-49.21836,-25.08449],[-49.21745,-25.08512],[-49.21694,-25.08545],[-49.2159,-25.08575],[-49.21525,-25.08606],[-49.21512,-25.08606],[-49.21502,-25.086],[-49.2148,-25.08583],[-49.21469,-25.08575],[-49.21434,-25.0857],[-49.21431,-25.08565],[-49.2142,-25.08544],[-49.21414,-25.08538],[-49.21404,-25.08535],[-49.21395,-25.08533],[-49.2135,-25.0854],[-49.2125,-25.08574],[-49.2123,-25.08579],[-49.2119,-25.08589],[-49.2118,-25.08588],[-49.21169,-25.08581],[-49.21158,-25.08569],[-49.21145,-25.08554],[-49.21102,-25.08525],[-49.21089,-25.08523],[-49.21077,-25.08528],[-49.21037,-25.08558],[-49.21022,-25.08575],[-49.21014,-25.08582],[-49.20967,-25.08593],[-49.20956,-25.08601],[-49.20938,-25.08614],[-49.20918,-25.08619],[-49.20853,-25.08642],[-49.20848,-25.08648],[-49.20837,-25.08667],[-49.20819,-25.0868],[-49.20774,-25.08693],[-49.20752,-25.08708],[-49.20716,-25.08726],[-49.20673,-25.08736]]}},{"type":"Feature","properties":{"n":"Avenida Agrimensor Gildo Pinheiro da Luz","h":"primary"},"geometry":{"type":"LineString","coordinates":[[-49.31632,-25.22235],[-49.31603,-25.22236],[-49.3157,-25.22235],[-49.31547,-25.2223],[-49.31527,-25.22223],[-49.31511,-25.22215],[-49.31497,-25.22203],[-49.31483,-25.22188],[-49.31472,-25.22173],[-49.31457,-25.22146],[-49.31439,-25.22108],[-49.31428,-25.22086],[-49.31405,-25.2204],[-49.31391,-25.22019],[-49.31369,-25.21988],[-49.31352,-25.21964],[-49.31341,-25.21948],[-49.31323,-25.21927],[-49.31302,-25.21903],[-49.3129,-25.21892],[-49.31269,-25.21878],[-49.31245,-25.21865],[-49.3122,-25.21856],[-49.31186,-25.21848],[-49.3111,-25.21836],[-49.31037,-25.21823],[-49.3093,-25.21805],[-49.30827,-25.21787],[-49.30732,-25.21771],[-49.3064,-25.21756],[-49.3061,-25.21752],[-49.30593,-25.21752],[-49.30575,-25.21755],[-49.3056,-25.2176],[-49.30549,-25.21764],[-49.30537,-25.21771],[-49.30526,-25.21779],[-49.3051,-25.21796],[-49.30473,-25.21843],[-49.3046,-25.21858],[-49.30442,-25.21876],[-49.30431,-25.21886],[-49.30411,-25.21902],[-49.30396,-25.21914],[-49.30391,-25.21917]]}},{"type":"Feature","properties":{"n":"Avenida Derson Costa","h":"secondary"},"geometry":{"type":"LineString","coordinates":[[-49.31143,-25.19422],[-49.3115,-25.19405],[-49.31165,-25.19379],[-49.3119,-25.19357],[-49.312,-25.19349],[-49.3121,-25.19341],[-49.31225,-25.19324],[-49.31233,-25.19309],[-49.31244,-25.19292],[-49.31271,-25.19248],[-49.31286,-25.19226]]}},{"type":"Feature","properties":{"n":"Rua Manoel Muller de Siqueira","h":"tertiary"},"geometry":{"type":"LineString","coordinates":[[-49.30995,-25.16834],[-49.30985,-25.16844],[-49.30964,-25.16865],[-49.30929,-25.16888]]}},{"type":"Feature","properties":{"n":"Rua Sete de Abril","h":"secondary"},"geometry":{"type":"LineString","coordinates":[[-49.31956,-25.17275],[-49.3207,-25.17199],[-49.32078,-25.17193]]}},{"type":"Feature","properties":{"n":"","h":"secondary"},"geometry":{"type":"LineString","coordinates":[[-49.31234,-25.1853],[-49.31238,-25.18529],[-49.31242,-25.18529],[-49.31246,-25.18531]]}},{"type":"Feature","properties":{"n":"","h":"secondary"},"geometry":{"type":"LineString","coordinates":[[-49.31246,-25.18531],[-49.31249,-25.18533]]}},{"type":"Feature","properties":{"n":"Rua Padre Ribeiro","h":"secondary"},"geometry":{"type":"LineString","coordinates":[[-49.31797,-25.18584],[-49.31815,-25.18569],[-49.31819,-25.18566],[-49.31854,-25.18541],[-49.31896,-25.18523],[-49.31927,-25.1851],[-49.31985,-25.18483]]}},{"type":"Feature","properties":{"n":"","h":"secondary"},"geometry":{"type":"LineString","coordinates":[[-49.31249,-25.18533],[-49.31251,-25.18536],[-49.31252,-25.1854],[-49.31252,-25.18544],[-49.3125,-25.18548],[-49.31247,-25.18551],[-49.31243,-25.18552],[-49.31239,-25.18553]]}},{"type":"Feature","properties":{"n":"Rua Carlos Cavalcante","h":"tertiary"},"geometry":{"type":"LineString","coordinates":[[-49.31259,-25.19533],[-49.31252,-25.19558],[-49.31237,-25.19575],[-49.31221,-25.1959]]}},{"type":"Feature","properties":{"n":"Rua Manoel Borges de Macedo","h":"residential"},"geometry":{"type":"LineString","coordinates":[[-49.31259,-25.19533],[-49.31314,-25.1956]]}},{"type":"Feature","properties":{"n":"Avenida Ermirio de Moraes","h":"primary"},"geometry":{"type":"LineString","coordinates":[[-49.31314,-25.1956],[-49.31297,-25.19569],[-49.31221,-25.1959],[-49.31205,-25.19593],[-49.31188,-25.19602],[-49.31161,-25.19613],[-49.31128,-25.1963]]}},{"type":"Feature","properties":{"n":"","h":"primary"},"geometry":{"type":"LineString","coordinates":[[-49.32608,-25.20084],[-49.32611,-25.20078]]}},{"type":"Feature","properties":{"n":"","h":"tertiary"},"geometry":{"type":"LineString","coordinates":[[-49.32451,-25.20132],[-49.32446,-25.20134],[-49.32441,-25.20135],[-49.32436,-25.20135],[-49.32431,-25.20133],[-49.32429,-25.20131]]}},{"type":"Feature","properties":{"n":"","h":"primary"},"geometry":{"type":"LineString","coordinates":[[-49.32622,-25.20104],[-49.32616,-25.20101],[-49.32611,-25.20096],[-49.32609,-25.2009],[-49.32608,-25.20084]]}},{"type":"Feature","properties":{"n":"","h":"primary"},"geometry":{"type":"LineString","coordinates":[[-49.32611,-25.20078],[-49.32617,-25.20072],[-49.32624,-25.20069],[-49.32633,-25.20069],[-49.3264,-25.20072],[-49.32646,-25.20078]]}},{"type":"Feature","properties":{"n":"Avenida Derson Costa","h":"secondary"},"geometry":{"type":"LineString","coordinates":[[-49.31291,-25.1923],[-49.31282,-25.19247],[-49.31258,-25.19293]]}},{"type":"Feature","properties":{"n":"Rua Sete de Abril","h":"secondary"},"geometry":{"type":"LineString","coordinates":[[-49.31929,-25.17286],[-49.31942,-25.1728]]}},{"type":"Feature","properties":{"n":"","h":"unclassified"},"geometry":{"type":"LineString","coordinates":[[-49.45329,-25.15504],[-49.45312,-25.15491],[-49.45281,-25.15442],[-49.45281,-25.15418],[-49.45278,-25.15398],[-49.45277,-25.15365],[-49.45268,-25.15343],[-49.45258,-25.15325],[-49.45258,-25.15297],[-49.45247,-25.15272],[-49.45234,-25.15257],[-49.45198,-25.15232],[-49.45185,-25.15218],[-49.45173,-25.152],[-49.45167,-25.15185],[-49.45166,-25.15159],[-49.45177,-25.15119],[-49.45196,-25.15085],[-49.45183,-25.15041]]}},{"type":"Feature","properties":{"n":"","h":"unclassified"},"geometry":{"type":"LineString","coordinates":[[-49.45183,-25.15041],[-49.45162,-25.15038],[-49.45152,-25.15033],[-49.45143,-25.15027],[-49.45131,-25.15012],[-49.45126,-25.15004],[-49.45118,-25.14986]]}},{"type":"Feature","properties":{"n":"","h":"unclassified"},"geometry":{"type":"LineString","coordinates":[[-49.39891,-25.09647],[-49.39861,-25.09633],[-49.3982,-25.09629],[-49.39806,-25.09631],[-49.39734,-25.09651],[-49.39713,-25.09659],[-49.39685,-25.09675],[-49.39672,-25.09685],[-49.39664,-25.09694],[-49.39648,-25.09708],[-49.39626,-25.0972],[-49.39538,-25.09748]]}},{"type":"Feature","properties":{"n":"","h":"unclassified"},"geometry":{"type":"LineString","coordinates":[[-49.47671,-25.08584],[-49.47693,-25.08565],[-49.47722,-25.08515],[-49.47762,-25.08472],[-49.47754,-25.08417],[-49.47777,-25.08374],[-49.4772,-25.08312],[-49.47683,-25.08198],[-49.47677,-25.08132],[-49.47736,-25.07913],[-49.47686,-25.07759],[-49.47703,-25.07703],[-49.47748,-25.07604],[-49.4772,-25.07337],[-49.47697,-25.0718],[-49.47809,-25.06885],[-49.47859,-25.06716],[-49.47841,-25.06589],[-49.47876,-25.06494],[-49.4788,-25.06375],[-49.47846,-25.06296],[-49.47916,-25.06145],[-49.4803,-25.06001],[-49.48096,-25.05915],[-49.48093,-25.05842],[-49.48111,-25.05774],[-49.48066,-25.05613],[-49.48129,-25.05498],[-49.48141,-25.05375],[-49.48195,-25.05306],[-49.48243,-25.05258],[-49.48282,-25.0517],[-49.48307,-25.05116],[-49.48328,-25.04973],[-49.4832,-25.04918],[-49.48404,-25.04814],[-49.4842,-25.0478],[-49.48406,-25.04699],[-49.48414,-25.04652],[-49.48477,-25.04594],[-49.48472,-25.04528],[-49.48523,-25.04506],[-49.48572,-25.04467],[-49.48593,-25.04369],[-49.48603,-25.04312]]}},{"type":"Feature","properties":{"n":"","h":"unclassified"},"geometry":{"type":"LineString","coordinates":[[-49.44548,-25.14502],[-49.44549,-25.14513]]}},{"type":"Feature","properties":{"n":"","h":"unclassified"},"geometry":{"type":"LineString","coordinates":[[-49.45799,-25.14912],[-49.45802,-25.14919]]}},{"type":"Feature","properties":{"n":"","h":"unclassified"},"geometry":{"type":"LineString","coordinates":[[-49.45574,-25.14931],[-49.45596,-25.14917],[-49.45651,-25.14882],[-49.45677,-25.1487],[-49.45688,-25.14868],[-49.4572,-25.14869],[-49.45745,-25.14876],[-49.45779,-25.14888],[-49.45788,-25.14895],[-49.45799,-25.14912]]}},{"type":"Feature","properties":{"n":"","h":"primary"},"geometry":{"type":"LineString","coordinates":[[-49.32646,-25.20078],[-49.32648,-25.20084]]}},{"type":"Feature","properties":{"n":"Rodovia dos Minérios","h":"primary"},"geometry":{"type":"LineString","coordinates":[[-49.30955,-25.21261],[-49.30956,-25.21256],[-49.30959,-25.2124],[-49.30972,-25.21152],[-49.30974,-25.21137],[-49.30991,-25.21091],[-49.31023,-25.21037],[-49.31083,-25.20955],[-49.31125,-25.20898],[-49.31139,-25.20875],[-49.31146,-25.20859],[-49.31152,-25.20843]]}},{"type":"Feature","properties":{"n":"Rodovia dos Minérios","h":"primary"},"geometry":{"type":"LineString","coordinates":[[-49.31152,-25.20843],[-49.31157,-25.20827],[-49.31163,-25.20795],[-49.31169,-25.20753],[-49.31173,-25.2071],[-49.31175,-25.20688],[-49.31173,-25.20667],[-49.3117,-25.20646],[-49.31163,-25.20623],[-49.3116,-25.20614],[-49.31156,-25.20603],[-49.3114,-25.20574],[-49.31077,-25.20479],[-49.31021,-25.20392],[-49.31008,-25.2037],[-49.30999,-25.20351],[-49.30988,-25.20328],[-49.30982,-25.20299],[-49.3098,-25.20279],[-49.30974,-25.20212],[-49.3097,-25.20168],[-49.30969,-25.20141],[-49.30969,-25.20119],[-49.30973,-25.20034],[-49.30974,-25.20021],[-49.30996,-25.19899],[-49.31006,-25.19831],[-49.3101,-25.1981],[-49.31012,-25.19793],[-49.31019,-25.19763],[-49.31025,-25.19741]]}},{"type":"Feature","properties":{"n":"Avenida Ermirio de Moraes","h":"primary"},"geometry":{"type":"LineString","coordinates":[[-49.32348,-25.19262],[-49.32347,-25.19308],[-49.32357,-25.19376],[-49.32361,-25.19395],[-49.32369,-25.1943]]}},{"type":"Feature","properties":{"n":"Avenida Ermirio de Moraes","h":"primary"},"geometry":{"type":"LineString","coordinates":[[-49.31465,-25.19503],[-49.31442,-25.19513],[-49.3143,-25.19515],[-49.314,-25.19524],[-49.31361,-25.19537],[-49.31314,-25.1956]]}},{"type":"Feature","properties":{"n":"Avenida Industrial","h":"primary"},"geometry":{"type":"LineString","coordinates":[[-49.32314,-25.19053],[-49.32333,-25.19068],[-49.32357,-25.19094],[-49.32373,-25.1913],[-49.32379,-25.1915],[-49.32381,-25.19171],[-49.32377,-25.19201],[-49.32348,-25.19262]]}},{"type":"Feature","properties":{"n":"Rodovia Gertrudes Manguer da Rosa","h":"secondary"},"geometry":{"type":"LineString","coordinates":[[-49.31964,-25.18445],[-49.31969,-25.18446]]}},{"type":"Feature","properties":{"n":"Rodovia Gertrudes Manguer da Rosa","h":"secondary"},"geometry":{"type":"LineString","coordinates":[[-49.3219,-25.18748],[-49.32227,-25.18765],[-49.32269,-25.18782],[-49.32311,-25.18797],[-49.32338,-25.18809],[-49.32344,-25.18814],[-49.32349,-25.18823],[-49.3235,-25.18831],[-49.32348,-25.18838],[-49.32346,-25.18845],[-49.32342,-25.18854],[-49.32336,-25.18866],[-49.32326,-25.18886],[-49.32317,-25.18907],[-49.32317,-25.1892],[-49.32318,-25.18929],[-49.32322,-25.18946],[-49.32325,-25.18959],[-49.32331,-25.18977],[-49.32331,-25.18994],[-49.32328,-25.19013],[-49.32321,-25.19038],[-49.32314,-25.19053]]}},{"type":"Feature","properties":{"n":"Avenida Ermirio de Moraes","h":"primary"},"geometry":{"type":"LineString","coordinates":[[-49.32186,-25.18981],[-49.32147,-25.18974],[-49.32111,-25.18978],[-49.32085,-25.18987],[-49.32059,-25.19003],[-49.32041,-25.19021]]}},{"type":"Feature","properties":{"n":"Rodovia Gertrudes Manguer da Rosa","h":"secondary"},"geometry":{"type":"LineString","coordinates":[[-49.32034,-25.16547],[-49.32034,-25.16565],[-49.32045,-25.16601],[-49.32102,-25.16768],[-49.32108,-25.16787],[-49.32117,-25.16808],[-49.32123,-25.16819],[-49.32129,-25.16827],[-49.32162,-25.16858],[-49.32168,-25.16865],[-49.32176,-25.16878],[-49.32179,-25.16884],[-49.32183,-25.16893],[-49.32185,-25.16905],[-49.32186,-25.16915],[-49.32186,-25.16933],[-49.32182,-25.1696],[-49.32179,-25.17006],[-49.32175,-25.17031],[-49.32172,-25.17052],[-49.32168,-25.17083],[-49.32161,-25.17113],[-49.32147,-25.17139]]}},{"type":"Feature","properties":{"n":"Rua Manoel Muller de Siqueira","h":"tertiary"},"geometry":{"type":"LineString","coordinates":[[-49.31058,-25.16819],[-49.31035,-25.16818]]}},{"type":"Feature","properties":{"n":"Rua Manoel Muller de Siqueira","h":"tertiary"},"geometry":{"type":"LineString","coordinates":[[-49.31035,-25.16818],[-49.31027,-25.16819],[-49.31018,-25.16821],[-49.30995,-25.16834]]}},{"type":"Feature","properties":{"n":"Rua Sete de Abril","h":"secondary"},"geometry":{"type":"LineString","coordinates":[[-49.31942,-25.1728],[-49.31956,-25.17275]]}},{"type":"Feature","properties":{"n":"Rua Manoel Muller de Siqueira","h":"tertiary"},"geometry":{"type":"LineString","coordinates":[[-49.31935,-25.17259],[-49.31909,-25.1723],[-49.3189,-25.17211],[-49.31878,-25.17204],[-49.31865,-25.17199],[-49.31857,-25.17196],[-49.31852,-25.17194],[-49.31832,-25.17189],[-49.31813,-25.17185],[-49.31796,-25.17182],[-49.31785,-25.17178],[-49.31774,-25.17172],[-49.31767,-25.17167],[-49.31764,-25.17164],[-49.31757,-25.17158],[-49.31749,-25.17152],[-49.3174,-25.17145],[-49.3173,-25.17137],[-49.31719,-25.17131],[-49.31712,-25.17124],[-49.31703,-25.17116],[-49.31694,-25.17105],[-49.31682,-25.17095],[-49.31666,-25.17086],[-49.31654,-25.17082],[-49.31641,-25.17075],[-49.31621,-25.17064],[-49.316,-25.17053]]}},{"type":"Feature","properties":{"n":"Rua Sete de Abril","h":"secondary"},"geometry":{"type":"LineString","coordinates":[[-49.31238,-25.1832],[-49.31243,-25.18303],[-49.31255,-25.1826],[-49.31253,-25.18246],[-49.31248,-25.18188],[-49.31252,-25.18153],[-49.3127,-25.18111],[-49.31282,-25.18096],[-49.31315,-25.18064],[-49.3132,-25.18053]]}},{"type":"Feature","properties":{"n":"Rua Sete de Abril","h":"secondary"},"geometry":{"type":"LineString","coordinates":[[-49.3132,-25.18053],[-49.31308,-25.18027],[-49.31296,-25.18012],[-49.31259,-25.17962],[-49.31257,-25.17957],[-49.31257,-25.17954]]}},{"type":"Feature","properties":{"n":"Rua Sete de Abril","h":"residential"},"geometry":{"type":"LineString","coordinates":[[-49.3132,-25.18053],[-49.31329,-25.18052],[-49.31371,-25.1804],[-49.31419,-25.18036],[-49.3146,-25.18039],[-49.3148,-25.18037],[-49.31549,-25.18021],[-49.3158,-25.18015],[-49.31628,-25.18006]]}},{"type":"Feature","properties":{"n":"Rua Padre Antônio Vieira","h":"residential"},"geometry":{"type":"LineString","coordinates":[[-49.31544,-25.17786],[-49.31567,-25.17848],[-49.31595,-25.17925],[-49.31628,-25.18006]]}},{"type":"Feature","properties":{"n":"Rua Açungui","h":"secondary"},"geometry":{"type":"LineString","coordinates":[[-49.31544,-25.17786],[-49.31565,-25.17783],[-49.31585,-25.17778],[-49.31601,-25.17772],[-49.31616,-25.17763],[-49.31628,-25.17752],[-49.31637,-25.17741],[-49.31652,-25.17728]]}},{"type":"Feature","properties":{"n":"Rodovia Gertrudes Manguer da Rosa","h":"secondary"},"geometry":{"type":"LineString","coordinates":[[-49.3184,-25.18341],[-49.31842,-25.18353],[-49.31851,-25.1837],[-49.31858,-25.18385],[-49.31868,-25.18399],[-49.31875,-25.18409],[-49.3189,-25.18421],[-49.31911,-25.18431],[-49.31931,-25.18437],[-49.31951,-25.18442],[-49.31959,-25.18444]]}},{"type":"Feature","properties":{"n":"Rua Padre Ribeiro","h":"secondary"},"geometry":{"type":"LineString","coordinates":[[-49.31766,-25.18609],[-49.31797,-25.18584]]}},{"type":"Feature","properties":{"n":"Rua Duque de Caxias","h":"tertiary"},"geometry":{"type":"LineString","coordinates":[[-49.31592,-25.18442],[-49.31598,-25.18448],[-49.3161,-25.18446],[-49.31657,-25.18431],[-49.31662,-25.18431],[-49.31666,-25.18433],[-49.31683,-25.18455],[-49.31707,-25.18483],[-49.31725,-25.18504],[-49.31737,-25.18523],[-49.31743,-25.18539],[-49.31747,-25.1855],[-49.31756,-25.18582],[-49.31766,-25.18609]]}},{"type":"Feature","properties":{"n":"Rua Venâncio da Silva","h":"residential"},"geometry":{"type":"LineString","coordinates":[[-49.31592,-25.18442],[-49.3161,-25.18394],[-49.31621,-25.18373]]}},{"type":"Feature","properties":{"n":"Rua Eduardo Alves Ribeiro","h":"residential"},"geometry":{"type":"LineString","coordinates":[[-49.30805,-25.18752],[-49.30776,-25.18746],[-49.30733,-25.18742]]}},{"type":"Feature","properties":{"n":"","h":"residential"},"geometry":{"type":"LineString","coordinates":[[-49.30314,-25.18781],[-49.30313,-25.18784]]}},{"type":"Feature","properties":{"n":"Avenida Brasil","h":"tertiary"},"geometry":{"type":"LineString","coordinates":[[-49.29855,-25.18625],[-49.29835,-25.18627],[-49.29822,-25.18625],[-49.29798,-25.18613]]}},{"type":"Feature","properties":{"n":"","h":"residential"},"geometry":{"type":"LineString","coordinates":[[-49.29599,-25.19154],[-49.29606,-25.19158],[-49.29616,-25.19161],[-49.29655,-25.19171],[-49.2968,-25.19177],[-49.29696,-25.1918],[-49.29706,-25.19183],[-49.2972,-25.19189]]}},{"type":"Feature","properties":{"n":"Estrada Antônio Fiorese","h":"tertiary"},"geometry":{"type":"LineString","coordinates":[[-49.28705,-25.20412],[-49.28703,-25.20378],[-49.28706,-25.20343],[-49.28712,-25.20324],[-49.2873,-25.20286],[-49.28731,-25.2027],[-49.28723,-25.20239],[-49.2872,-25.20224],[-49.28725,-25.20202],[-49.2874,-25.20155],[-49.28753,-25.20133],[-49.28761,-25.20121],[-49.28764,-25.20111],[-49.28763,-25.20096],[-49.28765,-25.20066],[-49.2877,-25.20047],[-49.28778,-25.20035],[-49.28787,-25.20027],[-49.28821,-25.20006],[-49.28851,-25.19982],[-49.28864,-25.19971],[-49.28896,-25.19942],[-49.28983,-25.19892],[-49.2906,-25.19844],[-49.29076,-25.19837],[-49.29092,-25.19833],[-49.29151,-25.19831],[-49.29207,-25.19834],[-49.29229,-25.1983],[-49.29237,-25.19827],[-49.29273,-25.19807],[-49.29286,-25.19794],[-49.29291,-25.19786],[-49.29298,-25.19768],[-49.29305,-25.19732],[-49.2931,-25.19719],[-49.29314,-25.19714],[-49.29325,-25.19703],[-49.29348,-25.1969],[-49.2936,-25.1968],[-49.29367,-25.19668],[-49.29368,-25.19661],[-49.29364,-25.19632],[-49.29363,-25.19613],[-49.29365,-25.19602],[-49.29373,-25.19592],[-49.294,-25.19577],[-49.29424,-25.19567],[-49.29464,-25.19554],[-49.29527,-25.19529],[-49.29547,-25.19521],[-49.29566,-25.19508],[-49.29603,-25.1948],[-49.29626,-25.1947],[-49.29642,-25.19465],[-49.2965,-25.19459],[-49.29668,-25.19429],[-49.2968,-25.19418],[-49.29695,-25.19413],[-49.29711,-25.19414],[-49.29733,-25.19418],[-49.29745,-25.19418],[-49.29757,-25.19416],[-49.29767,-25.19413],[-49.29783,-25.19404],[-49.29796,-25.19393],[-49.29827,-25.19366],[-49.29857,-25.19347]]}},{"type":"Feature","properties":{"n":"Rua Araça","h":"residential"},"geometry":{"type":"LineString","coordinates":[[-49.30358,-25.19649],[-49.30354,-25.19648],[-49.30351,-25.19645],[-49.30349,-25.19638]]}},{"type":"Feature","properties":{"n":"Rodovia dos Minérios","h":"primary"},"geometry":{"type":"LineString","coordinates":[[-49.31025,-25.19741],[-49.31031,-25.19723],[-49.31039,-25.19709],[-49.3105,-25.19696],[-49.31101,-25.19649]]}},{"type":"Feature","properties":{"n":"Rua Amazonas","h":"residential"},"geometry":{"type":"LineString","coordinates":[[-49.30329,-25.18791],[-49.30327,-25.18794]]}},{"type":"Feature","properties":{"n":"Rua Generoso Marques","h":"tertiary"},"geometry":{"type":"LineString","coordinates":[[-49.31286,-25.19226],[-49.31215,-25.19189],[-49.3119,-25.19176],[-49.31069,-25.19114]]}},{"type":"Feature","properties":{"n":"Rua Eduardo Alves Ribeiro","h":"residential"},"geometry":{"type":"LineString","coordinates":[[-49.30733,-25.18742],[-49.30708,-25.18751],[-49.30698,-25.18758],[-49.30693,-25.18767],[-49.30694,-25.18776],[-49.30699,-25.18786],[-49.30717,-25.18804],[-49.30729,-25.18818],[-49.30744,-25.18838]]}},{"type":"Feature","properties":{"n":"Rua Olavo Bilac","h":"residential"},"geometry":{"type":"LineString","coordinates":[[-49.31168,-25.18618],[-49.31121,-25.18664],[-49.31096,-25.18691]]}},{"type":"Feature","properties":{"n":"Rua Olavo Bilac","h":"residential"},"geometry":{"type":"LineString","coordinates":[[-49.31231,-25.1855],[-49.31226,-25.18555],[-49.31209,-25.18576],[-49.31181,-25.18605],[-49.31168,-25.18618]]}},{"type":"Feature","properties":{"n":"Rodovia dos Minérios","h":"primary"},"geometry":{"type":"LineString","coordinates":[[-49.31101,-25.19649],[-49.31113,-25.19639],[-49.31128,-25.1963]]}},{"type":"Feature","properties":{"n":"Rua Prefeito Octávio Furquim","h":"tertiary"},"geometry":{"type":"LineString","coordinates":[[-49.31101,-25.19649],[-49.31095,-25.19635],[-49.31091,-25.19625],[-49.3108,-25.19603],[-49.31071,-25.19589],[-49.31059,-25.19577],[-49.31034,-25.19559]]}},{"type":"Feature","properties":{"n":"Rua Prefeito José Pedroso de Moraes","h":"residential"},"geometry":{"type":"LineString","coordinates":[[-49.31043,-25.19],[-49.3099,-25.18999]]}},{"type":"Feature","properties":{"n":"Rua Prefeito José Pedroso de Moraes","h":"residential"},"geometry":{"type":"LineString","coordinates":[[-49.31129,-25.18587],[-49.31168,-25.18618]]}},{"type":"Feature","properties":{"n":"Rua Domingos Alessandro Nodari","h":"tertiary"},"geometry":{"type":"LineString","coordinates":[[-49.31246,-25.18531],[-49.3127,-25.18514],[-49.31309,-25.18483]]}},{"type":"Feature","properties":{"n":"Rua Padre Ribeiro","h":"secondary"},"geometry":{"type":"LineString","coordinates":[[-49.31561,-25.18735],[-49.31571,-25.1873],[-49.31587,-25.18721]]}},{"type":"Feature","properties":{"n":"Rua Padre Ribeiro","h":"secondary"},"geometry":{"type":"LineString","coordinates":[[-49.3163,-25.18694],[-49.31647,-25.18683],[-49.31689,-25.18659],[-49.31729,-25.18635],[-49.31766,-25.18609]]}},{"type":"Feature","properties":{"n":"Rua Benjamin Bontorin","h":"tertiary"},"geometry":{"type":"LineString","coordinates":[[-49.31621,-25.18804],[-49.31617,-25.18799]]}},{"type":"Feature","properties":{"n":"","h":"tertiary"},"geometry":{"type":"LineString","coordinates":[[-49.31914,-25.19044],[-49.31946,-25.19072],[-49.31953,-25.19077]]}},{"type":"Feature","properties":{"n":"Avenida Ermirio de Moraes","h":"primary"},"geometry":{"type":"LineString","coordinates":[[-49.3197,-25.19092],[-49.31929,-25.19103],[-49.31872,-25.19117]]}},{"type":"Feature","properties":{"n":"Avenida Ermirio de Moraes","h":"primary"},"geometry":{"type":"LineString","coordinates":[[-49.3158,-25.19421],[-49.31538,-25.19455]]}},{"type":"Feature","properties":{"n":"Rua Parigot de Souza","h":"tertiary"},"geometry":{"type":"LineString","coordinates":[[-49.3158,-25.19421],[-49.31561,-25.1942],[-49.31538,-25.19415]]}},{"type":"Feature","properties":{"n":"Rua Flávio Johnsson","h":"residential"},"geometry":{"type":"LineString","coordinates":[[-49.31577,-25.1885],[-49.31568,-25.18847],[-49.31555,-25.18849],[-49.31528,-25.18861],[-49.31499,-25.18873]]}},{"type":"Feature","properties":{"n":"Avenida Ermirio de Moraes","h":"primary"},"geometry":{"type":"LineString","coordinates":[[-49.31538,-25.19455],[-49.31521,-25.19468],[-49.31505,-25.1948],[-49.31481,-25.19495],[-49.31465,-25.19503]]}},{"type":"Feature","properties":{"n":"Rua Carolina B. Zen de Cristo","h":"residential"},"geometry":{"type":"LineString","coordinates":[[-49.31522,-25.1923],[-49.31527,-25.192],[-49.3153,-25.19155],[-49.31537,-25.19082]]}},{"type":"Feature","properties":{"n":"Rua Parigot de Souza","h":"tertiary"},"geometry":{"type":"LineString","coordinates":[[-49.31522,-25.19252],[-49.31555,-25.19238],[-49.31561,-25.19234]]}},{"type":"Feature","properties":{"n":"","h":"residential"},"geometry":{"type":"LineString","coordinates":[[-49.30429,-25.21457],[-49.30451,-25.21442]]}},{"type":"Feature","properties":{"n":"Rua Elias Antônio","h":"residential"},"geometry":{"type":"LineString","coordinates":[[-49.31589,-25.19272],[-49.31529,-25.19313]]}},{"type":"Feature","properties":{"n":"","h":"tertiary"},"geometry":{"type":"LineString","coordinates":[[-49.39477,-25.09987],[-49.39494,-25.09907],[-49.39533,-25.09846],[-49.3964,-25.09763],[-49.39708,-25.09734],[-49.39775,-25.09717],[-49.39837,-25.09706],[-49.39884,-25.09705]]}},{"type":"Feature","properties":{"n":"","h":"tertiary"},"geometry":{"type":"LineString","coordinates":[[-49.41237,-25.04881],[-49.41324,-25.04822],[-49.41426,-25.04769],[-49.41537,-25.04751],[-49.41592,-25.0472],[-49.41629,-25.04596],[-49.41651,-25.04512],[-49.41735,-25.04435],[-49.41768,-25.04392],[-49.41817,-25.04362],[-49.41964,-25.04263],[-49.4204,-25.04198],[-49.42119,-25.04113],[-49.42218,-25.03971],[-49.42293,-25.03806],[-49.42402,-25.03732],[-49.42417,-25.03716],[-49.42453,-25.0368],[-49.42469,-25.03542],[-49.42543,-25.03426],[-49.42706,-25.03332],[-49.43023,-25.03151],[-49.43128,-25.03053],[-49.43204,-25.02926],[-49.43232,-25.02821],[-49.43283,-25.02786],[-49.43438,-25.02754],[-49.43534,-25.02746],[-49.43673,-25.02672],[-49.43694,-25.0267],[-49.43718,-25.02668],[-49.43738,-25.0267],[-49.43798,-25.02675],[-49.43872,-25.02657],[-49.4404,-25.02512],[-49.44101,-25.02453],[-49.4426,-25.02337],[-49.44451,-25.02249],[-49.446,-25.02178],[-49.44851,-25.02109],[-49.45028,-25.02058],[-49.45237,-25.0198],[-49.45462,-25.01878],[-49.45843,-25.01705],[-49.46014,-25.01647],[-49.46107,-25.01531],[-49.46157,-25.01495],[-49.46232,-25.01442],[-49.46295,-25.01375],[-49.46287,-25.01326],[-49.46283,-25.01298],[-49.46288,-25.01134],[-49.46334,-25.01041],[-49.46307,-25.00964],[-49.46248,-25.00889],[-49.4626,-25.00795],[-49.46353,-25.00618],[-49.46373,-25.00504],[-49.46344,-25.00401],[-49.46448,-25.00101],[-49.46574,-25.00024],[-49.46607,-24.99915],[-49.46652,-24.9984],[-49.46664,-24.99773],[-49.46647,-24.99693],[-49.46654,-24.99675],[-49.46682,-24.99683],[-49.46735,-24.99752],[-49.46779,-24.99742],[-49.46847,-24.99641],[-49.46925,-24.99585],[-49.46917,-24.99508],[-49.46946,-24.99339],[-49.46908,-24.99249],[-49.46954,-24.9911],[-49.47021,-24.99085],[-49.47127,-24.99082],[-49.47175,-24.99077],[-49.47254,-24.98979],[-49.47268,-24.98953],[-49.47289,-24.98914],[-49.47347,-24.98857],[-49.4734,-24.98782],[-49.47404,-24.98756],[-49.47494,-24.98777],[-49.47621,-24.98756],[-49.4772,-24.98756],[-49.47765,-24.98795]]}},{"type":"Feature","properties":{"n":"","h":"tertiary"},"geometry":{"type":"LineString","coordinates":[[-49.29338,-25.15467],[-49.29328,-25.15459],[-49.29306,-25.15448],[-49.29296,-25.1544],[-49.29286,-25.15426],[-49.29266,-25.154],[-49.29257,-25.1539],[-49.29245,-25.1538],[-49.29227,-25.1537],[-49.29223,-25.15359],[-49.2922,-25.15347],[-49.29218,-25.15323],[-49.29214,-25.15308],[-49.29207,-25.15297],[-49.29198,-25.1529],[-49.29185,-25.15285],[-49.2917,-25.15284],[-49.29164,-25.15288],[-49.29144,-25.15295],[-49.29125,-25.15295],[-49.29116,-25.15294],[-49.29085,-25.15289],[-49.29066,-25.15285],[-49.29048,-25.15282],[-49.29018,-25.15277],[-49.29,-25.15266],[-49.28985,-25.15255],[-49.28972,-25.1524],[-49.28954,-25.15226],[-49.28936,-25.15218],[-49.28919,-25.15208],[-49.28907,-25.15202],[-49.28901,-25.15193],[-49.28884,-25.15165],[-49.28872,-25.15143],[-49.2886,-25.15119],[-49.28846,-25.15091],[-49.28835,-25.15066],[-49.28821,-25.15035],[-49.28808,-25.15002],[-49.28803,-25.14986],[-49.28806,-25.14971],[-49.2881,-25.14955],[-49.28816,-25.14944],[-49.28823,-25.14936],[-49.28833,-25.14932],[-49.28845,-25.14929],[-49.28855,-25.14927],[-49.28867,-25.14925],[-49.28887,-25.14923],[-49.28922,-25.1492],[-49.28966,-25.14921],[-49.28983,-25.14921],[-49.29012,-25.14917],[-49.29034,-25.14905],[-49.29057,-25.14882],[-49.29091,-25.14845],[-49.29116,-25.14823],[-49.29137,-25.14807],[-49.29156,-25.14785],[-49.29178,-25.1475],[-49.29188,-25.14717],[-49.29193,-25.14693],[-49.29197,-25.14659],[-49.29198,-25.14629],[-49.29199,-25.14601],[-49.29205,-25.14587],[-49.2921,-25.14581],[-49.29219,-25.14576],[-49.29233,-25.14569],[-49.29249,-25.14565],[-49.29263,-25.14562],[-49.29277,-25.14556],[-49.29288,-25.14551],[-49.29294,-25.14545],[-49.29302,-25.14538],[-49.29318,-25.14525],[-49.2933,-25.14519],[-49.29341,-25.14514],[-49.29354,-25.14508],[-49.29366,-25.14502],[-49.29373,-25.14495],[-49.29382,-25.14485],[-49.29388,-25.14472],[-49.29397,-25.14455],[-49.29412,-25.14445],[-49.29431,-25.1443],[-49.29445,-25.14418],[-49.29465,-25.14408],[-49.29484,-25.14401],[-49.295,-25.14393],[-49.29506,-25.14387],[-49.2951,-25.14377],[-49.29509,-25.14365],[-49.29505,-25.14355],[-49.29499,-25.14346],[-49.29496,-25.14337],[-49.29496,-25.14332],[-49.295,-25.14326],[-49.29501,-25.1431],[-49.29496,-25.14301],[-49.29488,-25.14296],[-49.29482,-25.14287]]}},{"type":"Feature","properties":{"n":"","h":"tertiary"},"geometry":{"type":"LineString","coordinates":[[-49.31023,-25.18295],[-49.31014,-25.18262],[-49.31007,-25.18232],[-49.30999,-25.18194],[-49.30992,-25.18163],[-49.30984,-25.1814],[-49.3098,-25.18131],[-49.30971,-25.1812],[-49.30963,-25.18112],[-49.30939,-25.18089],[-49.30913,-25.18067],[-49.30885,-25.18045],[-49.30857,-25.18037],[-49.30812,-25.18023],[-49.30777,-25.18006],[-49.30748,-25.18],[-49.30719,-25.17994],[-49.30698,-25.17984],[-49.30682,-25.17972],[-49.3066,-25.17955],[-49.30649,-25.17951],[-49.30634,-25.17951],[-49.3062,-25.17953],[-49.30606,-25.17954],[-49.30594,-25.17951],[-49.30576,-25.17946],[-49.30561,-25.17943],[-49.30541,-25.17942],[-49.30527,-25.17939],[-49.30519,-25.17932],[-49.30511,-25.17918],[-49.30508,-25.17908],[-49.30502,-25.17895],[-49.30494,-25.17886],[-49.30486,-25.17882],[-49.30475,-25.17881],[-49.30464,-25.17879],[-49.30457,-25.17876],[-49.30449,-25.17868],[-49.30444,-25.17856],[-49.30443,-25.17841],[-49.30445,-25.17831],[-49.3045,-25.1782],[-49.30453,-25.17809],[-49.30454,-25.17802],[-49.30454,-25.17795],[-49.30453,-25.17787],[-49.30454,-25.17779],[-49.30456,-25.17773],[-49.3046,-25.17764],[-49.30468,-25.1775],[-49.30481,-25.17736],[-49.30492,-25.17723],[-49.30507,-25.17709],[-49.30517,-25.17699],[-49.30536,-25.17685],[-49.30548,-25.17673],[-49.30551,-25.17664],[-49.30547,-25.17654],[-49.3054,-25.17648],[-49.3053,-25.17645],[-49.30519,-25.17641],[-49.30509,-25.17637],[-49.30494,-25.17628],[-49.30468,-25.17615],[-49.30446,-25.17605],[-49.30437,-25.17602],[-49.30425,-25.17602],[-49.3041,-25.17604],[-49.30387,-25.17608],[-49.3037,-25.17608],[-49.30359,-25.17605],[-49.30335,-25.17597],[-49.30321,-25.17588],[-49.303,-25.17573],[-49.30288,-25.17562],[-49.30274,-25.17554],[-49.30259,-25.17544],[-49.3025,-25.17535],[-49.30243,-25.17525],[-49.3024,-25.17518],[-49.30237,-25.17507],[-49.30238,-25.17496],[-49.30239,-25.17483],[-49.30237,-25.17466],[-49.30228,-25.17454],[-49.30216,-25.17446],[-49.30203,-25.17439],[-49.30193,-25.17437],[-49.30179,-25.17434],[-49.30163,-25.17425],[-49.30154,-25.17417],[-49.30149,-25.17409],[-49.30139,-25.17392],[-49.30129,-25.17374],[-49.30121,-25.17363],[-49.30112,-25.17355],[-49.30105,-25.17352],[-49.30092,-25.17346],[-49.30082,-25.17339],[-49.30075,-25.17333],[-49.30072,-25.17326],[-49.3007,-25.17318],[-49.30069,-25.17309],[-49.30069,-25.173],[-49.30069,-25.17291],[-49.30068,-25.17283],[-49.30065,-25.17269],[-49.30064,-25.17261],[-49.30065,-25.17251],[-49.30065,-25.17238],[-49.30069,-25.17223],[-49.30071,-25.17211],[-49.30078,-25.17201],[-49.30083,-25.17191],[-49.30092,-25.17181],[-49.30105,-25.17165],[-49.30112,-25.1715],[-49.30114,-25.17136],[-49.30113,-25.17129],[-49.30111,-25.17124],[-49.30106,-25.17115],[-49.30095,-25.17107],[-49.30083,-25.17099],[-49.3007,-25.17088],[-49.30047,-25.17071],[-49.30025,-25.17057],[-49.29999,-25.17039],[-49.29985,-25.17031],[-49.2997,-25.17024],[-49.29944,-25.17012],[-49.29925,-25.17004],[-49.29908,-25.16995],[-49.2989,-25.16989],[-49.29877,-25.16985],[-49.29864,-25.16984],[-49.29846,-25.16981],[-49.29828,-25.16976],[-49.29814,-25.16971],[-49.29802,-25.16965],[-49.2978,-25.16956],[-49.29753,-25.16946],[-49.29733,-25.16937],[-49.29708,-25.16928],[-49.29691,-25.1692],[-49.29676,-25.16909],[-49.29651,-25.16887],[-49.29636,-25.16874],[-49.29599,-25.16847],[-49.29578,-25.16834],[-49.2956,-25.16821],[-49.29552,-25.16814],[-49.29531,-25.16796],[-49.29515,-25.16779],[-49.29505,-25.16765],[-49.29493,-25.1675],[-49.29488,-25.16739],[-49.29488,-25.16729],[-49.29489,-25.16721],[-49.29496,-25.16703],[-49.29503,-25.16693],[-49.29513,-25.16682],[-49.29528,-25.16672],[-49.29538,-25.16667],[-49.29568,-25.16652],[-49.29579,-25.16643],[-49.2959,-25.16629],[-49.29602,-25.1661],[-49.29617,-25.16587],[-49.29626,-25.16567],[-49.29634,-25.16545],[-49.29635,-25.16525],[-49.29635,-25.16499],[-49.29636,-25.1647],[-49.29638,-25.16427],[-49.29641,-25.16402],[-49.29645,-25.16377],[-49.29644,-25.16357],[-49.29643,-25.16345],[-49.29633,-25.16317],[-49.2963,-25.16301],[-49.29631,-25.16286],[-49.29637,-25.16277],[-49.29644,-25.16268],[-49.29649,-25.16256],[-49.29647,-25.16241],[-49.29644,-25.16229],[-49.29637,-25.16218],[-49.29627,-25.16209],[-49.29621,-25.16202],[-49.29618,-25.16194],[-49.29618,-25.16173],[-49.29617,-25.16161],[-49.29619,-25.16138],[-49.2962,-25.1611],[-49.2962,-25.16085],[-49.29622,-25.16066],[-49.29627,-25.16053],[-49.29635,-25.16031],[-49.29644,-25.16013],[-49.29655,-25.15995],[-49.29665,-25.15976],[-49.29672,-25.15958],[-49.29676,-25.15943],[-49.29678,-25.15919],[-49.29676,-25.159],[-49.29671,-25.15876],[-49.29662,-25.15844],[-49.29655,-25.15826],[-49.29637,-25.15799],[-49.29619,-25.15781],[-49.29594,-25.15762],[-49.29573,-25.15749],[-49.29547,-25.15732],[-49.29518,-25.15714],[-49.29487,-25.15699],[-49.2947,-25.15686],[-49.29463,-25.15677],[-49.29458,-25.15661],[-49.29458,-25.15645],[-49.29459,-25.15635],[-49.29459,-25.15613],[-49.29456,-25.15596],[-49.29447,-25.15582],[-49.29435,-25.15572],[-49.29412,-25.1555],[-49.29391,-25.1553],[-49.2937,-25.15511],[-49.29354,-25.1549],[-49.29344,-25.15472],[-49.29338,-25.15467]]}},{"type":"Feature","properties":{"n":"","h":"unclassified"},"geometry":{"type":"LineString","coordinates":[[-49.26087,-25.12052],[-49.26098,-25.12052],[-49.26153,-25.12056],[-49.2618,-25.12056],[-49.26222,-25.12053],[-49.26249,-25.12051],[-49.26265,-25.12049],[-49.26275,-25.12052],[-49.26293,-25.1206]]}},{"type":"Feature","properties":{"n":"","h":"unclassified"},"geometry":{"type":"LineString","coordinates":[[-49.17394,-25.13814],[-49.17383,-25.13841],[-49.17322,-25.13901],[-49.17284,-25.1392],[-49.17274,-25.13928],[-49.17267,-25.13953],[-49.17259,-25.13965],[-49.17215,-25.13992],[-49.17197,-25.14],[-49.1715,-25.14037],[-49.17109,-25.14044],[-49.17094,-25.14049],[-49.17012,-25.14101],[-49.1697,-25.14115],[-49.1694,-25.14126],[-49.16883,-25.14176],[-49.1683,-25.14225],[-49.16823,-25.14265],[-49.16807,-25.14309],[-49.16733,-25.14336],[-49.167,-25.14378],[-49.1665,-25.14405],[-49.16623,-25.14425],[-49.16583,-25.14472],[-49.165,-25.14616],[-49.16425,-25.1471],[-49.16384,-25.14787],[-49.16343,-25.14849],[-49.16314,-25.14925],[-49.16271,-25.14991],[-49.16263,-25.15006],[-49.16258,-25.15018],[-49.16254,-25.15038],[-49.16251,-25.15047],[-49.16246,-25.15057],[-49.16214,-25.15098],[-49.16201,-25.15119],[-49.16192,-25.15131],[-49.16181,-25.15141],[-49.16164,-25.1515],[-49.16116,-25.15162],[-49.16108,-25.15165],[-49.16101,-25.15171],[-49.16087,-25.15183],[-49.16079,-25.15188],[-49.16056,-25.15198],[-49.16046,-25.15208],[-49.16023,-25.1524],[-49.16013,-25.1525],[-49.15999,-25.15258],[-49.15986,-25.1526],[-49.15967,-25.15258],[-49.15843,-25.15232],[-49.15824,-25.15231],[-49.15809,-25.15235],[-49.15794,-25.15243],[-49.15742,-25.15299],[-49.15732,-25.15324],[-49.15725,-25.15344],[-49.15724,-25.15362],[-49.1575,-25.15421],[-49.15761,-25.15464],[-49.15762,-25.1548],[-49.15759,-25.15494],[-49.15742,-25.1553]]}},{"type":"Feature","properties":{"n":"","h":"tertiary"},"geometry":{"type":"LineString","coordinates":[[-49.2321,-25.12002],[-49.232,-25.11985],[-49.23182,-25.11963],[-49.23178,-25.11948],[-49.23171,-25.11933],[-49.23165,-25.11917],[-49.23157,-25.11908],[-49.23147,-25.11902],[-49.23133,-25.11897],[-49.23124,-25.11899],[-49.23118,-25.11904],[-49.231,-25.11924],[-49.23083,-25.11931],[-49.23067,-25.11932],[-49.23044,-25.11932],[-49.23018,-25.11927],[-49.22995,-25.11921],[-49.22964,-25.11915],[-49.22944,-25.11911],[-49.22932,-25.11917],[-49.22884,-25.11951],[-49.22855,-25.11969],[-49.2282,-25.11991],[-49.22785,-25.12013],[-49.22767,-25.12028],[-49.22751,-25.12044],[-49.22741,-25.1205],[-49.22723,-25.12048],[-49.22703,-25.12043],[-49.22684,-25.12049],[-49.22669,-25.12062],[-49.22654,-25.12069],[-49.2263,-25.12072],[-49.22599,-25.12071],[-49.22575,-25.12079],[-49.22526,-25.1209],[-49.22501,-25.12087],[-49.2248,-25.12076],[-49.22425,-25.12039],[-49.22381,-25.11988],[-49.22357,-25.11962],[-49.22332,-25.11925],[-49.22312,-25.11895],[-49.22304,-25.11884],[-49.22273,-25.11863],[-49.22257,-25.11849],[-49.22241,-25.11832],[-49.22236,-25.11812],[-49.22223,-25.11788],[-49.22206,-25.11771],[-49.22178,-25.1176],[-49.22148,-25.11756],[-49.22121,-25.11758],[-49.22087,-25.11765],[-49.22034,-25.11776],[-49.22013,-25.11782],[-49.21996,-25.11783],[-49.21983,-25.11779],[-49.21971,-25.11771],[-49.21957,-25.11749],[-49.21946,-25.11734],[-49.21933,-25.11721],[-49.21921,-25.11709],[-49.21913,-25.11693],[-49.21907,-25.11673],[-49.21901,-25.11647],[-49.21898,-25.11621],[-49.21891,-25.11604],[-49.21876,-25.11594],[-49.21857,-25.11592],[-49.21827,-25.11592],[-49.21799,-25.11586],[-49.21781,-25.11586],[-49.21763,-25.11591],[-49.2175,-25.11597],[-49.21733,-25.11606],[-49.21716,-25.11611],[-49.21695,-25.11617],[-49.21675,-25.11621],[-49.21616,-25.11635],[-49.21594,-25.11641],[-49.21562,-25.11658],[-49.21531,-25.11668],[-49.21505,-25.11679],[-49.21496,-25.11689],[-49.21491,-25.11698],[-49.21488,-25.11712],[-49.21484,-25.11729],[-49.2147,-25.11746],[-49.21443,-25.11767],[-49.2142,-25.11781],[-49.21405,-25.11786],[-49.21384,-25.11783],[-49.21366,-25.11774],[-49.21343,-25.11756],[-49.21328,-25.11745],[-49.21314,-25.11738],[-49.21299,-25.11737],[-49.21288,-25.11738],[-49.21278,-25.11749],[-49.2127,-25.11755],[-49.21235,-25.11812],[-49.2119,-25.11841],[-49.21168,-25.11853],[-49.21145,-25.1187],[-49.21106,-25.11874],[-49.21071,-25.11893],[-49.21026,-25.11897],[-49.20845,-25.11875],[-49.20802,-25.11871],[-49.20763,-25.11884],[-49.20724,-25.11906],[-49.20692,-25.11927],[-49.20675,-25.11952],[-49.20654,-25.11978],[-49.20635,-25.11999],[-49.2062,-25.12036],[-49.20606,-25.12063],[-49.20585,-25.1209],[-49.20531,-25.12138],[-49.2048,-25.1219],[-49.20455,-25.1222],[-49.20429,-25.12254],[-49.20373,-25.12321],[-49.20349,-25.1234],[-49.20334,-25.12343]]}},{"type":"Feature","properties":{"n":"Estrada Antônio Fiorese","h":"tertiary"},"geometry":{"type":"LineString","coordinates":[[-49.28103,-25.20608],[-49.28108,-25.206],[-49.28116,-25.20593],[-49.28129,-25.20584],[-49.28152,-25.20571],[-49.28195,-25.2055],[-49.28224,-25.20539],[-49.28247,-25.20535],[-49.28304,-25.20537],[-49.28337,-25.20533],[-49.28426,-25.20515],[-49.2843,-25.20514],[-49.28498,-25.2049],[-49.28518,-25.2048],[-49.28531,-25.20469],[-49.28559,-25.20441],[-49.28569,-25.20433],[-49.2861,-25.20414],[-49.28624,-25.2041],[-49.28634,-25.2041],[-49.28675,-25.20413],[-49.28705,-25.20412]]}},{"type":"Feature","properties":{"n":"Estrada Antônio Fiorese","h":"unclassified"},"geometry":{"type":"LineString","coordinates":[[-49.28103,-25.20608],[-49.28072,-25.20615],[-49.28017,-25.20621],[-49.27987,-25.20624],[-49.27972,-25.20626],[-49.27955,-25.20632],[-49.27931,-25.20643],[-49.27863,-25.20672],[-49.27848,-25.20675],[-49.27832,-25.20676],[-49.27813,-25.20677],[-49.2779,-25.20677],[-49.2777,-25.20679],[-49.27731,-25.20686],[-49.27668,-25.20699],[-49.27646,-25.207],[-49.27633,-25.20699],[-49.27624,-25.20693],[-49.27618,-25.20685],[-49.27575,-25.20606],[-49.2756,-25.20578],[-49.27551,-25.20569],[-49.2754,-25.20564],[-49.27529,-25.20559],[-49.27503,-25.20556],[-49.2747,-25.20554],[-49.27447,-25.20557],[-49.27417,-25.20566],[-49.27395,-25.2057],[-49.27346,-25.20575],[-49.27306,-25.20579],[-49.2729,-25.20584],[-49.27263,-25.20596],[-49.27242,-25.20617],[-49.27223,-25.20635],[-49.27201,-25.20656],[-49.27193,-25.20663],[-49.27183,-25.20667],[-49.27171,-25.20669],[-49.2716,-25.20668],[-49.27148,-25.20665],[-49.27137,-25.20656],[-49.2711,-25.20621],[-49.27062,-25.20568],[-49.27049,-25.20552],[-49.27012,-25.20479],[-49.26963,-25.20378],[-49.26953,-25.20365],[-49.26942,-25.20355],[-49.26925,-25.20344],[-49.26916,-25.20335],[-49.26887,-25.203],[-49.26878,-25.20287],[-49.26863,-25.2025],[-49.26845,-25.20211],[-49.26839,-25.20195],[-49.26832,-25.20152],[-49.26826,-25.20137],[-49.26812,-25.20112],[-49.26797,-25.20089],[-49.26761,-25.20053],[-49.26726,-25.20018],[-49.26707,-25.20001],[-49.26688,-25.19989],[-49.26655,-25.19966],[-49.26635,-25.19947],[-49.26628,-25.19937],[-49.26626,-25.19935],[-49.26602,-25.19875],[-49.26589,-25.19852],[-49.26569,-25.1982],[-49.26561,-25.19809],[-49.26547,-25.19793],[-49.26522,-25.19774],[-49.26506,-25.19763],[-49.26476,-25.1975],[-49.26463,-25.19746],[-49.26435,-25.19735],[-49.26397,-25.19715],[-49.26386,-25.1971],[-49.26373,-25.19707],[-49.26355,-25.19705],[-49.26332,-25.19705],[-49.26315,-25.197],[-49.26269,-25.19674],[-49.26241,-25.19661],[-49.26226,-25.19657],[-49.26201,-25.19656],[-49.2617,-25.19656],[-49.26153,-25.19654],[-49.26137,-25.19652],[-49.26121,-25.19644],[-49.26092,-25.19616],[-49.2608,-25.19612],[-49.26065,-25.19611],[-49.2605,-25.19612],[-49.26036,-25.19614],[-49.26023,-25.19614],[-49.26013,-25.1961],[-49.26005,-25.19598],[-49.25999,-25.19578],[-49.25994,-25.19555],[-49.25984,-25.19502],[-49.25982,-25.1949],[-49.25983,-25.1948],[-49.25996,-25.19442],[-49.2601,-25.194],[-49.26023,-25.1937],[-49.26027,-25.19358],[-49.2603,-25.19318],[-49.26033,-25.19302],[-49.26033,-25.19285],[-49.26031,-25.19273],[-49.26027,-25.19264],[-49.26016,-25.19248],[-49.25998,-25.19227],[-49.25969,-25.19199],[-49.25939,-25.19175],[-49.25872,-25.19127],[-49.25825,-25.19096],[-49.25795,-25.19071],[-49.25746,-25.19021],[-49.25731,-25.19005],[-49.25718,-25.18996],[-49.25699,-25.18987],[-49.2568,-25.18977],[-49.2565,-25.18948],[-49.25633,-25.18934],[-49.25619,-25.18926],[-49.25601,-25.18918],[-49.25585,-25.18908],[-49.25555,-25.18881],[-49.2554,-25.18865],[-49.25534,-25.18853],[-49.25532,-25.18841],[-49.25529,-25.18824],[-49.25532,-25.18777],[-49.25531,-25.18766],[-49.25528,-25.18753],[-49.25513,-25.18716],[-49.25502,-25.18699],[-49.25482,-25.18682],[-49.25449,-25.18653],[-49.25436,-25.18632],[-49.25424,-25.18608],[-49.25417,-25.18583],[-49.25414,-25.18566],[-49.25422,-25.18513],[-49.25427,-25.18494],[-49.25429,-25.18485],[-49.25428,-25.18477],[-49.25424,-25.1847],[-49.2541,-25.18454],[-49.25371,-25.18415],[-49.25354,-25.18392],[-49.25351,-25.18381],[-49.25351,-25.18372],[-49.25352,-25.18362],[-49.25352,-25.18354],[-49.25351,-25.18329],[-49.2535,-25.18315],[-49.25351,-25.18305],[-49.25356,-25.18292],[-49.25358,-25.1828],[-49.25356,-25.18266],[-49.25349,-25.18226],[-49.25348,-25.18188],[-49.25346,-25.18176],[-49.25341,-25.1816],[-49.25326,-25.18128],[-49.25303,-25.18043],[-49.25297,-25.18027],[-49.25285,-25.18006],[-49.25272,-25.17989],[-49.25263,-25.17977],[-49.25245,-25.17947],[-49.2523,-25.17925],[-49.25209,-25.1789],[-49.25203,-25.17876],[-49.25195,-25.17829],[-49.25191,-25.17821],[-49.2518,-25.17806],[-49.25175,-25.17794],[-49.25175,-25.17782],[-49.2518,-25.1776],[-49.25182,-25.17743],[-49.25181,-25.17711]]}},{"type":"Feature","properties":{"n":"","h":"unclassified"},"geometry":{"type":"LineString","coordinates":[[-49.16653,-25.18274],[-49.16747,-25.18248],[-49.1679,-25.18261],[-49.16838,-25.1825],[-49.16906,-25.18256],[-49.16957,-25.18277],[-49.16968,-25.18291],[-49.16971,-25.18307],[-49.16978,-25.18323],[-49.16993,-25.18336],[-49.17014,-25.18361],[-49.17102,-25.18435],[-49.17208,-25.18425],[-49.17229,-25.18435],[-49.17276,-25.18511],[-49.17286,-25.18521],[-49.17307,-25.18525],[-49.17396,-25.18525],[-49.17443,-25.18526],[-49.17475,-25.1854],[-49.17505,-25.18557],[-49.17526,-25.18559],[-49.17601,-25.18555],[-49.17722,-25.18553],[-49.17813,-25.18537],[-49.17845,-25.18528],[-49.17863,-25.18514],[-49.17898,-25.18508],[-49.17938,-25.18515],[-49.18067,-25.18544],[-49.18116,-25.18538],[-49.18138,-25.18526],[-49.18155,-25.18521],[-49.18175,-25.18525],[-49.18204,-25.18546],[-49.18212,-25.1856],[-49.18218,-25.18587],[-49.18234,-25.18596],[-49.18264,-25.18599],[-49.18324,-25.18603],[-49.18359,-25.18616],[-49.18389,-25.18623],[-49.1843,-25.18623],[-49.18457,-25.18625],[-49.18481,-25.18629],[-49.18522,-25.18623],[-49.18564,-25.18614],[-49.18596,-25.1861],[-49.18611,-25.18606],[-49.18625,-25.18586],[-49.1865,-25.18559],[-49.18682,-25.18512],[-49.18713,-25.1846],[-49.18718,-25.18436],[-49.18728,-25.18419],[-49.1874,-25.184],[-49.18742,-25.18364],[-49.18764,-25.18304],[-49.18773,-25.1828],[-49.18796,-25.18261],[-49.18811,-25.18242],[-49.18821,-25.18205],[-49.18836,-25.18173],[-49.18841,-25.18161],[-49.18838,-25.18133],[-49.18832,-25.18115],[-49.18833,-25.18107],[-49.18841,-25.18092],[-49.18865,-25.18072],[-49.18878,-25.18044],[-49.1888,-25.18005],[-49.1886,-25.17977],[-49.18861,-25.1795],[-49.18877,-25.17926],[-49.1887,-25.17901],[-49.18863,-25.17892]]}},{"type":"Feature","properties":{"n":"","h":"unclassified"},"geometry":{"type":"LineString","coordinates":[[-49.16653,-25.18274],[-49.16576,-25.18306],[-49.1654,-25.18343],[-49.16488,-25.18396],[-49.16486,-25.18398],[-49.16463,-25.18431],[-49.16421,-25.18473],[-49.16348,-25.18524],[-49.16334,-25.18529],[-49.163,-25.1854],[-49.16278,-25.18557],[-49.16265,-25.18574],[-49.1624,-25.18621],[-49.16202,-25.1866],[-49.1616,-25.18719],[-49.16147,-25.18737],[-49.16139,-25.18752],[-49.16137,-25.18767],[-49.1614,-25.1879],[-49.16143,-25.18816],[-49.16154,-25.18846],[-49.16155,-25.18859],[-49.16132,-25.18966]]}},{"type":"Feature","properties":{"n":"","h":"tertiary"},"geometry":{"type":"LineString","coordinates":[[-49.2462,-25.21907],[-49.24649,-25.21914],[-49.24724,-25.2196],[-49.24804,-25.2202],[-49.24835,-25.2203],[-49.24863,-25.22027],[-49.24875,-25.2202],[-49.24915,-25.22016],[-49.24951,-25.21998],[-49.24978,-25.21968],[-49.25007,-25.21952],[-49.2512,-25.21915],[-49.25201,-25.21895],[-49.25249,-25.21898],[-49.25308,-25.21894],[-49.25383,-25.21876],[-49.25426,-25.2188],[-49.25481,-25.21897],[-49.25519,-25.21893],[-49.25548,-25.21914],[-49.2557,-25.2192],[-49.25596,-25.21913],[-49.2564,-25.21891],[-49.25664,-25.21887],[-49.25686,-25.21891],[-49.25718,-25.21918],[-49.25737,-25.21929],[-49.25796,-25.21944],[-49.25885,-25.21987],[-49.25919,-25.22008],[-49.25938,-25.22013],[-49.2596,-25.22012],[-49.26034,-25.21997],[-49.26125,-25.2197],[-49.26158,-25.2197],[-49.26216,-25.21999],[-49.2625,-25.22008],[-49.26292,-25.2201],[-49.26336,-25.22006],[-49.26398,-25.21983],[-49.26426,-25.2198],[-49.26471,-25.21981],[-49.26477,-25.21984]]}},{"type":"Feature","properties":{"n":"Rua Araras","h":"unclassified"},"geometry":{"type":"LineString","coordinates":[[-49.26477,-25.21984],[-49.2645,-25.21997],[-49.26408,-25.22014],[-49.26345,-25.22065],[-49.26254,-25.22125],[-49.26241,-25.22142],[-49.26243,-25.22163],[-49.2627,-25.22202],[-49.26281,-25.2223],[-49.26298,-25.22366],[-49.26291,-25.22417],[-49.26261,-25.22462],[-49.26223,-25.22489],[-49.26173,-25.22511],[-49.26141,-25.22544],[-49.26123,-25.22598],[-49.2611,-25.2268],[-49.26095,-25.22708],[-49.26037,-25.22771],[-49.25983,-25.22797],[-49.25932,-25.22835],[-49.25917,-25.22857],[-49.25916,-25.22877],[-49.25938,-25.22925],[-49.25938,-25.22961],[-49.25925,-25.23],[-49.25878,-25.23086],[-49.25857,-25.23102],[-49.25779,-25.23137],[-49.25719,-25.23198],[-49.2569,-25.23233],[-49.25662,-25.23252],[-49.25631,-25.23259],[-49.25607,-25.23262],[-49.25583,-25.23266]]}},{"type":"Feature","properties":{"n":"Rua Antônio Fiorese","h":"residential"},"geometry":{"type":"LineString","coordinates":[[-49.29857,-25.19347],[-49.29897,-25.19317],[-49.29908,-25.19309],[-49.29917,-25.19298],[-49.29929,-25.19276],[-49.29943,-25.19249],[-49.29956,-25.19228],[-49.29979,-25.19198]]}},{"type":"Feature","properties":{"n":"Rua Jacarandá","h":"residential"},"geometry":{"type":"LineString","coordinates":[[-49.29899,-25.19397],[-49.29937,-25.19443]]}},{"type":"Feature","properties":{"n":"Rua Orlando Nodari","h":"residential"},"geometry":{"type":"LineString","coordinates":[[-49.29781,-25.1944],[-49.29808,-25.19468]]}},{"type":"Feature","properties":{"n":"Rua Orlando Nodari","h":"tertiary"},"geometry":{"type":"LineString","coordinates":[[-49.29808,-25.19468],[-49.29812,-25.19473],[-49.29828,-25.19493],[-49.29846,-25.19512],[-49.29861,-25.19532],[-49.29877,-25.1955],[-49.29916,-25.19591],[-49.29927,-25.19606]]}},{"type":"Feature","properties":{"n":"Rua Generoso Marques","h":"residential"},"geometry":{"type":"LineString","coordinates":[[-49.29927,-25.19606],[-49.29917,-25.19617],[-49.29905,-25.19626],[-49.29892,-25.19635],[-49.29889,-25.19637],[-49.29848,-25.1966],[-49.29831,-25.19669],[-49.29802,-25.19685]]}},{"type":"Feature","properties":{"n":"","h":"tertiary"},"geometry":{"type":"LineString","coordinates":[[-49.37025,-25.13749],[-49.37013,-25.13755],[-49.36981,-25.13771],[-49.36918,-25.13842],[-49.36854,-25.13935],[-49.36791,-25.14037],[-49.36808,-25.14111],[-49.36805,-25.14175],[-49.36736,-25.14256],[-49.36744,-25.14333],[-49.36729,-25.14461],[-49.36742,-25.14512],[-49.3673,-25.14571],[-49.36734,-25.14625],[-49.36694,-25.14695],[-49.36683,-25.14776],[-49.36649,-25.14823],[-49.366,-25.14875],[-49.36596,-25.14908],[-49.36616,-25.14961],[-49.36596,-25.14981],[-49.36546,-25.14971],[-49.36515,-25.15005],[-49.36499,-25.15047],[-49.3652,-25.15113],[-49.36496,-25.15132],[-49.36436,-25.15091],[-49.36382,-25.15062],[-49.36338,-25.1509],[-49.36274,-25.15137],[-49.36186,-25.15211],[-49.36149,-25.15249],[-49.3616,-25.15304],[-49.3618,-25.15334],[-49.36211,-25.15361],[-49.3624,-25.15399],[-49.36292,-25.15444],[-49.36317,-25.15499],[-49.36308,-25.15538],[-49.36317,-25.15617],[-49.36347,-25.15648],[-49.36406,-25.15726],[-49.36486,-25.15812],[-49.36505,-25.15865],[-49.36532,-25.15935],[-49.36584,-25.16007],[-49.36627,-25.16106]]}},{"type":"Feature","properties":{"n":"","h":"unclassified"},"geometry":{"type":"LineString","coordinates":[[-49.38507,-25.13251],[-49.38482,-25.13208],[-49.38461,-25.13181],[-49.38452,-25.13149],[-49.38401,-25.13132],[-49.38378,-25.13133],[-49.38369,-25.13102],[-49.38378,-25.13062],[-49.3838,-25.13046],[-49.38346,-25.13002],[-49.38325,-25.12959],[-49.38278,-25.12938],[-49.38232,-25.12932],[-49.38181,-25.12925],[-49.38124,-25.12914],[-49.38107,-25.12912],[-49.38084,-25.12929],[-49.38052,-25.12944],[-49.38006,-25.12932],[-49.37993,-25.12921]]}},{"type":"Feature","properties":{"n":"","h":"tertiary"},"geometry":{"type":"LineString","coordinates":[[-49.39059,-25.0753],[-49.39008,-25.0743],[-49.3896,-25.07314],[-49.3896,-25.07282],[-49.39003,-25.07251],[-49.3903,-25.07178],[-49.39054,-25.07081],[-49.39124,-25.07023],[-49.39124,-25.06993],[-49.39161,-25.06951],[-49.3923,-25.06902],[-49.3929,-25.06856],[-49.39353,-25.06782],[-49.39445,-25.06732],[-49.39566,-25.06647],[-49.39717,-25.06659],[-49.39811,-25.0666],[-49.39867,-25.06632],[-49.39885,-25.06542],[-49.39887,-25.06474],[-49.39933,-25.06443],[-49.40018,-25.06463],[-49.40044,-25.06449],[-49.40069,-25.06376],[-49.40081,-25.063],[-49.40114,-25.0628],[-49.40179,-25.06303],[-49.40235,-25.06277],[-49.40328,-25.06212],[-49.40366,-25.06176],[-49.40402,-25.06156],[-49.40512,-25.06087],[-49.40522,-25.06074],[-49.40531,-25.06022],[-49.4055,-25.05962],[-49.40566,-25.0593],[-49.4059,-25.05907],[-49.4062,-25.05859],[-49.40644,-25.05837],[-49.40746,-25.0578],[-49.40762,-25.05765],[-49.40778,-25.0575],[-49.40837,-25.05719],[-49.40855,-25.05703],[-49.40883,-25.05606],[-49.40905,-25.05528],[-49.40916,-25.05477],[-49.40951,-25.05397],[-49.40967,-25.05371],[-49.40983,-25.05314],[-49.40973,-25.05283],[-49.4097,-25.05214],[-49.41034,-25.05105],[-49.41152,-25.04954],[-49.41221,-25.04891],[-49.41237,-25.04881]]}},{"type":"Feature","properties":{"n":"","h":"unclassified"},"geometry":{"type":"LineString","coordinates":[[-49.40285,-25.09437],[-49.40273,-25.09424]]}},{"type":"Feature","properties":{"n":"","h":"unclassified"},"geometry":{"type":"LineString","coordinates":[[-49.40958,-25.10542],[-49.40973,-25.10558]]}},{"type":"Feature","properties":{"n":"","h":"unclassified"},"geometry":{"type":"LineString","coordinates":[[-49.39884,-25.09705],[-49.39921,-25.097]]}},{"type":"Feature","properties":{"n":"","h":"unclassified"},"geometry":{"type":"LineString","coordinates":[[-49.41133,-25.11059],[-49.41157,-25.11059],[-49.41192,-25.11056],[-49.41216,-25.11038],[-49.41234,-25.11045],[-49.41256,-25.11063],[-49.41291,-25.11081],[-49.41311,-25.11104],[-49.41331,-25.11123],[-49.41341,-25.11144],[-49.41354,-25.11167],[-49.41383,-25.11192],[-49.41414,-25.11212],[-49.41449,-25.11212],[-49.41486,-25.11242],[-49.4152,-25.11271]]}},{"type":"Feature","properties":{"n":"Estrada do Rio Abaixo","h":"tertiary"},"geometry":{"type":"LineString","coordinates":[[-49.36627,-25.16106],[-49.36635,-25.16123],[-49.36663,-25.16156],[-49.36673,-25.16197],[-49.36663,-25.16214],[-49.3663,-25.16237],[-49.36627,-25.16241],[-49.36626,-25.16249],[-49.36632,-25.16275],[-49.36634,-25.16288],[-49.36629,-25.16302],[-49.36616,-25.16311],[-49.36578,-25.16338],[-49.36525,-25.16377],[-49.36497,-25.16397],[-49.3647,-25.16408],[-49.3643,-25.16411],[-49.36388,-25.16415],[-49.36366,-25.16413],[-49.36353,-25.16408],[-49.36345,-25.16399],[-49.36323,-25.16377],[-49.36305,-25.1637],[-49.36287,-25.16369],[-49.36257,-25.16376],[-49.36213,-25.16398],[-49.36192,-25.16434],[-49.3619,-25.16456],[-49.36193,-25.16478],[-49.36206,-25.16521],[-49.36217,-25.16547],[-49.36237,-25.16569],[-49.36259,-25.16583],[-49.36262,-25.16592],[-49.36257,-25.16607],[-49.36253,-25.16613],[-49.36243,-25.1662],[-49.36189,-25.16642],[-49.36147,-25.16655],[-49.36111,-25.1668],[-49.36086,-25.16702],[-49.36032,-25.16731],[-49.35985,-25.16751],[-49.35957,-25.16765],[-49.35933,-25.1679],[-49.3589,-25.16849],[-49.35874,-25.16878],[-49.35869,-25.16984],[-49.3587,-25.17054],[-49.35871,-25.17104],[-49.3586,-25.17137],[-49.35838,-25.17163],[-49.35818,-25.1718],[-49.35792,-25.17192],[-49.35763,-25.17199],[-49.35731,-25.1719],[-49.35696,-25.17177],[-49.35639,-25.17174],[-49.35594,-25.17155],[-49.35538,-25.17154],[-49.35495,-25.17151],[-49.35455,-25.17142],[-49.35379,-25.1711],[-49.3533,-25.17109],[-49.35291,-25.17118],[-49.35248,-25.17135],[-49.3519,-25.17149],[-49.35175,-25.1715],[-49.35158,-25.17147],[-49.35143,-25.17132],[-49.35126,-25.17114],[-49.35115,-25.17093],[-49.35104,-25.17066],[-49.35082,-25.17053],[-49.35053,-25.17051],[-49.35028,-25.17058],[-49.34908,-25.17174],[-49.34863,-25.17223],[-49.34857,-25.17243],[-49.34854,-25.17271],[-49.34876,-25.1734],[-49.34897,-25.17397],[-49.34902,-25.17431],[-49.34897,-25.17463],[-49.34879,-25.17476],[-49.34854,-25.1749],[-49.34831,-25.17498],[-49.3474,-25.17509],[-49.34678,-25.17517],[-49.3462,-25.17523],[-49.3457,-25.17531],[-49.34553,-25.17537],[-49.34508,-25.17574],[-49.34431,-25.1763],[-49.34351,-25.17688],[-49.34313,-25.17719],[-49.34267,-25.1775],[-49.34229,-25.17769],[-49.34188,-25.17782],[-49.34118,-25.1781],[-49.34015,-25.17833],[-49.33872,-25.17861],[-49.33769,-25.17895],[-49.33729,-25.17942],[-49.33709,-25.17966],[-49.3364,-25.18023],[-49.33564,-25.18025],[-49.33537,-25.17969],[-49.33478,-25.1794],[-49.33459,-25.17927]]}},{"type":"Feature","properties":{"n":"","h":"unclassified"},"geometry":{"type":"LineString","coordinates":[[-49.37913,-25.15723],[-49.37877,-25.15725],[-49.37842,-25.15722],[-49.378,-25.15715],[-49.37772,-25.15714],[-49.37743,-25.15725],[-49.37719,-25.15734],[-49.37696,-25.15735],[-49.37673,-25.15728],[-49.3765,-25.15709],[-49.37622,-25.15684],[-49.37597,-25.15666],[-49.37589,-25.15638],[-49.37576,-25.15609],[-49.37573,-25.1557],[-49.37557,-25.15554],[-49.37507,-25.15547],[-49.37497,-25.15548],[-49.3747,-25.15518],[-49.37445,-25.15475],[-49.37419,-25.15468],[-49.37402,-25.15477],[-49.37371,-25.15497],[-49.37308,-25.15566],[-49.37265,-25.1561],[-49.37251,-25.15626],[-49.37247,-25.15653],[-49.37232,-25.15675],[-49.37209,-25.15688],[-49.37183,-25.15698],[-49.3714,-25.15703],[-49.37087,-25.157],[-49.37048,-25.15714],[-49.37012,-25.15738],[-49.36987,-25.15774],[-49.36956,-25.1581],[-49.36913,-25.1584],[-49.36844,-25.15909],[-49.36783,-25.15945],[-49.3672,-25.15975],[-49.36699,-25.16005],[-49.36695,-25.16032],[-49.36677,-25.16067],[-49.36658,-25.16083],[-49.36627,-25.16106]]}},{"type":"Feature","properties":{"n":"","h":"tertiary"},"geometry":{"type":"LineString","coordinates":[[-49.4152,-25.11271],[-49.41548,-25.11291],[-49.4157,-25.11311],[-49.41597,-25.11325],[-49.41657,-25.11323],[-49.41712,-25.11332],[-49.41735,-25.11359],[-49.41747,-25.1138],[-49.41764,-25.114],[-49.41805,-25.11419],[-49.41829,-25.11446],[-49.4184,-25.11503],[-49.41841,-25.11523],[-49.41867,-25.11562],[-49.41885,-25.11591],[-49.4196,-25.11653],[-49.42001,-25.11669],[-49.42061,-25.11703],[-49.42111,-25.11737],[-49.42206,-25.11766],[-49.42227,-25.11788],[-49.42309,-25.11806],[-49.42332,-25.11802],[-49.42363,-25.1177],[-49.42392,-25.11761],[-49.42416,-25.1176],[-49.42437,-25.11777],[-49.42453,-25.11795],[-49.42488,-25.11801],[-49.42503,-25.11814],[-49.42485,-25.11846],[-49.42466,-25.11888],[-49.42466,-25.1194],[-49.42462,-25.11963],[-49.42437,-25.12012],[-49.42423,-25.12051],[-49.42422,-25.12116],[-49.42408,-25.1216],[-49.42393,-25.12221],[-49.42404,-25.12239],[-49.42418,-25.12257]]}},{"type":"Feature","properties":{"n":"","h":"unclassified"},"geometry":{"type":"LineString","coordinates":[[-49.44503,-25.14569],[-49.44521,-25.14588],[-49.44546,-25.14619],[-49.44562,-25.14638],[-49.44568,-25.1465],[-49.44571,-25.1466],[-49.44577,-25.14668],[-49.44586,-25.14674],[-49.44594,-25.14676],[-49.44607,-25.14681],[-49.44623,-25.14679],[-49.44638,-25.14679],[-49.44651,-25.14677],[-49.44666,-25.14682],[-49.44679,-25.14688],[-49.44687,-25.14691],[-49.44702,-25.14699],[-49.4472,-25.1471],[-49.44734,-25.14717],[-49.44778,-25.14742],[-49.44837,-25.14773],[-49.44863,-25.14785],[-49.44876,-25.1479],[-49.44897,-25.14796],[-49.44923,-25.14799],[-49.44946,-25.14806],[-49.44972,-25.1482],[-49.44985,-25.14831],[-49.45048,-25.14883],[-49.45076,-25.14911],[-49.45094,-25.14933],[-49.45108,-25.1495],[-49.45112,-25.14959],[-49.45115,-25.1497],[-49.45118,-25.14986]]}},{"type":"Feature","properties":{"n":"","h":"unclassified"},"geometry":{"type":"LineString","coordinates":[[-49.37913,-25.15723],[-49.37962,-25.15705],[-49.38005,-25.15703],[-49.38037,-25.15699],[-49.38063,-25.15685],[-49.3811,-25.15658],[-49.38133,-25.15621],[-49.3818,-25.15594],[-49.38174,-25.15565],[-49.38181,-25.15522],[-49.38193,-25.15492],[-49.38204,-25.15461],[-49.38215,-25.15431],[-49.38243,-25.15404],[-49.38282,-25.1538],[-49.38323,-25.15356],[-49.38387,-25.153],[-49.38415,-25.15269],[-49.38458,-25.15246],[-49.3848,-25.15242],[-49.38497,-25.1523],[-49.38515,-25.1521],[-49.38555,-25.1519],[-49.38603,-25.15172],[-49.38645,-25.15135],[-49.38698,-25.15072],[-49.38734,-25.15032],[-49.38754,-25.15018],[-49.38797,-25.15017],[-49.3883,-25.1503],[-49.38874,-25.15024],[-49.38903,-25.15009],[-49.38925,-25.14971],[-49.38932,-25.14942],[-49.38944,-25.1491],[-49.38972,-25.14896],[-49.39023,-25.14908],[-49.39053,-25.14915],[-49.39105,-25.14892],[-49.39138,-25.14866],[-49.39157,-25.14823],[-49.39177,-25.14804],[-49.39206,-25.14806],[-49.39229,-25.148],[-49.39268,-25.14754],[-49.39286,-25.14717],[-49.39312,-25.1466],[-49.39336,-25.14644],[-49.39383,-25.14627],[-49.39432,-25.14614],[-49.3944,-25.14592],[-49.39433,-25.14563],[-49.39433,-25.14542],[-49.3944,-25.14484],[-49.39455,-25.14439],[-49.39476,-25.14426],[-49.39515,-25.14406],[-49.39567,-25.14405],[-49.39596,-25.14353],[-49.39622,-25.14339],[-49.39659,-25.14331],[-49.39716,-25.14333],[-49.39759,-25.14321],[-49.398,-25.14311],[-49.39821,-25.14317],[-49.39847,-25.14337],[-49.39857,-25.14327],[-49.39858,-25.14302],[-49.39881,-25.14286],[-49.39893,-25.1427],[-49.3989,-25.14239],[-49.39886,-25.14216],[-49.39926,-25.1418],[-49.39965,-25.1416],[-49.40014,-25.14138],[-49.40032,-25.14075],[-49.40044,-25.14039]]}},{"type":"Feature","properties":{"n":"","h":"tertiary"},"geometry":{"type":"LineString","coordinates":[[-49.47842,-24.98884],[-49.47931,-24.98827],[-49.48074,-24.98767],[-49.48192,-24.98741],[-49.48205,-24.98743],[-49.48435,-24.98775],[-49.48569,-24.98702],[-49.48732,-24.9866],[-49.48849,-24.98662],[-49.48998,-24.98558],[-49.49077,-24.98522],[-49.49211,-24.98528],[-49.49281,-24.98559],[-49.49321,-24.98541],[-49.49321,-24.98495],[-49.4942,-24.98433],[-49.49556,-24.98421],[-49.49624,-24.98485],[-49.49742,-24.98575],[-49.49779,-24.98618],[-49.49821,-24.98596],[-49.49841,-24.98566],[-49.49862,-24.98578],[-49.49845,-24.98654],[-49.4987,-24.98732],[-49.49907,-24.98764],[-49.49943,-24.98783],[-49.49958,-24.98807],[-49.49964,-24.98834],[-49.49992,-24.98837],[-49.50105,-24.98826],[-49.50198,-24.98875],[-49.50241,-24.98869],[-49.5031,-24.98863],[-49.5039,-24.98853],[-49.5048,-24.98788],[-49.50533,-24.98789],[-49.50687,-24.98714],[-49.50744,-24.987],[-49.50844,-24.98654],[-49.51026,-24.98619],[-49.51147,-24.98639],[-49.51204,-24.98672],[-49.51317,-24.98682],[-49.51389,-24.98716],[-49.51432,-24.98717],[-49.51445,-24.98717],[-49.51552,-24.98636],[-49.51635,-24.98622]]}},{"type":"Feature","properties":{"n":"","h":"unclassified"},"geometry":{"type":"LineString","coordinates":[[-49.46128,-24.94804],[-49.46159,-24.9479],[-49.46159,-24.94778],[-49.4613,-24.94752],[-49.46119,-24.94734],[-49.46118,-24.94673],[-49.46132,-24.94605],[-49.46161,-24.94528],[-49.46228,-24.94497],[-49.46267,-24.94458],[-49.46295,-24.94442],[-49.46327,-24.9442],[-49.46377,-24.94352],[-49.46411,-24.94365],[-49.46447,-24.94353],[-49.46486,-24.94318],[-49.46548,-24.94274],[-49.466,-24.94253],[-49.46681,-24.94238],[-49.46727,-24.9425],[-49.46791,-24.94236],[-49.46872,-24.94192],[-49.46998,-24.94146],[-49.47114,-24.94046],[-49.47151,-24.94],[-49.47207,-24.93918],[-49.47198,-24.93869],[-49.47195,-24.9383],[-49.47218,-24.93777],[-49.47216,-24.93734],[-49.47209,-24.93704],[-49.47152,-24.93662],[-49.47129,-24.93574],[-49.47136,-24.93544],[-49.47168,-24.93489],[-49.47193,-24.93437],[-49.4724,-24.93395],[-49.47281,-24.9339],[-49.47327,-24.9339],[-49.47406,-24.93415],[-49.47429,-24.9342],[-49.47562,-24.93359],[-49.4774,-24.93288],[-49.47844,-24.93259],[-49.47888,-24.9327],[-49.47918,-24.93286],[-49.47956,-24.93336],[-49.48013,-24.9336],[-49.48143,-24.93416],[-49.48168,-24.93421],[-49.48216,-24.93396],[-49.4822,-24.93355],[-49.48214,-24.93327],[-49.48196,-24.93275],[-49.48208,-24.9322],[-49.48204,-24.93112],[-49.48237,-24.93081],[-49.48254,-24.93056]]}},{"type":"Feature","properties":{"n":"","h":"tertiary"},"geometry":{"type":"LineString","coordinates":[[-49.44036,-24.90129],[-49.4402,-24.90114],[-49.43994,-24.90098],[-49.43706,-24.90055],[-49.43647,-24.90047],[-49.43597,-24.90046],[-49.43467,-24.90061],[-49.43426,-24.9006],[-49.43379,-24.90059],[-49.43334,-24.90065],[-49.43308,-24.90075],[-49.43275,-24.90119],[-49.43234,-24.90162],[-49.43214,-24.90189],[-49.43196,-24.90219],[-49.4316,-24.90308],[-49.43114,-24.90377],[-49.43091,-24.90404],[-49.43074,-24.90442],[-49.4302,-24.90596],[-49.42974,-24.90703],[-49.42891,-24.90924],[-49.42869,-24.90942],[-49.42843,-24.90959],[-49.42834,-24.90978],[-49.42826,-24.91097],[-49.42814,-24.91116],[-49.42789,-24.91129],[-49.42714,-24.91149],[-49.427,-24.91159],[-49.42685,-24.91192],[-49.42687,-24.9122],[-49.42695,-24.91269],[-49.42704,-24.91286],[-49.42711,-24.91313],[-49.42711,-24.91336],[-49.42693,-24.91376],[-49.4267,-24.91446],[-49.42675,-24.91485],[-49.42694,-24.91515],[-49.42724,-24.91529],[-49.42725,-24.91548],[-49.42714,-24.9157],[-49.42696,-24.91587],[-49.42694,-24.91602],[-49.42696,-24.91622],[-49.42765,-24.91761]]}},{"type":"Feature","properties":{"n":"","h":"unclassified"},"geometry":{"type":"LineString","coordinates":[[-49.4936,-25.0542],[-49.49349,-25.05411],[-49.49332,-25.05413],[-49.49314,-25.05407],[-49.49295,-25.05395],[-49.4928,-25.05384],[-49.49271,-25.05384],[-49.49262,-25.05389],[-49.4926,-25.05395]]}},{"type":"Feature","properties":{"n":"","h":"unclassified"},"geometry":{"type":"LineString","coordinates":[[-49.4937,-25.0543],[-49.4936,-25.0542]]}},{"type":"Feature","properties":{"n":"","h":"unclassified"},"geometry":{"type":"LineString","coordinates":[[-49.49703,-25.04766],[-49.49681,-25.0477]]}},{"type":"Feature","properties":{"n":"","h":"unclassified"},"geometry":{"type":"LineString","coordinates":[[-49.49875,-25.04623],[-49.49844,-25.04624]]}},{"type":"Feature","properties":{"n":"","h":"unclassified"},"geometry":{"type":"LineString","coordinates":[[-49.49928,-25.04606],[-49.49906,-25.04617],[-49.49875,-25.04623]]}},{"type":"Feature","properties":{"n":"","h":"unclassified"},"geometry":{"type":"LineString","coordinates":[[-49.50217,-25.03865],[-49.50204,-25.03838]]}},{"type":"Feature","properties":{"n":"","h":"unclassified"},"geometry":{"type":"LineString","coordinates":[[-49.4994,-25.04419],[-49.49968,-25.04416],[-49.50028,-25.0439],[-49.50038,-25.04377],[-49.50042,-25.04354],[-49.50052,-25.04336],[-49.50069,-25.04323],[-49.50091,-25.04311],[-49.50124,-25.04307],[-49.50132,-25.04299],[-49.50133,-25.04279],[-49.50139,-25.04272],[-49.50167,-25.04267],[-49.50186,-25.04254],[-49.50194,-25.04245],[-49.50205,-25.04215],[-49.50211,-25.04189],[-49.50219,-25.04159],[-49.50232,-25.04114],[-49.5025,-25.04094],[-49.50267,-25.04055],[-49.50267,-25.04045],[-49.50258,-25.04026],[-49.50262,-25.04015],[-49.5029,-25.03991],[-49.50294,-25.03982],[-49.50284,-25.03943],[-49.50273,-25.03925],[-49.50248,-25.03888],[-49.50233,-25.0387],[-49.50217,-25.03865]]}},{"type":"Feature","properties":{"n":"","h":"unclassified"},"geometry":{"type":"LineString","coordinates":[[-49.50661,-25.0333],[-49.50675,-25.03315]]}},{"type":"Feature","properties":{"n":"","h":"tertiary"},"geometry":{"type":"LineString","coordinates":[[-49.50451,-25.02783],[-49.50445,-25.02784],[-49.50437,-25.02781],[-49.50427,-25.02778],[-49.50416,-25.02776],[-49.50404,-25.02772],[-49.50396,-25.02767],[-49.50392,-25.02763],[-49.50386,-25.02757],[-49.50363,-25.0273],[-49.50346,-25.02718],[-49.50332,-25.0271],[-49.50325,-25.02701],[-49.503,-25.02667],[-49.50287,-25.02657],[-49.50281,-25.02649],[-49.50279,-25.02641],[-49.50276,-25.02626],[-49.50277,-25.02616],[-49.50281,-25.02594],[-49.50281,-25.02576],[-49.50275,-25.02563],[-49.50266,-25.02552],[-49.50228,-25.02519],[-49.50188,-25.02492],[-49.50173,-25.02491],[-49.50149,-25.02494],[-49.50121,-25.02502],[-49.5011,-25.02505],[-49.50106,-25.02504],[-49.50104,-25.02497],[-49.50101,-25.02487],[-49.50095,-25.0248],[-49.50089,-25.02473],[-49.50086,-25.02466],[-49.50086,-25.02458],[-49.50087,-25.02435],[-49.50084,-25.02423],[-49.50082,-25.02405],[-49.50084,-25.02395],[-49.50086,-25.02384],[-49.5009,-25.02368],[-49.50091,-25.02358],[-49.5009,-25.02348],[-49.50076,-25.02326],[-49.50068,-25.0231],[-49.50059,-25.02282],[-49.50058,-25.02267],[-49.5006,-25.02256],[-49.50066,-25.02246],[-49.50076,-25.02231],[-49.5008,-25.02216],[-49.5008,-25.02197],[-49.50076,-25.02174],[-49.50069,-25.02161],[-49.50055,-25.02135],[-49.5005,-25.0212],[-49.50047,-25.02105],[-49.50048,-25.02087],[-49.50047,-25.02062],[-49.50044,-25.02049],[-49.50034,-25.02035],[-49.50021,-25.02019],[-49.50014,-25.02003],[-49.50009,-25.01992],[-49.50002,-25.01983],[-49.49991,-25.01977],[-49.49968,-25.01967],[-49.49957,-25.01961],[-49.49953,-25.01952],[-49.49948,-25.01941],[-49.49943,-25.01933],[-49.49918,-25.0191],[-49.49899,-25.01892],[-49.49893,-25.01882],[-49.49882,-25.01859],[-49.49882,-25.01847],[-49.49882,-25.0183],[-49.4989,-25.01805],[-49.49898,-25.01786],[-49.49898,-25.01778],[-49.49897,-25.01768],[-49.499,-25.01761],[-49.499,-25.01748],[-49.49906,-25.01731],[-49.49915,-25.01673],[-49.49921,-25.01657],[-49.49945,-25.01596],[-49.49955,-25.01584],[-49.49965,-25.01574],[-49.49976,-25.01555],[-49.49982,-25.01547],[-49.49989,-25.01538],[-49.50012,-25.0152],[-49.50026,-25.01505],[-49.50074,-25.01446],[-49.5008,-25.0143],[-49.50079,-25.01424],[-49.50078,-25.01408],[-49.50069,-25.01387],[-49.50059,-25.01369],[-49.50059,-25.01363],[-49.50049,-25.01345],[-49.50041,-25.01336],[-49.50032,-25.01332],[-49.50012,-25.01327],[-49.49992,-25.01321],[-49.49973,-25.01305],[-49.49945,-25.01275],[-49.49945,-25.01269],[-49.49952,-25.01262]]}},{"type":"Feature","properties":{"n":"","h":"tertiary"},"geometry":{"type":"LineString","coordinates":[[-49.5046,-25.02772],[-49.50456,-25.02779],[-49.50451,-25.02783]]}},{"type":"Feature","properties":{"n":"","h":"unclassified"},"geometry":{"type":"LineString","coordinates":[[-49.52249,-24.99809],[-49.52218,-24.99798],[-49.52195,-24.99786],[-49.52167,-24.99763],[-49.52149,-24.99708],[-49.5213,-24.99634],[-49.52109,-24.99555],[-49.52066,-24.99496],[-49.51993,-24.99486],[-49.51899,-24.99454],[-49.51772,-24.99479],[-49.51721,-24.99474],[-49.51689,-24.9948],[-49.51654,-24.99472]]}},{"type":"Feature","properties":{"n":"","h":"unclassified"},"geometry":{"type":"LineString","coordinates":[[-49.5569,-24.97172],[-49.55681,-24.97167]]}},{"type":"Feature","properties":{"n":"","h":"unclassified"},"geometry":{"type":"LineString","coordinates":[[-49.56035,-24.97398],[-49.56032,-24.97387],[-49.56027,-24.97379]]}},{"type":"Feature","properties":{"n":"Rodovia dos Minérios","h":"primary"},"geometry":{"type":"LineString","coordinates":[[-49.29692,-25.23354],[-49.29679,-25.23311],[-49.2967,-25.23274],[-49.29672,-25.23235],[-49.29681,-25.23195],[-49.29696,-25.23162],[-49.29721,-25.23117],[-49.2974,-25.23094],[-49.29762,-25.23073],[-49.29787,-25.23053],[-49.29826,-25.23023],[-49.29854,-25.23001],[-49.29883,-25.22975],[-49.29933,-25.2292],[-49.29948,-25.22898],[-49.2996,-25.2288],[-49.29987,-25.22837],[-49.30016,-25.22795],[-49.30049,-25.22746],[-49.30075,-25.22714],[-49.30105,-25.22673],[-49.3014,-25.22619],[-49.30192,-25.22544],[-49.3021,-25.22518],[-49.30247,-25.22451],[-49.30261,-25.22415],[-49.30275,-25.22362],[-49.30286,-25.22307],[-49.30298,-25.22212],[-49.30307,-25.22156],[-49.30313,-25.22115],[-49.30323,-25.22041],[-49.30324,-25.22023]]}},{"type":"Feature","properties":{"n":"Estrada da Ribeira","h":"primary"},"geometry":{"type":"LineString","coordinates":[[-49.09696,-24.95907],[-49.09698,-24.95919],[-49.09699,-24.95929],[-49.09694,-24.95943],[-49.09684,-24.9596],[-49.09669,-24.95973],[-49.09654,-24.95987],[-49.09637,-24.96002],[-49.09624,-24.96016],[-49.09617,-24.96035],[-49.09617,-24.96059],[-49.0962,-24.96083],[-49.09616,-24.96105],[-49.09605,-24.9612],[-49.09586,-24.96132],[-49.09558,-24.96133],[-49.0954,-24.96129],[-49.09522,-24.9612],[-49.09474,-24.96091],[-49.09454,-24.9608],[-49.09436,-24.96073],[-49.09423,-24.96071],[-49.09403,-24.96071],[-49.09385,-24.96078],[-49.09368,-24.96092],[-49.09353,-24.96112],[-49.09345,-24.96123],[-49.09334,-24.96132],[-49.09319,-24.96137],[-49.09272,-24.9615],[-49.09255,-24.96157],[-49.09239,-24.96165],[-49.09211,-24.96185],[-49.09196,-24.96193],[-49.09182,-24.96196],[-49.09159,-24.96196],[-49.09111,-24.96192],[-49.09097,-24.96191],[-49.09079,-24.96194],[-49.09061,-24.962],[-49.09047,-24.9621],[-49.09038,-24.96221],[-49.09029,-24.96237],[-49.09026,-24.96253],[-49.0903,-24.96293],[-49.09031,-24.96302],[-49.09032,-24.96326],[-49.09027,-24.96343],[-49.09015,-24.9636],[-49.08998,-24.9637],[-49.08952,-24.96388],[-49.08938,-24.96394],[-49.0893,-24.96402],[-49.08919,-24.96417],[-49.08899,-24.96461],[-49.08894,-24.96469],[-49.08888,-24.96474],[-49.08874,-24.96483],[-49.08817,-24.96495],[-49.0879,-24.965],[-49.08775,-24.96509],[-49.08766,-24.96518],[-49.0876,-24.96533],[-49.08757,-24.96563],[-49.08754,-24.96599],[-49.08747,-24.96622],[-49.08733,-24.96637],[-49.0871,-24.9665],[-49.08693,-24.96656],[-49.08675,-24.96656],[-49.08656,-24.96655],[-49.08617,-24.9665],[-49.08603,-24.96651],[-49.08582,-24.96658],[-49.08566,-24.96674],[-49.08557,-24.96691],[-49.08553,-24.96708],[-49.08561,-24.96734],[-49.08569,-24.96771],[-49.08575,-24.9679],[-49.08577,-24.96808],[-49.08578,-24.9683],[-49.08569,-24.96866],[-49.08568,-24.96882],[-49.08572,-24.96896],[-49.08598,-24.9693],[-49.08609,-24.96949],[-49.08614,-24.96965],[-49.08612,-24.96981],[-49.08575,-24.97072],[-49.08566,-24.971],[-49.08562,-24.9713],[-49.0856,-24.97149],[-49.08553,-24.97199],[-49.08552,-24.97207],[-49.08541,-24.97282],[-49.08539,-24.97294],[-49.08538,-24.97309],[-49.08539,-24.97318],[-49.08539,-24.9733],[-49.08548,-24.97353],[-49.08576,-24.97427],[-49.08582,-24.97452],[-49.08578,-24.97476],[-49.08566,-24.97493],[-49.08553,-24.97502],[-49.08512,-24.97514],[-49.08469,-24.97519],[-49.08456,-24.97527],[-49.08446,-24.97539],[-49.08444,-24.97548],[-49.08444,-24.97567],[-49.0845,-24.97596],[-49.0846,-24.97631],[-49.08459,-24.97645],[-49.08457,-24.97664],[-49.08448,-24.97689],[-49.08435,-24.97706],[-49.08423,-24.97722],[-49.08407,-24.97735],[-49.08388,-24.97748],[-49.08374,-24.97757],[-49.08365,-24.97763],[-49.08357,-24.97772],[-49.08355,-24.97779],[-49.08356,-24.97784],[-49.08358,-24.97794],[-49.08372,-24.97817],[-49.08383,-24.97827],[-49.08404,-24.97836],[-49.08435,-24.97847],[-49.08439,-24.97848],[-49.08456,-24.97855],[-49.08476,-24.97858],[-49.08501,-24.97866],[-49.08507,-24.97868],[-49.08556,-24.97879],[-49.08567,-24.97885],[-49.08594,-24.97899],[-49.08611,-24.97913],[-49.08626,-24.97927],[-49.08668,-24.97981],[-49.08689,-24.98015],[-49.08741,-24.98116],[-49.08747,-24.98138],[-49.08741,-24.98162],[-49.08725,-24.98188],[-49.08716,-24.98209],[-49.08713,-24.9823],[-49.08717,-24.98297],[-49.08712,-24.98337],[-49.08709,-24.98366],[-49.08702,-24.98397],[-49.08689,-24.98423],[-49.08684,-24.98433],[-49.08658,-24.98479],[-49.08649,-24.98501],[-49.08652,-24.98535],[-49.08684,-24.98682],[-49.08684,-24.98698],[-49.0868,-24.98713],[-49.08676,-24.9873],[-49.08624,-24.98887],[-49.08629,-24.98922],[-49.08637,-24.98943],[-49.08653,-24.98963],[-49.08679,-24.98995],[-49.08687,-24.99016],[-49.08686,-24.99044],[-49.08672,-24.99073],[-49.08635,-24.9914],[-49.08622,-24.99167],[-49.0862,-24.99195],[-49.08634,-24.99376],[-49.08662,-24.99495],[-49.08659,-24.99518],[-49.08645,-24.99538],[-49.08631,-24.99549],[-49.08608,-24.99556],[-49.0857,-24.99558],[-49.08553,-24.99563],[-49.08531,-24.99583],[-49.08503,-24.99621],[-49.08486,-24.99629],[-49.08464,-24.99632],[-49.08439,-24.99627],[-49.0842,-24.99615],[-49.08403,-24.99605],[-49.08387,-24.996],[-49.08361,-24.99597],[-49.08337,-24.99601],[-49.08315,-24.99612],[-49.08299,-24.99623],[-49.08279,-24.99647],[-49.08258,-24.9967],[-49.08241,-24.99682],[-49.08102,-24.99728],[-49.08071,-24.99729],[-49.08042,-24.99726],[-49.08026,-24.99729],[-49.08011,-24.99735],[-49.08,-24.99744],[-49.07992,-24.99765],[-49.07994,-24.99786],[-49.08059,-24.99945],[-49.0806,-24.99971],[-49.0805,-24.99993],[-49.07994,-25.0006],[-49.07986,-25.00075],[-49.07984,-25.00106],[-49.07973,-25.00295],[-49.07969,-25.00323],[-49.07959,-25.00341],[-49.07943,-25.00369],[-49.07935,-25.00396],[-49.07935,-25.00417],[-49.07942,-25.0044],[-49.07977,-25.00526],[-49.0798,-25.00555],[-49.07978,-25.00583],[-49.07913,-25.00859],[-49.07915,-25.00886],[-49.07983,-25.01088],[-49.07993,-25.01123],[-49.07995,-25.01153],[-49.07991,-25.01184],[-49.079,-25.01518],[-49.07889,-25.01535],[-49.07866,-25.0155],[-49.07479,-25.01814],[-49.07462,-25.01834],[-49.07457,-25.01849],[-49.07444,-25.01975],[-49.07431,-25.02015],[-49.07408,-25.02078],[-49.07391,-25.02097],[-49.07372,-25.02124],[-49.0737,-25.02148],[-49.07389,-25.02202],[-49.07388,-25.02376],[-49.07378,-25.02393],[-49.07357,-25.0241],[-49.07324,-25.02427],[-49.073,-25.02445],[-49.07293,-25.02469],[-49.07297,-25.02497],[-49.07443,-25.02751],[-49.07482,-25.02819],[-49.07497,-25.02845],[-49.07519,-25.02879],[-49.07537,-25.0291],[-49.07565,-25.02953],[-49.07572,-25.02982],[-49.07564,-25.03001],[-49.07556,-25.0302],[-49.0724,-25.03501],[-49.07234,-25.03516],[-49.07233,-25.03533],[-49.07244,-25.03556],[-49.07362,-25.03679],[-49.07373,-25.03696],[-49.07378,-25.03711],[-49.07376,-25.03743],[-49.07359,-25.03825],[-49.07358,-25.03851],[-49.0737,-25.03874],[-49.07393,-25.03897],[-49.07839,-25.04212],[-49.07891,-25.0424],[-49.07943,-25.04254],[-49.08028,-25.04264],[-49.08172,-25.04283],[-49.08232,-25.04292],[-49.08279,-25.04306],[-49.08354,-25.04338],[-49.08656,-25.045],[-49.08731,-25.04525],[-49.08753,-25.04536],[-49.08763,-25.04553],[-49.08771,-25.04574],[-49.08769,-25.04597],[-49.08657,-25.04889],[-49.08649,-25.04914],[-49.0864,-25.04938],[-49.08625,-25.04972],[-49.08612,-25.05006],[-49.08614,-25.05027],[-49.08627,-25.05048],[-49.08643,-25.05058],[-49.08665,-25.05059],[-49.08712,-25.05048],[-49.08745,-25.05051],[-49.08764,-25.05066],[-49.08773,-25.0509],[-49.08775,-25.05118],[-49.08773,-25.05161],[-49.08765,-25.05217],[-49.08765,-25.0523],[-49.08768,-25.05248],[-49.08781,-25.05272],[-49.08794,-25.05302],[-49.08796,-25.05318],[-49.08794,-25.05335],[-49.08768,-25.05428],[-49.08752,-25.05453],[-49.08728,-25.05469],[-49.08574,-25.05552],[-49.08534,-25.05579],[-49.08503,-25.05608],[-49.08449,-25.05671],[-49.08407,-25.05722],[-49.08368,-25.05774],[-49.08343,-25.05802],[-49.08323,-25.05817],[-49.08295,-25.05825],[-49.0827,-25.05834],[-49.08251,-25.05843],[-49.08238,-25.05861],[-49.08236,-25.05879],[-49.0824,-25.05898],[-49.0825,-25.05915],[-49.0827,-25.05924],[-49.0829,-25.05925],[-49.08313,-25.05912],[-49.0834,-25.05881],[-49.08351,-25.05867],[-49.08375,-25.0585],[-49.08425,-25.0584],[-49.08465,-25.05838],[-49.08583,-25.05886],[-49.08611,-25.05904],[-49.08621,-25.05929],[-49.0862,-25.05952],[-49.08607,-25.06041],[-49.08604,-25.06067],[-49.08609,-25.06082],[-49.08628,-25.06099],[-49.08683,-25.06114],[-49.08744,-25.06111],[-49.08809,-25.06121],[-49.0885,-25.06131],[-49.08884,-25.06157],[-49.08896,-25.06188],[-49.0889,-25.06221],[-49.08882,-25.06273],[-49.08893,-25.06314],[-49.08914,-25.06336],[-49.08946,-25.06357],[-49.08964,-25.06377],[-49.08973,-25.064],[-49.08972,-25.06423],[-49.08968,-25.06464],[-49.08979,-25.06488],[-49.08993,-25.06506],[-49.09038,-25.06533],[-49.09055,-25.06558],[-49.09058,-25.06591],[-49.09052,-25.06644],[-49.09047,-25.06678],[-49.09032,-25.06706],[-49.09004,-25.06732],[-49.08876,-25.06846],[-49.08842,-25.06883],[-49.0883,-25.0691],[-49.08832,-25.06936],[-49.08839,-25.06958],[-49.08852,-25.06974],[-49.08903,-25.06999],[-49.08924,-25.07014],[-49.0897,-25.07106],[-49.08984,-25.07132],[-49.08982,-25.07157],[-49.08969,-25.07199],[-49.08938,-25.07245],[-49.08911,-25.07285],[-49.08902,-25.07326],[-49.08902,-25.07349],[-49.08913,-25.07375],[-49.08926,-25.07403],[-49.08923,-25.07425],[-49.08845,-25.07574],[-49.08823,-25.07605],[-49.08776,-25.07656],[-49.08727,-25.07712],[-49.08696,-25.07745],[-49.08594,-25.07866],[-49.08536,-25.07935],[-49.08457,-25.08085],[-49.08441,-25.08136],[-49.08441,-25.08162],[-49.0845,-25.08186],[-49.08472,-25.08205],[-49.08549,-25.08239],[-49.08607,-25.08269],[-49.08632,-25.08283],[-49.08659,-25.08285],[-49.08689,-25.08281],[-49.08711,-25.08272],[-49.08753,-25.08239],[-49.08768,-25.08232],[-49.08791,-25.0823],[-49.08813,-25.08235],[-49.08834,-25.08248],[-49.0886,-25.08326],[-49.08869,-25.0835],[-49.08884,-25.08365],[-49.08907,-25.08376],[-49.0894,-25.08386],[-49.08967,-25.08395],[-49.09071,-25.08433],[-49.09105,-25.08456],[-49.09117,-25.08469],[-49.09123,-25.08482],[-49.09122,-25.08505],[-49.09111,-25.08526],[-49.09083,-25.08582],[-49.09077,-25.0861],[-49.09085,-25.08638],[-49.09109,-25.08686],[-49.09115,-25.0871],[-49.09118,-25.0873],[-49.09121,-25.08759],[-49.09128,-25.08779],[-49.0914,-25.08799],[-49.0916,-25.08815],[-49.09245,-25.08868],[-49.09267,-25.08883],[-49.09281,-25.08898],[-49.0929,-25.08935],[-49.09293,-25.0897],[-49.09302,-25.08988],[-49.09314,-25.09001],[-49.0933,-25.09014],[-49.09358,-25.09022],[-49.09409,-25.09029],[-49.09434,-25.09041],[-49.09459,-25.09063],[-49.0951,-25.09099],[-49.09528,-25.09114],[-49.09534,-25.09131],[-49.09531,-25.09157],[-49.09524,-25.09211],[-49.09526,-25.09228],[-49.09533,-25.09236],[-49.09557,-25.09251],[-49.09602,-25.09266],[-49.09621,-25.09276],[-49.09634,-25.09289],[-49.0964,-25.09311],[-49.09639,-25.09354],[-49.09599,-25.09612],[-49.09585,-25.09701],[-49.09589,-25.09804],[-49.09592,-25.09824],[-49.09604,-25.09849],[-49.09657,-25.09941],[-49.09674,-25.09964],[-49.097,-25.09978],[-49.0973,-25.09988],[-49.09876,-25.0999],[-49.0991,-25.09982],[-49.0998,-25.09946],[-49.10006,-25.09942],[-49.10034,-25.09943],[-49.10097,-25.0996],[-49.10116,-25.09962],[-49.10153,-25.09956],[-49.10168,-25.09956],[-49.10185,-25.09958],[-49.10228,-25.09975],[-49.10254,-25.0998],[-49.10271,-25.09978],[-49.10283,-25.09973],[-49.10296,-25.09961],[-49.10303,-25.09944],[-49.10311,-25.09906],[-49.10318,-25.0989],[-49.10331,-25.09878],[-49.10347,-25.09872],[-49.10366,-25.0987],[-49.10388,-25.09878],[-49.1042,-25.09898],[-49.10482,-25.09941],[-49.1051,-25.09958],[-49.10537,-25.09964],[-49.10635,-25.09963],[-49.10654,-25.09965],[-49.10669,-25.09971],[-49.10691,-25.09989],[-49.10713,-25.10009],[-49.10725,-25.10017],[-49.10745,-25.10017],[-49.10787,-25.10009],[-49.10809,-25.10009],[-49.10828,-25.10015],[-49.10843,-25.10027],[-49.10851,-25.10047],[-49.10852,-25.10075],[-49.10853,-25.10103],[-49.10859,-25.10125],[-49.1087,-25.10137],[-49.10889,-25.10147],[-49.10935,-25.10157],[-49.10965,-25.10165],[-49.1099,-25.10176],[-49.11009,-25.10188],[-49.1103,-25.10196],[-49.11051,-25.10199],[-49.11071,-25.10197],[-49.11101,-25.1019],[-49.11127,-25.10192],[-49.11148,-25.10204],[-49.11218,-25.10249],[-49.11234,-25.10268],[-49.11235,-25.10293],[-49.11201,-25.10356],[-49.11204,-25.10367],[-49.11229,-25.10411],[-49.11235,-25.10429],[-49.11234,-25.1044],[-49.11229,-25.10455],[-49.11218,-25.10468],[-49.11198,-25.10478],[-49.11175,-25.10486],[-49.11145,-25.10495],[-49.11119,-25.10503],[-49.11076,-25.10521],[-49.11049,-25.10534],[-49.1104,-25.10544],[-49.11037,-25.10554],[-49.11029,-25.10605],[-49.11019,-25.10623],[-49.10987,-25.10656],[-49.1096,-25.10675],[-49.10929,-25.10688],[-49.10889,-25.10701],[-49.10868,-25.10714],[-49.10794,-25.10779],[-49.10761,-25.10807],[-49.10744,-25.10826],[-49.1073,-25.10867],[-49.10716,-25.10898],[-49.10694,-25.10915],[-49.10668,-25.10924],[-49.10645,-25.10922],[-49.10625,-25.10914],[-49.10581,-25.10869],[-49.10567,-25.10857],[-49.10551,-25.10852],[-49.10442,-25.10848],[-49.10424,-25.10847],[-49.10412,-25.10848],[-49.10402,-25.10852],[-49.10352,-25.10902],[-49.1021,-25.11056],[-49.10194,-25.11069],[-49.10178,-25.11076],[-49.10159,-25.11081],[-49.10119,-25.11086],[-49.101,-25.11089],[-49.10086,-25.11094],[-49.10014,-25.11153],[-49.09976,-25.11189],[-49.09967,-25.11202],[-49.09962,-25.11218],[-49.09961,-25.11247],[-49.09965,-25.11287],[-49.09971,-25.1136],[-49.09983,-25.11417],[-49.09986,-25.11427],[-49.09989,-25.11435],[-49.10024,-25.11489],[-49.10029,-25.11508],[-49.10027,-25.11527],[-49.10019,-25.11551],[-49.09972,-25.11613],[-49.0996,-25.11625],[-49.09947,-25.11634],[-49.09853,-25.11683],[-49.09831,-25.11701],[-49.09817,-25.11722],[-49.09805,-25.1176],[-49.09803,-25.11769],[-49.09785,-25.11803],[-49.09759,-25.11839],[-49.09753,-25.11853],[-49.09748,-25.11868],[-49.09746,-25.1191],[-49.09743,-25.11923],[-49.09737,-25.11936],[-49.09724,-25.11954],[-49.09687,-25.11982],[-49.09622,-25.1202],[-49.09602,-25.12026],[-49.09575,-25.12029],[-49.09542,-25.12033],[-49.09524,-25.12039],[-49.0951,-25.12048],[-49.09503,-25.12063],[-49.09503,-25.12081],[-49.09511,-25.121],[-49.09528,-25.12113],[-49.09549,-25.12123],[-49.09595,-25.12131],[-49.09631,-25.12137],[-49.09683,-25.12141],[-49.09694,-25.1214],[-49.09706,-25.12135],[-49.09739,-25.12111],[-49.09782,-25.12084],[-49.09793,-25.12076],[-49.09804,-25.12068],[-49.0986,-25.12017],[-49.09877,-25.11999],[-49.09894,-25.11982],[-49.09911,-25.11969],[-49.09939,-25.11958],[-49.09971,-25.11956],[-49.10026,-25.11958],[-49.10046,-25.1196],[-49.10061,-25.11965],[-49.10074,-25.11975],[-49.10085,-25.11987],[-49.10087,-25.11997],[-49.10089,-25.12011],[-49.10085,-25.12023],[-49.10073,-25.12038],[-49.10029,-25.12079],[-49.10022,-25.12087],[-49.10015,-25.12097],[-49.09943,-25.12244],[-49.09938,-25.1226],[-49.09937,-25.12277],[-49.09939,-25.12295],[-49.09974,-25.12402],[-49.09984,-25.12429],[-49.09993,-25.12441],[-49.10008,-25.1245],[-49.10066,-25.12481],[-49.10076,-25.12492],[-49.10079,-25.12505],[-49.10077,-25.12521],[-49.1006,-25.12575],[-49.10061,-25.12588],[-49.10068,-25.126],[-49.10237,-25.12741],[-49.10244,-25.12754],[-49.10247,-25.12765],[-49.1025,-25.12791],[-49.10254,-25.12834],[-49.10265,-25.12859],[-49.10282,-25.12873],[-49.1034,-25.12902],[-49.10348,-25.12909],[-49.10354,-25.12918],[-49.10358,-25.12928],[-49.10362,-25.12944],[-49.10363,-25.12975],[-49.10366,-25.12991],[-49.10373,-25.13002],[-49.10385,-25.13013],[-49.10415,-25.13038],[-49.10446,-25.13083],[-49.10452,-25.13098],[-49.10459,-25.13114],[-49.1046,-25.13131],[-49.10455,-25.13152],[-49.10444,-25.13183],[-49.10442,-25.13201],[-49.10442,-25.13218],[-49.10469,-25.13288],[-49.10472,-25.133],[-49.10473,-25.13313],[-49.10469,-25.13326],[-49.10434,-25.13402],[-49.10422,-25.13438],[-49.10418,-25.13461],[-49.10416,-25.13483],[-49.10404,-25.13526],[-49.10395,-25.1355],[-49.10381,-25.13575],[-49.10374,-25.13584],[-49.10365,-25.13595],[-49.10298,-25.13656],[-49.10292,-25.13666],[-49.1029,-25.13678],[-49.10291,-25.13692],[-49.10299,-25.13705],[-49.10311,-25.13714],[-49.10331,-25.13721],[-49.10365,-25.13729],[-49.10375,-25.13732],[-49.10385,-25.13737],[-49.10394,-25.13743],[-49.10422,-25.13771],[-49.10433,-25.13785],[-49.10445,-25.13796],[-49.10469,-25.13806],[-49.10492,-25.13806],[-49.10515,-25.13796],[-49.10546,-25.13782],[-49.10577,-25.1377],[-49.10605,-25.1377],[-49.10628,-25.13773],[-49.1065,-25.13783],[-49.10674,-25.13801],[-49.10692,-25.13822],[-49.10696,-25.13846],[-49.10693,-25.13862],[-49.10664,-25.13899],[-49.10646,-25.1392],[-49.10634,-25.1394],[-49.10626,-25.13987],[-49.10619,-25.14006],[-49.10567,-25.14097],[-49.10548,-25.1414],[-49.10541,-25.14167],[-49.10539,-25.14194],[-49.10547,-25.14234],[-49.10602,-25.14348],[-49.10619,-25.14375],[-49.10635,-25.14409],[-49.10652,-25.1446],[-49.10677,-25.14526],[-49.10688,-25.14546],[-49.10704,-25.14567],[-49.10908,-25.14764],[-49.10923,-25.1478],[-49.1093,-25.14799],[-49.10929,-25.14819],[-49.1092,-25.14835],[-49.10908,-25.14845],[-49.10893,-25.14864],[-49.1088,-25.14884],[-49.10877,-25.14897],[-49.10875,-25.14922],[-49.10876,-25.14974],[-49.10881,-25.14988],[-49.10889,-25.14997],[-49.10927,-25.15018],[-49.1095,-25.15035],[-49.10968,-25.15057],[-49.10995,-25.15103],[-49.11048,-25.15211],[-49.11059,-25.15235],[-49.11083,-25.15294],[-49.11105,-25.15365],[-49.11111,-25.15391],[-49.11111,-25.15412],[-49.11081,-25.15491],[-49.11074,-25.15519],[-49.11074,-25.15538],[-49.11076,-25.15555],[-49.11087,-25.15589],[-49.11103,-25.15636],[-49.11116,-25.15677],[-49.1113,-25.15703],[-49.11146,-25.15718],[-49.11173,-25.15734],[-49.11203,-25.15753],[-49.1123,-25.15777],[-49.11249,-25.15795],[-49.11261,-25.15813],[-49.11332,-25.15968],[-49.11344,-25.15998],[-49.11352,-25.16027],[-49.11344,-25.16082],[-49.11333,-25.16155],[-49.11322,-25.16229],[-49.1131,-25.16294],[-49.11298,-25.1638],[-49.11283,-25.16535],[-49.11279,-25.16555],[-49.11277,-25.16575],[-49.11278,-25.16609],[-49.11298,-25.16658],[-49.11304,-25.16677],[-49.11313,-25.16697],[-49.11328,-25.16722],[-49.11338,-25.16735],[-49.11352,-25.16747],[-49.11365,-25.16756],[-49.11377,-25.16764],[-49.11394,-25.1677],[-49.11424,-25.16781],[-49.11448,-25.16791],[-49.11471,-25.16812],[-49.1148,-25.16835],[-49.11479,-25.16861],[-49.11471,-25.16883],[-49.11451,-25.16922],[-49.11407,-25.16984]]}},{"type":"Feature","properties":{"n":"","h":"residential"},"geometry":{"type":"LineString","coordinates":[[-49.31112,-25.17065],[-49.31101,-25.17073],[-49.31087,-25.17077],[-49.31075,-25.17076],[-49.31067,-25.17077]]}},{"type":"Feature","properties":{"n":"","h":"residential"},"geometry":{"type":"LineString","coordinates":[[-49.31771,-25.1712],[-49.31762,-25.17116]]}},{"type":"Feature","properties":{"n":"","h":"residential"},"geometry":{"type":"LineString","coordinates":[[-49.30194,-25.17109],[-49.30206,-25.1713],[-49.30212,-25.17139],[-49.30232,-25.17161],[-49.3024,-25.17166],[-49.30257,-25.17174],[-49.30293,-25.17172],[-49.30342,-25.17176],[-49.30371,-25.17176],[-49.30443,-25.17184]]}},{"type":"Feature","properties":{"n":"Rua Belmiro Gouveia","h":"tertiary"},"geometry":{"type":"LineString","coordinates":[[-49.32359,-25.20487],[-49.32365,-25.20482],[-49.32376,-25.20477],[-49.32388,-25.20475],[-49.32399,-25.20473],[-49.32412,-25.20469],[-49.32425,-25.20464],[-49.32436,-25.2046],[-49.32441,-25.20457],[-49.32446,-25.20452],[-49.3245,-25.20439],[-49.3245,-25.20423],[-49.32452,-25.20406],[-49.32456,-25.20385]]}},{"type":"Feature","properties":{"n":"Rua Machado de Assis","h":"residential"},"geometry":{"type":"LineString","coordinates":[[-49.3222,-25.20365],[-49.32205,-25.20347]]}},{"type":"Feature","properties":{"n":"Rua Luiz Machioro","h":"residential"},"geometry":{"type":"LineString","coordinates":[[-49.31649,-25.20209],[-49.31714,-25.20173]]}},{"type":"Feature","properties":{"n":"","h":"residential"},"geometry":{"type":"LineString","coordinates":[[-49.32423,-25.20934],[-49.32412,-25.20921]]}},{"type":"Feature","properties":{"n":"","h":"residential"},"geometry":{"type":"LineString","coordinates":[[-49.32069,-25.20818],[-49.32069,-25.20838]]}},{"type":"Feature","properties":{"n":"","h":"residential"},"geometry":{"type":"LineString","coordinates":[[-49.31426,-25.19685],[-49.31432,-25.19675],[-49.31442,-25.19635]]}},{"type":"Feature","properties":{"n":"","h":"residential"},"geometry":{"type":"LineString","coordinates":[[-49.31421,-25.19542],[-49.31429,-25.1953],[-49.3143,-25.19515]]}},{"type":"Feature","properties":{"n":"Rua Ana Cristo","h":"residential"},"geometry":{"type":"LineString","coordinates":[[-49.31757,-25.20233],[-49.31785,-25.20266],[-49.31794,-25.20278]]}},{"type":"Feature","properties":{"n":"Rua Santa Mônica","h":"residential"},"geometry":{"type":"LineString","coordinates":[[-49.31785,-25.20266],[-49.31813,-25.20243]]}},{"type":"Feature","properties":{"n":"","h":"residential"},"geometry":{"type":"LineString","coordinates":[[-49.31714,-25.20173],[-49.31725,-25.20169]]}},{"type":"Feature","properties":{"n":"Avenida Nossa Senhora do Amparo","h":"tertiary"},"geometry":{"type":"LineString","coordinates":[[-49.31941,-25.20489],[-49.31924,-25.20491],[-49.31906,-25.20485],[-49.31891,-25.20474],[-49.3184,-25.20424]]}},{"type":"Feature","properties":{"n":"","h":"residential"},"geometry":{"type":"LineString","coordinates":[[-49.30909,-25.18968],[-49.30959,-25.18969]]}},{"type":"Feature","properties":{"n":"","h":"track"},"geometry":{"type":"LineString","coordinates":[[-49.40994,-25.1611],[-49.41019,-25.16131],[-49.41029,-25.16132],[-49.41039,-25.16127],[-49.41056,-25.16113],[-49.41069,-25.16098],[-49.41079,-25.1608],[-49.4109,-25.16065],[-49.41093,-25.16055],[-49.41089,-25.16043],[-49.41078,-25.16033],[-49.4107,-25.16016],[-49.4107,-25.15995],[-49.41067,-25.15979],[-49.41058,-25.15965],[-49.41047,-25.15956],[-49.41028,-25.15941],[-49.41012,-25.15932],[-49.41,-25.15927],[-49.40988,-25.1592],[-49.40972,-25.15911],[-49.40954,-25.15899],[-49.40947,-25.15885],[-49.40933,-25.15868],[-49.40901,-25.15889]]}},{"type":"Feature","properties":{"n":"Rua das Rosas","h":"residential"},"geometry":{"type":"LineString","coordinates":[[-49.30934,-25.16903],[-49.30866,-25.16932],[-49.30852,-25.16933]]}},{"type":"Feature","properties":{"n":"Rua Rodrigues Alves","h":"residential"},"geometry":{"type":"LineString","coordinates":[[-49.32267,-25.20332],[-49.32217,-25.20297]]}},{"type":"Feature","properties":{"n":"Rua Três","h":"track"},"geometry":{"type":"LineString","coordinates":[[-49.30333,-25.18341],[-49.3032,-25.18327],[-49.30313,-25.18304],[-49.30306,-25.18292],[-49.30264,-25.18247],[-49.30239,-25.18216]]}},{"type":"Feature","properties":{"n":"","h":"residential"},"geometry":{"type":"LineString","coordinates":[[-49.3135,-25.19006],[-49.31375,-25.19005],[-49.31402,-25.19004],[-49.31418,-25.19003],[-49.31427,-25.19003]]}},{"type":"Feature","properties":{"n":"","h":"unclassified"},"geometry":{"type":"LineString","coordinates":[[-49.40524,-25.09593],[-49.40457,-25.09662],[-49.40433,-25.09686],[-49.40429,-25.0969],[-49.40412,-25.09706],[-49.40409,-25.09715],[-49.40406,-25.09724],[-49.40402,-25.0973],[-49.40394,-25.0974],[-49.4039,-25.09746],[-49.40386,-25.09749],[-49.40381,-25.09749],[-49.40376,-25.09747],[-49.40372,-25.09744]]}},{"type":"Feature","properties":{"n":"","h":"unclassified"},"geometry":{"type":"LineString","coordinates":[[-49.40433,-25.09686],[-49.40428,-25.09709],[-49.4042,-25.09731],[-49.40411,-25.09754],[-49.40405,-25.09763],[-49.40401,-25.0977],[-49.40396,-25.09775],[-49.40385,-25.09779],[-49.40375,-25.09779],[-49.40365,-25.09778],[-49.40358,-25.0978],[-49.40353,-25.09784],[-49.4035,-25.09796],[-49.40345,-25.09824]]}},{"type":"Feature","properties":{"n":"","h":"unclassified"},"geometry":{"type":"LineString","coordinates":[[-49.40236,-25.09743],[-49.40217,-25.09662],[-49.40214,-25.09646],[-49.40213,-25.09636],[-49.40214,-25.09627],[-49.4022,-25.09617],[-49.40229,-25.09609],[-49.40238,-25.09602],[-49.40253,-25.09597],[-49.40267,-25.09595],[-49.40289,-25.09594],[-49.40328,-25.09581],[-49.40333,-25.09579],[-49.40339,-25.09576],[-49.40344,-25.09568],[-49.40347,-25.09561],[-49.40366,-25.09503],[-49.40368,-25.09497],[-49.40372,-25.0949],[-49.40378,-25.09483],[-49.40389,-25.09477],[-49.40405,-25.09469],[-49.40484,-25.0942],[-49.40543,-25.09381],[-49.40549,-25.09376],[-49.40554,-25.09369],[-49.40559,-25.0936],[-49.40559,-25.09354],[-49.40558,-25.09348],[-49.40556,-25.09345],[-49.40553,-25.09341],[-49.40549,-25.09338]]}},{"type":"Feature","properties":{"n":"","h":"unclassified"},"geometry":{"type":"LineString","coordinates":[[-49.4024,-25.0978],[-49.40236,-25.09743]]}},{"type":"Feature","properties":{"n":"","h":"unclassified"},"geometry":{"type":"LineString","coordinates":[[-49.40236,-25.09743],[-49.4024,-25.09748],[-49.40245,-25.09753],[-49.40257,-25.09756]]}},{"type":"Feature","properties":{"n":"Rua Domingos Alessandro Nodari","h":"tertiary"},"geometry":{"type":"LineString","coordinates":[[-49.31309,-25.18483],[-49.31333,-25.18466],[-49.31357,-25.18444],[-49.31376,-25.18428],[-49.31393,-25.18413],[-49.31412,-25.18395],[-49.31431,-25.18385],[-49.31437,-25.18383]]}},{"type":"Feature","properties":{"n":"","h":"unclassified"},"geometry":{"type":"LineString","coordinates":[[-49.37013,-25.13755],[-49.37018,-25.1376],[-49.37017,-25.13777],[-49.37,-25.13801],[-49.36979,-25.13827],[-49.36907,-25.1393]]}},{"type":"Feature","properties":{"n":"Rua Manoel Pinto Ferro","h":"tertiary"},"geometry":{"type":"LineString","coordinates":[[-49.31069,-25.19114],[-49.31115,-25.19118],[-49.31162,-25.19117],[-49.31191,-25.19113]]}},{"type":"Feature","properties":{"n":"Rua Generoso Marques","h":"tertiary"},"geometry":{"type":"LineString","coordinates":[[-49.31069,-25.19114],[-49.31049,-25.19109],[-49.31036,-25.19107],[-49.31023,-25.19108]]}},{"type":"Feature","properties":{"n":"Rua da ESCOLA.","h":"residential"},"geometry":{"type":"LineString","coordinates":[[-49.30389,-25.18304],[-49.30484,-25.18428],[-49.30465,-25.18447]]}},{"type":"Feature","properties":{"n":"","h":"unclassified"},"geometry":{"type":"LineString","coordinates":[[-49.4877,-24.93017],[-49.48808,-24.93056],[-49.48826,-24.93067]]}},{"type":"Feature","properties":{"n":"","h":"unclassified"},"geometry":{"type":"LineString","coordinates":[[-49.48826,-24.93067],[-49.4884,-24.93072]]}},{"type":"Feature","properties":{"n":"","h":"unclassified"},"geometry":{"type":"LineString","coordinates":[[-49.48646,-24.93037],[-49.48596,-24.9302],[-49.48535,-24.93004],[-49.4845,-24.93012]]}},{"type":"Feature","properties":{"n":"","h":"unclassified"},"geometry":{"type":"LineString","coordinates":[[-49.48666,-24.93031],[-49.48646,-24.93037]]}},{"type":"Feature","properties":{"n":"","h":"unclassified"},"geometry":{"type":"LineString","coordinates":[[-49.4884,-24.93072],[-49.48859,-24.93076],[-49.48931,-24.93107],[-49.48956,-24.93132],[-49.49008,-24.93203],[-49.49041,-24.93226],[-49.49088,-24.93238],[-49.49101,-24.93251],[-49.49096,-24.93295],[-49.49127,-24.9334],[-49.49183,-24.93357],[-49.49225,-24.93388],[-49.49246,-24.93453],[-49.49317,-24.93496]]}},{"type":"Feature","properties":{"n":"","h":"unclassified"},"geometry":{"type":"LineString","coordinates":[[-49.49317,-24.93496],[-49.49339,-24.93511]]}},{"type":"Feature","properties":{"n":"","h":"unclassified"},"geometry":{"type":"LineString","coordinates":[[-49.45975,-25.04915],[-49.45999,-25.04929],[-49.46047,-25.04942],[-49.46069,-25.04951],[-49.46107,-25.04961],[-49.4613,-25.04967],[-49.46147,-25.04975],[-49.46184,-25.04989],[-49.46193,-25.04999],[-49.46192,-25.05013],[-49.46183,-25.05053],[-49.46158,-25.0509],[-49.46153,-25.05102],[-49.46158,-25.05122],[-49.46158,-25.05137],[-49.46149,-25.05163],[-49.46122,-25.05191],[-49.46119,-25.05203],[-49.46127,-25.05228],[-49.4612,-25.05244],[-49.46113,-25.0526],[-49.46116,-25.05288],[-49.46125,-25.05311],[-49.46137,-25.05347],[-49.46153,-25.05388],[-49.46171,-25.05405],[-49.46186,-25.05414],[-49.46206,-25.05431],[-49.46216,-25.05437],[-49.4624,-25.05444],[-49.46248,-25.05453],[-49.46247,-25.05473],[-49.46257,-25.05498],[-49.46272,-25.05514],[-49.46306,-25.05526],[-49.46312,-25.05533],[-49.46309,-25.0554],[-49.46296,-25.0554],[-49.46235,-25.05522],[-49.46194,-25.05508],[-49.46164,-25.05505],[-49.4613,-25.05513],[-49.46114,-25.05527],[-49.46102,-25.05535],[-49.46092,-25.05536],[-49.46084,-25.0554],[-49.46058,-25.0557],[-49.45996,-25.05615],[-49.45997,-25.05622],[-49.45995,-25.05628],[-49.45981,-25.05644],[-49.45972,-25.05644],[-49.45965,-25.05648],[-49.45947,-25.05677]]}},{"type":"Feature","properties":{"n":"","h":"unclassified"},"geometry":{"type":"LineString","coordinates":[[-49.45974,-25.04907],[-49.45975,-25.04915]]}},{"type":"Feature","properties":{"n":"","h":"tertiary"},"geometry":{"type":"LineString","coordinates":[[-49.39884,-25.09705],[-49.39886,-25.09676],[-49.39883,-25.09656],[-49.39891,-25.09647],[-49.39899,-25.09636],[-49.399,-25.09635]]}},{"type":"Feature","properties":{"n":"","h":"tertiary"},"geometry":{"type":"LineString","coordinates":[[-49.399,-25.09635],[-49.39906,-25.09629]]}},{"type":"Feature","properties":{"n":"","h":"residential"},"geometry":{"type":"LineString","coordinates":[[-49.29155,-25.19478],[-49.29144,-25.19478],[-49.29137,-25.19477],[-49.29132,-25.19476],[-49.29129,-25.19475],[-49.29127,-25.19472],[-49.29125,-25.1947],[-49.29117,-25.19427]]}}]}